statement ok
START TRANSACTION

statement ok
CREATE TABLE simple_table("id" INTEGER)

statement ok
INSERT INTO simple_table VALUES (1),(2),(3),(4),(5)

query I rowsort
SELECT COUNT(*) AS val FROM simple_table ORDER BY val DESC
----
5

query I rowsort
SELECT COUNT(*) AS val FROM simple_table ORDER BY val DESC LIMIT 5
----
5

query I rowsort
SELECT COUNT(*) AS val FROM simple_table HAVING 1 > 0 ORDER BY val DESC LIMIT 5
----
5

statement ok
ROLLBACK

