statement ok
CREATE TABLE INTERVAL_TBL (f1 interval second)

statement ok
INSERT INTO INTERVAL_TBL (f1) VALUES (interval '1' second), (interval '2' second), (interval '3' second), (interval '4' second)

query ITTTTT rowsort
SELECT count(f1), sum(f1), avg(f1), median(f1), max(f1), min(f1) FROM INTERVAL_TBL
----
4
0:00:10
0:00:02
0:00:02
0:00:04
0:00:01

statement ok
CREATE TABLE INTERVAL_TBL2 (f1 interval month)

statement ok
INSERT INTO INTERVAL_TBL2 (f1) VALUES (interval '1' month), (interval '2' month), (interval '3' month), (interval '4' month)

query ITTTTT rowsort
SELECT count(f1), sum(f1), avg(f1), median(f1), max(f1), min(f1) FROM INTERVAL_TBL2
----
4
10
3
2
4
1

statement error
SELECT median_avg(f1) from INTERVAL_TBL

statement error
SELECT median_avg(f1) from INTERVAL_TBL2

statement ok
DROP TABLE INTERVAL_TBL

statement ok
DROP TABLE INTERVAL_TBL2

