statement ok
start transaction

statement ok
create table deterministic_insert (deterministic_insert timestamp)

statement ok
insert into deterministic_insert values (current_timestamp)

statement ok
create table x(
i integer,
t timestamp,
tn timestamp default null,
td timestamp default now(),
tc timestamp default current_timestamp)

statement ok
insert into x(i,t,td,tc) values(0,(select current_timestamp from deterministic_insert),(select current_timestamp from deterministic_insert),(select current_timestamp from deterministic_insert))

query ITTT rowsort
select i, tn, td - t, tc - t from x
----
0
NULL
0:00:00
0:00:00

statement ok
insert into x(i,t) values(0,now())

statement ok
drop table x

statement ok
drop table deterministic_insert

statement ok
create table x(
i integer,
t time,
tn time default null,
td time default now(),
tc time default current_time)

statement ok
create table other_deterministic_insert (other_deterministic_insert time)

statement ok
insert into other_deterministic_insert values (current_time)

statement ok
insert into x(i,t,td,tc) values(0,(select other_deterministic_insert from other_deterministic_insert),(select other_deterministic_insert from other_deterministic_insert),(select other_deterministic_insert from other_deterministic_insert))

query ITTT rowsort
select i, tn, td - t, tc - t from x
----
0
NULL
0:00:00
0:00:00

statement ok
insert into x(i,t) values(0,now())

statement ok
drop table x

statement ok
drop table other_deterministic_insert

statement ok
rollback

statement error
create table d(t timestamp default current_time, i integer)

statement ok
create table d(t time default current_timestamp, i integer)

statement ok
drop table d

