statement ok
START TRANSACTION

statement ok
CREATE TABLE PKTABLE ( ptest1 int, ptest2 int, ptest3 text, PRIMARY KEY(ptest1, ptest2) )

statement ok
CREATE TABLE FKTABLE ( ftest1 int, ftest2 int, ftest3 int, CONSTRAINT constrname FOREIGN KEY(ftest1, ftest2) REFERENCES PKTABLE MATCH FULL ON DELETE SET NULL ON UPDATE SET NULL)

statement ok
INSERT INTO PKTABLE VALUES (1, 2, 'Test1')

statement ok
INSERT INTO PKTABLE VALUES (1, 3, 'Test1-2')

statement ok
INSERT INTO PKTABLE VALUES (2, 4, 'Test2')

statement ok
INSERT INTO PKTABLE VALUES (5, 10, 'Test5')

query IIT rowsort
SELECT * FROM PKTABLE
----
1
2
Test1
1
3
Test1-2
2
4
Test2
5
10
Test5

statement ok
INSERT INTO FKTABLE VALUES (1, 2, 4)

statement ok
INSERT INTO FKTABLE VALUES (1, 3, 5)

statement ok
INSERT INTO FKTABLE VALUES (2, 4, 8)

statement ok
INSERT INTO FKTABLE VALUES (NULL, NULL, 0)

query III rowsort
SELECT * FROM FKTABLE
----
1
2
4
1
3
5
2
4
8
NULL
NULL
0

statement ok
DELETE FROM PKTABLE WHERE ptest1=1 and ptest2=2

statement ok
DELETE FROM PKTABLE WHERE ptest1=5 and ptest2=10

statement ok
ROLLBACK

