statement ok
start transaction

statement ok
create table t(r smallint,a smallint)

statement ok
insert into t values (1,42),(2,0),(3,null)

query II rowsort
select * from t
----
1
42
2
0
3
NULL

query I rowsort
select case when not (a is null) and a > 0.0 then r/a else -1 end as s from t
----
-1
-1
0

query R rowsort
select case when not (a is null) and a > 0.0 then 1.0*r/a else -1 end as r from t
----
-1.000
-1.000
0.020

statement ok
rollback

