statement ok
START TRANSACTION

statement ok
CREATE TABLE TEST1 (ONE int, TWO INT) 

statement ok
CREATE TABLE TEST2 (ONE int, TWO INT) 

statement ok
INSERT INTO TEST1 VALUES (1, 1) 

statement ok
INSERT INTO TEST2 VALUES (1, 1) 

query I rowsort
SELECT COUNT(*) FROM TEST1 JOIN TEST2 USING(ONE, TWO)
----
1

statement ok
CREATE INDEX ONEDEX ON TEST1 (ONE, TWO)

query I rowsort
SELECT COUNT(*) FROM TEST1 JOIN TEST2 USING(ONE, TWO)
----
1

statement ok
DROP INDEX ONEDEX

query I rowsort
SELECT COUNT(*) FROM TEST1 JOIN TEST2 USING(ONE, TWO)
----
1

statement ok
ROLLBACK

