statement ok
START TRANSACTION

statement ok
CREATE TABLE "sys"."table1" ("taskid" INTEGER, "cid" INTEGER)

statement ok
CREATE TABLE "sys"."table2" ("taskid" INTEGER, "cname" VARCHAR(255))

query IIIT rowsort
SELECT * FROM table1 t1 LEFT OUTER JOIN table2 t2 ON (t1.taskid = t2.taskid) WHERE (t1.cid IS NULL OR t1.cid = t2.taskid OR t2.cname = 'test')
----

query IIIT rowsort
SELECT * FROM table1 t1 LEFT OUTER JOIN table2 t2 ON (t1.taskid = t2.taskid) AND (t1.cid IS NULL OR t1.cid = t2.taskid)
----

query IIIT rowsort
SELECT * FROM table1 t1 LEFT OUTER JOIN table2 t2 ON (t1.taskid = t2.taskid) AND (t1.cid IS NULL OR t1.cid = t2.taskid OR t2.cname = 'test')
----

statement ok
ROLLBACK

