statement ok
start transaction

statement ok
create table a (k varchar(64),v boolean)

statement ok
insert into a values ('one',true),('two',false),('one',false)

statement ok
create table b (k varchar(64))

statement ok
insert into b values ('two'),('two'),('two')

query TI rowsort
select * from a
----
one
0
one
1
two
0

query T rowsort
select * from b
----
two
two
two

query TI rowsort
select k, v from a union all select k,NULL from b
----
one
0
one
1
two
0
two
NULL
two
NULL
two
NULL

query TII rowsort
select k,count(*),count(v) from (select k,v from a union all select k,null from b) as t(k,v) group by k order by count(*) desc
----
one
2
2
two
4
1

