statement ok
start transaction

statement ok
create table test3527 (
       a int,
       b int,
       c int
)

statement ok
copy 54 records into test3527 from stdin using delimiters ',',E'\n'
<COPY_INTO_DATA>
0,0,0
0,0,1
0,0,2
0,1,0
0,1,1
0,1,2
0,2,0
0,2,1
0,2,2
1,0,0
1,0,1
1,0,2
1,1,0
1,1,1
1,1,2
1,2,0
1,2,1
1,2,2
2,0,0
2,0,1
2,0,2
2,1,0
2,1,1
2,1,2
2,2,0
2,2,1
2,2,2
0,0,0
0,0,1
0,0,2
0,1,0
0,1,1
0,1,2
0,2,0
0,2,1
0,2,2
1,0,0
1,0,1
1,0,2
1,1,0
1,1,1
1,1,2
1,2,0
1,2,1
1,2,2
2,0,0
2,0,1
2,0,2
2,1,0
2,1,1
2,1,2
2,2,0
2,2,1
2,2,2

query III rowsort
select a,b,c from test3527 order by a,b,c limit 2
----
0
0
0
0
0
0

query III rowsort
select distinct a,b,c from test3527 order by a,b,c limit 2
----
0
0
0
0
0
1

statement ok
rollback

