statement ok
START TRANSACTION

statement ok
CREATE TABLE bug3512 (a VARCHAR(100) ) 

statement ok
INSERT INTO bug3512 (a) VALUES ('9999') 

statement ok
INSERT INTO bug3512 (a) VALUES ('32767') 

statement ok
INSERT INTO bug3512 (a) VALUES ('32768') 

statement ok
INSERT INTO bug3512 (a) VALUES ('327670') 

query T rowsort
SELECT * FROM bug3512 WHERE a > 8888
----
9999

statement ok
INSERT INTO bug3512 (a) VALUES ('0.0')

statement ok
INSERT INTO bug3512 (a) VALUES ('0.10')

statement ok
INSERT INTO bug3512 (a) VALUES ('9999.00') 

query T rowsort
SELECT * FROM bug3512 WHERE a = 9999
----
9999

statement ok
ROLLBACK

