statement ok
START TRANSACTION

statement ok
CREATE TABLE tst3552 (int_col integer)

statement ok
INSERT INTO tst3552 VALUES (1)

statement ok
INSERT INTO tst3552 VALUES (0)

query I rowsort
SELECT * FROM tst3552
----
0
1

query I rowsort
SELECT * FROM tst3552 WHERE int_col = 0
----
0

query I rowsort
SELECT * FROM tst3552 WHERE int_col <> 0
----
1

statement ok
ROLLBACK

