statement ok
start transaction

statement ok
create table t(a real, b real)

statement ok
insert into t values (null, 1), (2, 1)

query RR rowsort
select * from t
----
2.000
1.000
NULL
1.000

query R rowsort
select sum(a) from t
----
2.000

query R rowsort
select sum(a * b) from t
----
2.000

query RR rowsort
select sum(a), sum(a * b) from t
----
2.000
2.000

statement ok
rollback

