statement ok
create table foo (n int, m int)

statement ok
create table bar (n int, m int)

statement ok
insert into foo values (1,1), (2,1), (1,2), (3,1)

statement ok
insert into bar values (2,2), (3,2), (1,3), (3,3)

statement ok
create view fub as
    select * from foo
    union all
    select * from bar

query I nosort
select count(distinct n) from fub
----
3

query I nosort
select count(*) from (select distinct n from fub) as subq
----
3

