statement ok
create table t_8_1 (id int, name varchar(1024))

statement ok
create table t_8_2 (id int)

statement ok
create trigger test_8_1
	after insert on t_8_1 referencing new row as ins
	for each statement insert into t_8_2 values( ins.id )

statement ok
insert into t_8_1 values (1, 'testing')

query IT rowsort
select * from t_8_1
----
1
testing

query I rowsort
select * from t_8_2
----
1

statement ok
drop trigger test_8_1

statement ok
drop table t_8_1

statement ok
drop table t_8_2

