statement ok
create table t_7_1 (id int, name varchar(1024))

statement ok
insert into t_7_1 values(1, 'monetdb')

statement error
create trigger test_7_1
	after update on t_7_1
	create table t_7_2 (id int)

statement ok
update t_7_1 set name = 'mo' where id = 1

query T rowsort
select name from tables where name = 't_7_2'
----

statement error
drop trigger test_7_1

statement ok
create table t_7_2(id int)

statement error
create trigger test_7_1
	after update on t_7_1
	drop table t_7_2

statement ok
update t_7_1 set name = 'mo' where id = 1

query T rowsort
select name from sys.tables where name = 't_7_2'
----
t_7_2

statement error
drop trigger test_7_1

statement error
create trigger test_7_1
	after update on t_7_1
	alter table t_7_2 add column (name varchar(1024))

statement error
create trigger test_7_2
	after update on t_7_1
	create trigger test_7_2_1
		after update on t_7_1
		alter table t_7_2 add column (name varchar(1024))

statement error
create trigger test_7_3
	after update on t_7_1
	create view v1 as select * from t_7_1

statement error
create trigger test_7_4
	after update on t_7_1
	create function f1 (id int)
	returns boolean
	BEGIN
		if (id >0)
			then return true;
			else return false;
		end if;
	END

statement error
create trigger test_7_5
	after update on t_7_1
	create index id_index on t_7_2(id)

query T rowsort
select name from sys.tables where name = 'v1'
----

query T rowsort
select name from sys.functions where name = 'f1'
----

query T rowsort
select name from sys.idxs where name = 'id_index'
----

statement error
drop trigger test_7_1

statement error
drop trigger test_7_2

statement error
drop trigger test_7_3

statement error
drop trigger test_7_4

statement error
drop trigger test_7_5

statement ok
drop table t_7_2

statement ok
drop table t_7_1

