statement ok
CREATE TABLE testusers (
id INT NOT NULL AUTO_INCREMENT,
name VARCHAR(40),
fullname VARCHAR(100),
PRIMARY KEY (id)
)

statement ok
INSERT INTO testusers (id, name, fullname) VALUES (1, 'wendy', 'Wendy
Wones')

query ITT rowsort
select * from testusers
----
1
wendy
Wendy@Wones

statement error
INSERT INTO testusers (name, fullname) VALUES ('fred', 'Fred Flintstone')

query ITT rowsort
select * from testusers
----
1
wendy
Wendy@Wones

statement ok
INSERT INTO testusers (name, fullname) VALUES ('fred', 'Fred Flintstone')

query ITT rowsort
select * from testusers
----
1
wendy
Wendy@Wones
2
fred
Fred Flintstone

query I rowsort
select count(*) from sequences
----
1

statement ok
drop table testusers

query I rowsort
select count(*) from sequences
----
0

