statement ok
create table t1911991 (id int)

statement ok
insert into t1911991 values (0)

statement ok
insert into t1911991 values (1)

statement ok
insert into t1911991 values (2)

statement ok
insert into t1911991 values (3)

statement ok
insert into t1911991 values (4)

statement ok
insert into t1911991 values (5)

statement ok
insert into t1911991 values (6)

statement ok
insert into t1911991 values (7)

statement ok
insert into t1911991 values (8)

statement ok
insert into t1911991 values (9)

query I rowsort
select * from t1911991
----
0
1
2
3
4
5
6
7
8
9

query I rowsort
select * from t1911991 WHERE (id - 5) BETWEEN 2 AND 7
----
7
8
9

query I rowsort
select * from t1911991 WHERE (4 - id) BETWEEN 2 AND 7
----
0
1
2

statement ok
drop table t1911991

