statement ok
CREATE TABLE test_subquery(date int not null constraint pk_test_subquery primary key)

statement ok
INSERT into test_subquery values (19251231)

statement ok
INSERT into test_subquery values (19260102)

statement ok
INSERT into test_subquery values (19260104)

query I rowsort
select * from test_subquery
----
19251231
19260102
19260104

statement error
SELECT date, (SELECT date from test_subquery where date > t1892413a.date limit 1) as dtNext from test_subquery t1892413a

statement error
SELECT date, (SELECT date from test_subquery where date > t1892413a.date) as dtNext from test_subquery t1892413a

query II rowsort
SELECT date, (SELECT max(date) from test_subquery where date > t1892413a.date) as dtNext from test_subquery t1892413a
----
19251231
19260104
19260102
19260104
19260104
NULL

statement ok
drop table test_subquery

