statement ok
CREATE TABLE t1841754a (name TEXT, n INTEGER)

statement ok
CREATE TABLE t1841754b (name TEXT, n INTEGER)

statement ok
CREATE TABLE t1841754c (name TEXT, n INTEGER)

statement ok
INSERT INTO t1841754a VALUES ( 'aa', 11 )

statement ok
INSERT INTO t1841754b VALUES ( 'aa', 12 )

statement ok
INSERT INTO t1841754b VALUES ( 'bb', 22 )

statement ok
INSERT INTO t1841754b VALUES ( 'dd', 42 )

statement ok
INSERT INTO t1841754c VALUES ( 'aa', 13 )

statement ok
INSERT INTO t1841754c VALUES ( 'bb', 23 )

statement ok
INSERT INTO t1841754c VALUES ( 'cc', 33 )

query TII rowsort
SELECT * FROM t1841754a FULL JOIN t1841754b USING (name)
----
aa
11
12
bb
NULL
22
dd
NULL
42

query TIII rowsort
SELECT * FROM t1841754a FULL JOIN t1841754b USING (name) FULL JOIN t1841754c USING (name)
----
aa
11
12
13
bb
NULL
22
23
cc
NULL
NULL
33
dd
NULL
42
NULL

query TI rowsort
SELECT * FROM t1841754a natural FULL JOIN t1841754b 
----
aa
11
aa
12
bb
22
dd
42

query TI rowsort
SELECT * FROM t1841754a natural FULL JOIN t1841754b natural FULL JOIN t1841754c
----
aa
11
aa
12
aa
13
bb
22
bb
23
cc
33
dd
42

statement ok
drop table t1841754a

statement ok
drop table t1841754b

statement ok
drop table t1841754c

