statement ok
START TRANSACTION

query T rowsort
SELECT 'creating tables'
----
creating tables

statement ok
CREATE TABLE s4_kwm(urlid int,kwid int)

statement ok
CREATE TABLE s4_keywords(id int, kw string)

statement ok
CREATE TABLE kwTemp (id int, kw text)

statement ok
CREATE TABLE kwmTemp (urlid int, kwid int)

statement ok
COMMIT

statement ok
START TRANSACTION

query T rowsort
SELECT 'filling kwTemp'
----
filling kwTemp

statement ok
INSERT INTO kwtemp VALUES(1,'references')

statement ok
INSERT INTO kwtemp VALUES(2,'Socialsc')

statement ok
INSERT INTO kwtemp VALUES(3,'geog')

statement ok
INSERT INTO kwtemp VALUES(4,'nd')

statement ok
INSERT INTO kwtemp VALUES(5,'wz')

statement ok
INSERT INTO kwtemp VALUES(6,'twtrst')

statement ok
INSERT INTO kwtemp VALUES(7,'webquest')

statement ok
INSERT INTO kwtemp VALUES(8,'Resources')

statement ok
INSERT INTO kwtemp VALUES(9,'weather')

statement ok
INSERT INTO kwtemp VALUES(10,'huricane')

statement ok
INSERT INTO kwtemp VALUES(11,'whhistry')

statement ok
INSERT INTO kwtemp VALUES(12,'wfrancat')

statement ok
INSERT INTO kwtemp VALUES(13,'kugle')

statement ok
INSERT INTO kwtemp VALUES(14,'hko')

statement ok
INSERT INTO kwtemp VALUES(15,'informtc')

statement ok
INSERT INTO kwtemp VALUES(16,'informcc')

statement ok
INSERT INTO kwtemp VALUES(17,'data')

statement ok
INSERT INTO kwtemp VALUES(18,'hrd')

statement ok
INSERT INTO kwtemp VALUES(19,'tcfaq')

statement ok
INSERT INTO kwtemp VALUES(20,'tcfaqF')

statement ok
COMMIT

statement ok
START TRANSACTION

query T rowsort
SELECT 'filling kwmTemp'
----
filling kwmTemp

statement ok
INSERT INTO kwmtemp VALUES(1,1)

statement ok
INSERT INTO kwmtemp VALUES(1,2)

statement ok
INSERT INTO kwmtemp VALUES(1,3)

statement ok
INSERT INTO kwmtemp VALUES(1,4)

statement ok
INSERT INTO kwmtemp VALUES(2,5)

statement ok
INSERT INTO kwmtemp VALUES(2,6)

statement ok
INSERT INTO kwmtemp VALUES(3,7)

statement ok
INSERT INTO kwmtemp VALUES(3,8)

statement ok
INSERT INTO kwmtemp VALUES(4,9)

statement ok
INSERT INTO kwmtemp VALUES(4,10)

statement ok
INSERT INTO kwmtemp VALUES(4,11)

statement ok
INSERT INTO kwmtemp VALUES(5,9)

statement ok
INSERT INTO kwmtemp VALUES(5,12)

statement ok
INSERT INTO kwmtemp VALUES(6,13)

statement ok
INSERT INTO kwmtemp VALUES(7,14)

statement ok
INSERT INTO kwmtemp VALUES(7,15)

statement ok
INSERT INTO kwmtemp VALUES(7,16)

statement ok
INSERT INTO kwmtemp VALUES(8,17)

statement ok
INSERT INTO kwmtemp VALUES(9,18)

statement ok
INSERT INTO kwmtemp VALUES(9,19)

statement ok
COMMIT

statement ok
START TRANSACTION

query I rowsort
SELECT count(*) FROM kwTemp
----
20

query T rowsort
SELECT 'filling s4_keywords from kwTemp'
----
filling s4_keywords from kwTemp

statement ok
INSERT INTO s4_keywords SELECT * FROM kwTemp WHERE NOT EXISTS (SELECT * FROM s4_keywords AS kt WHERE kt.kw = kwTemp.kw)

query T rowsort
SELECT 'dropping kwTemp'
----
dropping kwTemp

statement ok
DROP TABLE kwTemp

statement ok
COMMIT

statement ok
START TRANSACTION

query I rowsort
SELECT count(*) FROM kwmtemp
----
20

query T rowsort
SELECT 'filling s4_kwm from kwmTemp'
----
filling s4_kwm from kwmTemp

statement ok
INSERT INTO s4_kwm SELECT kwmTemp.urlId,kwmTemp.kwid FROM kwmTemp WHERE NOT EXISTS (SELECT * FROM s4_kwm AS kwm WHERE kwm.kwid = kwmTemp.kwid AND kwm.urlid = kwmTemp.urlid)

query T rowsort
SELECT 'dropping kwmTemp'
----
dropping kwmTemp

statement ok
DROP TABLE kwmTemp

statement ok
COMMIT

statement ok
START TRANSACTION

query TI rowsort
SELECT 'expect 20', COUNT(*) FROM s4_keywords
----
expect 20
20

query TI rowsort
SELECT 'expect 20', COUNT(*) FROM s4_kwm
----
expect 20
20

statement ok
COMMIT

statement ok
START TRANSACTION

query T rowsort
SELECT 'dropping s4_kwm and s4_keywords'
----
dropping s4_kwm and s4_keywords

statement ok
DROP TABLE s4_kwm

statement ok
DROP TABLE s4_keywords

statement ok
COMMIT

