statement ok
start transaction

statement ok
create table "examines" ( "docID" string, "vicID" string)

statement ok
create table "timelines" ("vicID" string, "time" string, "event" string)

statement ok
create table "doctors" ( "docID" string, "name" string)

statement ok
insert into "doctors" values ( 'doc1', 'Dr. doc 1')

statement ok
create table "victims" ( "vicID" string, "name" string)

statement ok
insert into "victims" values ( 'vic1', 'vic 1')

statement ok
INSERT INTO "examines" ("docID", "vicID") VALUES
(
(
SELECT "docID"
FROM "doctors"
WHERE "name" LIKE 'Dr. doc%'
),
(
SELECT "vicID"
FROM "victims"
WHERE "name" LIKE 'vic%'
)
)

query TT rowsort
select * from "examines"
----
doc1
vic1

statement ok
INSERT INTO "timelines" ("vicID", "time", "event") VALUES
(
(
SELECT "vicID"
FROM "victims"
WHERE "name" LIKE 'vic%'
),
'11:00 PM',
'Polly is seen walking etc...'
)

query TTT rowsort
select * from "timelines"
----
vic1
11:00 PM
Polly is seen walking etc...

statement ok
insert into "victims" values ( 'vic2', 'vic 2')

statement ok
savepoint x1

statement ok
savepoint x2

statement error
INSERT INTO "examines" ("docID", "vicID") VALUES
(
(
SELECT "docID"
FROM "doctors"
WHERE "name" LIKE 'Dr. doc%'
),
(
SELECT "vicID"
FROM "victims"
WHERE "name" LIKE 'vic%'
)
)

statement ok
rollback to savepoint x2

query TT rowsort
select * from "doctors"
----
doc1
Dr. doc 1

query TT rowsort
select * from "victims"
----
vic1
vic 1
vic2
vic 2

query TT rowsort
select * from "examines"
----
doc1
vic1

query TTT rowsort
select * from "timelines"
----
vic1
11:00 PM
Polly is seen walking etc...

statement error
INSERT INTO "timelines" ("vicID", "time", "event") VALUES
(
(
SELECT "vicID"
FROM "victims"
WHERE "name" LIKE 'vic%'
),
'11:00 PM',
'Polly is seen walking etc...'
)

statement ok
rollback

