statement ok
create table t1684798a (name varchar(1024), address varchar(1024), age int)

statement ok
create table t1684798b (street varchar(1024), id int)

statement ok
insert into t1684798a values('romulo', 'amsterdam', 23)

statement ok
insert into t1684798b values('amsterdam', 1)

query T rowsort
select name from t1684798a, t1684798b where t1684798a.address LIKE 'amsterdam'
----
romulo

query T rowsort
select name from t1684798a, t1684798b where t1684798a.address LIKE t1684798b.street
----
romulo

statement ok
drop table t1684798a

statement ok
drop table t1684798b

