statement ok
create table test (id serial, val int)

statement ok
insert into test (val) values (1),(1),(1)

query II rowsort
select * from test
----
1
1
2
1
3
1

statement ok
drop table test

statement ok
create table test2 (t int unique)

statement error
insert into test2 values (1),(1),(1)

query I rowsort
select * from test2
----

statement ok
drop table test2

