statement ok
create table test_property(subject integer, p1 integer, p2 integer, unique(subject, p1), unique(subject, p2))

query TTTT rowsort
select "name", "query", "type", "remark" from describe_table('sys', 'test_property')
----
test_property
NULL
TABLE
NULL

query TTIIITITT rowsort
select * from describe_columns('sys', 'test_property')
----
p1
int
32
0
1
NULL
1
INTEGER
NULL
p2
int
32
0
1
NULL
2
INTEGER
NULL
subject
int
32
0
1
NULL
0
INTEGER
NULL

statement ok
drop table test_property

