statement ok
create table t1(i int)

statement ok
create table t2(i int)

statement ok
start transaction

statement ok
insert into t1 values(1)

statement ok
savepoint s1

statement ok
insert into t2 values(1)

statement ok
commit

query I rowsort
select * from t1
----
1

query I rowsort
select * from t2
----
1

statement ok
start transaction

query I rowsort
select * from t1
----
1

query I rowsort
select * from t2
----
1

statement ok
commit

query I rowsort
select * from t1
----
1

query I rowsort
select * from t2
----
1

statement ok
drop table t1

statement ok
drop table t2

