statement ok
create table t1983341a (id int, age int)

statement ok
create function f1()
RETURNS table (idd int, aage int)
BEGIN
DECLARE TABLE cover(
id int, htmidEnd int
);
INSERT into cover
SELECT id, age
FROM t1983341a;
RETURN TABLE (
SELECT id , htmidEnd
FROM cover H
WHERE 1 > id);
END

query II rowsort
select * from f1() n
----

query II rowsort
select * from f1() n
----

statement ok
drop function f1

statement ok
drop table t1983341a

