statement ok
create table s ( snr int, sname varchar(30) )

statement ok
create table sp ( snr int, pnr varchar(30) )

query I rowsort
select 24
----
24

query T rowsort
SELECT DISTINCT S.SNAME
FROM S, SP
GROUP BY S.SNR, S.SNAME, SP.SNR, SP.PNR
HAVING SP.SNR = S.SNR
AND SP.PNR = 'P2'
----

statement ok
drop table s

statement ok
drop table sp

