statement ok
create table t1715553a(id int DEFAULT 50, name varchar(1024), age int )

query TTI rowsort
select name, "default", "null" from columns where name = 'id' and table_id = (select id from tables where name = 't1715553a')
----
id
50
1

statement ok
alter table t1715553a alter id set DEFAULT 30

query TTI rowsort
select name, "default", "null" from columns where name = 'id' and table_id = (select id from tables where name = 't1715553a')
----
id
30
1

statement ok
alter table t1715553a alter id DROP DEFAULT

query TTI rowsort
select name, "default", "null" from columns where name = 'id' and table_id = (select id from tables where name = 't1715553a')
----
id
NULL
1

statement ok
drop table t1715553a

statement ok
create table t1715553a(id int, name varchar(1024), age int )

query TTI rowsort
select name, "default", "null" from columns where name = 'id' and table_id = (select id from tables where name = 't1715553a')
----
id
NULL
1

statement ok
alter table t1715553a alter id set NULL

query TTI rowsort
select name, "default", "null" from columns where name = 'id' and table_id = (select id from tables where name = 't1715553a')
----
id
NULL
1

statement ok
drop table t1715553a

statement ok
create table t1715553a(id int, name varchar(1024), age int )

query TTI rowsort
select name, "default", "null" from columns where name = 'id' and table_id = (select id from tables where name = 't1715553a')
----
id
NULL
1

statement ok
alter table t1715553a alter id set NOT NULL

query TTI rowsort
select name, "default", "null" from columns where name = 'id' and table_id = (select id from tables where name = 't1715553a')
----
id
NULL
0

statement ok
drop table t1715553a

