statement ok
create table t1734143a (id int, name varchar(1024), PRIMARY KEY(id))

statement ok
create table t1734143b (id int DEFAULT 13, age int, PRIMARY KEY (ID), FOREIGN
KEY(id) REFERENCES t1734143a(id) ON UPDATE SET DEFAULT ON DELETE SET DEFAULT)

statement ok
insert into t1734143a values(1, 'monetdb')

statement ok
insert into t1734143b values(1, 23)

statement error
update t1734143b set id = 2 where id =1

query IT rowsort
select * from t1734143a
----
1
monetdb

query II rowsort
select * from t1734143b
----
1
23

statement ok
drop table t1734143b

statement ok
drop table t1734143a

