statement ok
create table t1284791b (id2 int, val2 varchar(255))

statement ok
create table t1284791a (id1 int, val1 varchar(255))

statement ok
insert into t1284791a values (1,'1')

statement ok
insert into t1284791b values (1,'2')

statement ok
update t1284791a set val1 = (select val2 from t1284791b where id1 = id2) where id1 in (select id2 from t1284791b)

query IT rowsort
select * from t1284791a
----
1
2

query IT rowsort
select * from t1284791b
----
1
2

statement ok
drop table t1284791a

statement ok
drop table t1284791b

