statement ok
create table withonlybug (id int)

statement ok
insert into withonlybug values (42)

statement ok
insert into withonlybug select * from withonlybug

statement ok
insert into withonlybug select * from withonlybug

statement ok
insert into withonlybug select * from withonlybug

statement ok
insert into withonlybug select * from withonlybug

statement ok
insert into withonlybug select * from withonlybug

query I rowsort
WITH t AS ( SELECT count(*) FROM withonlybug ) SELECT * FROM t
----
32

query I rowsort
WITH t AS ( SELECT count(*) FROM withonlybug ) SELECT * FROM t
----
32

statement ok
drop table withonlybug

