statement ok
CREATE TABLE car (
	age int,
	gender char(1),
	price bigint,
	category varchar(20),
	class varchar(20),
	codville char(3),
	sage smallint,
	iprice int
)

statement ok
insert into car values
	(2, 'm', 123, 'a', 'b', 'c', 1, 1),
	(3, 'm', 123, 'a', 'b', 'c', 2, 1),
	(4, 'm', 123, 'a', 'b', 'c', 3, 9),
	(6, 'm', 123, 'a', 'b', 'c', 8, 1),
	(8, 'm', 123, 'a', 'b', 'c', 9, 1)

query ITIR rowsort
select count(*), gender , cast( sum (sage) as int), avg(sage) from car group by gender
----
5
m
23
4.600

query ITIR rowsort
select count(*), gender , cast( sum (age) as bigint), avg(age) from car group by gender
----
5
m
23
4.600

query TIIRR rowsort
select gender, count(*),cast( sum(iprice) as bigint), avg(price), avg(iprice) from car group by gender
----
m
5
13
123.000
2.600

statement ok
drop table car

