statement ok
CREATE TABLE x (
x DOUBLE
)

statement ok
INSERT INTO x VALUES (1)

statement ok
INSERT INTO x VALUES (2)

statement ok
INSERT INTO x VALUES (3)

query RR rowsort
SELECT AVG(x) AS avgx, AVG(x) AS avgx2
FROM x
----
2.000
2.000

query RR rowsort
SELECT AVG(x) AS avgx, SUM(x) AS sumx
FROM x
----
2.000
6.000

query RI rowsort
SELECT AVG(x) AS avgx, COUNT(x) AS countx
FROM x
----
2.000
3

query RI rowsort
SELECT AVG(x) AS avgx, COUNT(*) AS countstar
FROM x
----
2.000
3

query RR rowsort
SELECT AVG(x) AS avgx, MIN(x) AS minx
FROM x
----
2.000
1.000

query RR rowsort
SELECT AVG(x) AS avgx, MAX(x) AS maxx
FROM x
----
2.000
3.000

query RRRII rowsort
SELECT SUM(x) AS sumx, MIN(x) AS minx, MAX(x) AS maxx, COUNT(x) AS countx, COUNT(*) AS countstar
FROM x
----
6.000
1.000
3.000
3
3

query IRR rowsort
SELECT COUNT(x) AS n1, sum(x)/count(x) as m1, sqrt( sum(x*x)/count(x) - (sum(x)/count(x))*(sum(x)/count(x)) ) as sd1
FROM x
----
3
2.000
0.816

query IRR rowsort
SELECT MIN(n) AS n2, MIN(m) AS m2, SQRT(SUM((x-m)*(x-m))/MIN(n)) AS sd2
FROM
(
  SELECT AVG(x) AS m, COUNT(x) AS n
  FROM x
) pass1
, x
----
3
2.000
0.816

query IRR rowsort
SELECT COUNT(x) AS n2, MIN(m) AS m2, SQRT(SUM((x-m)*(x-m))/COUNT(x)) AS sd2
FROM
(
  SELECT AVG(x) AS m
  FROM x
) agg
, x
----
3
2.000
0.816

statement ok
drop table x

