statement ok
create table stats_2009_week_31 (
	payout_units_cpc int,
	payout_cpc int
)

statement ok
insert into stats_2009_week_31 values (0,1),
	(0,2),
	(0,0),
	(0,0),
	(0,0)

query I rowsort
SELECT CASE SUM(payout_units_cpc) WHEN 0 THEN 0 ELSE 1 END AS avg_cost_cpc FROM stats_2009_week_31
----
0

query R rowsort
SELECT cast( CASE SUM(payout_units_cpc) WHEN 0 THEN 0 ELSE cast(SUM(payout_units_cpc * payout_cpc) as numeric(12,4)) / SUM(payout_units_cpc) END as decimal(18,4)) AS avg_cost_cpc FROM stats_2009_week_31
----
0.000

statement ok
drop table stats_2009_week_31

