statement ok
create table testdistinct (testcol varchar(10))

statement ok
insert into testdistinct values ('test'),('test'), ('test'), ('other'), ('other'), ('other')

query T rowsort
select * from testdistinct 
----
other
other
other
test
test
test

query T rowsort
select distinct(testcol) from testdistinct 
----
other
test

query I rowsort
select count(distinct(testcol)) from testdistinct 
----
2

query I rowsort
select count(distinct testcol ) from testdistinct 
----
2

statement ok
drop table testdistinct

