statement ok
create table test2 (bla1 double, bla2 double)

statement ok
insert into test2 values (1,1)

statement ok
insert into test2 values (1,2)

statement ok
insert into test2 values (1,3)

query R rowsort
select case when (bla1 - bla2) > 0 then 1/(bla1 - bla2) else 0 end from test2
----
0.000
0.000
0.000

query R rowsort
select case when (bla1 - bla2) > 0 then 1/(bla1 - bla2) else 0 end from test2
----
0.000
0.000
0.000

statement ok
drop table test2

statement ok
CREATE TABLE "sys"."nodes_legacy" (
"id" int,
"long" double,
"lat" double,
"uid" int,
"timestamp" timestamptz(7)
)

statement ok
CREATE TABLE "sys"."segments" (
"way" int,
"node1" int,
"node2" int
)

query RRRRR rowsort
select n1.lat, n1.long, n2.lat, n2.long, case when (n2.lat - n1.lat) > 0
then (n2.long - n1.long)/(n2.lat - n1.lat) else 0 end from nodes_legacy as
n1, nodes_legacy as n2, segments where node1 = n1.id and node2 = n2.id
limit 10
----

statement ok
drop table "sys"."segments"

statement ok
drop table "sys"."nodes_legacy"

query I rowsort
select case when (2 - 2) > 0 then (3 - 2)/(2 - 2) else 0 end as "test"
----
0

