statement ok
create table t2 (i int)

query II rowsort
SELECT COUNT (*) AS c1, COUNT (*) AS c2 FROM t2 limit 100
----
0
0

query I rowsort
SELECT COUNT (*) AS c1 FROM t2 limit 100
----
0

query II rowsort
SELECT COUNT (*) AS c1, COUNT (*) AS c2 FROM t2
----
0
0

statement ok
drop table t2

