statement ok
start transaction

statement ok
create function test_002() returns table(i int)
begin
declare table tbl(i int);
insert into tbl values(110);
insert into tbl values(210);
return tbl;
end

query I rowsort
select * from test_002()
----
110
210

statement ok
drop function test_002

statement ok
create function test_002() returns table( j char(20) )
begin
declare table tbl( j char(20) );
insert into tbl values( 'aaa' );
insert into tbl values( 'bbb' );
return tbl;
end

query T rowsort
select * from test_002()
----
aaa
bbb

statement ok
drop function test_002

statement ok
rollback

