statement ok
create table table_a1 (
    table_a1_id integer not null auto_increment,
    column_a1 integer
)

statement ok
create function insert_table_a1 (value_a1 integer)
returns integer
begin
    declare id_table_a1 integer;
    insert into table_a1 (
        column_a1 )
    values (
        value_a1
    );
    set id_table_a1 = (select max(table_a1_id)
                      from table_a1);
  return id_table_a1;
end

statement ok
create function insert_table_error ()
returns integer
begin
  declare id_table_a1 integer;
  set id_table_a1 = insert_table_a1 ( 1 );
  return 0;
end

statement ok
create function insert_table_correct ()
returns integer
begin
  declare id_table_a1 integer;
  set id_table_a1 = insert_table_a1 ( 1 );
  return id_table_a1;
end

query I rowsort
select insert_table_error()
----
0

query II rowsort
select * from table_a1
----
1
1

query I rowsort
select insert_table_correct()
----
2

query II rowsort
select * from table_a1
----
1
1
2
1

