statement ok
create table unsorted (n int)

statement ok
insert into unsorted values (2)

statement ok
insert into unsorted values (1)

statement ok
insert into unsorted values (4)

statement ok
insert into unsorted values (3)

statement ok
insert into unsorted values (5)

statement ok
create table sorted (n int)

statement ok
insert into sorted
select * from unsorted
order by n

query I rowsort
select * from unsorted
----
1
2
3
4
5

query I rowsort
select * from sorted
----
1
2
3
4
5

statement ok
drop table sorted

statement ok
drop table unsorted

