statement ok
CREATE TABLE "sometable" (
"somecol" INTEGER
)

statement ok
INSERT INTO "sometable" VALUES ( 0)

statement ok
INSERT INTO "sometable" VALUES ( 1)

statement ok
INSERT INTO sometable VALUES (NULL)

query IT rowsort
SELECT somecol
, CASE
WHEN somecol < 6 THEN 'small'
WHEN somecol = 6 THEN 'six'
WHEN somecol > 6 AND somecol < 9 THEN '78'
WHEN somecol IS NULL THEN 'NULL FOUND'
ELSE 'big'
END AS "NewColumnName"
FROM sometable
----
0
small
1
small
NULL
NULL FOUND

query IT rowsort
SELECT somecol
, CASE
WHEN somecol IS NULL THEN 'NULL FOUND'
WHEN somecol < 6 THEN 'small'
WHEN somecol = 6 THEN 'six'
WHEN somecol > 6 AND somecol < 9 THEN '78'
ELSE 'big'
END AS "NewColumnName"
FROM sometable
----
0
small
1
small
NULL
NULL FOUND

statement ok
drop table sometable

