statement ok
create table a2 (x varchar(10))

statement ok
insert into a2 values ('aaa')

statement ok
create table b2 (x varchar(10))

statement ok
insert into b2 values ('aaa')

statement ok
insert into b2 values ('aAa')

statement ok
insert into b2 values ('aA')

query T rowsort
select a2.x from a2,b2 where a2.x LIKE b2.x
----
aaa

statement ok
drop table b2

statement ok
drop table a2

statement ok
CREATE TABLE a2 (name VARCHAR(10))

statement ok
CREATE TABLE b2 (name VARCHAR(10))

statement ok
INSERT INTO a2 VALUES ('a'),('b')

statement ok
INSERT INTO b2 VALUES ('a'),('b')

query TT rowsort
SELECT a2.name as x, b2.name as y FROM a2,b2 WHERE a2.name LIKE b2.name
----
a
a
b
b

statement ok
drop table b2

statement ok
drop table a2

