query IT rowsort
SELECT a, b FROM (select 1 AS a, 'x' AS b) sub WHERE b='x'
----
1
x

query IT rowsort
SELECT a, b FROM (select 1 AS a, 'x' AS b) sub WHERE b<>'x'
----

query IT rowsort
SELECT a, b FROM (select 1 AS a, 'x' AS b) sub WHERE b = 'y'
----

query IT rowsort
SELECT a, b FROM (select 1 AS a, 'x' AS b) sub WHERE NOT b='x'
----

query IT rowsort
SELECT a, b FROM (select 1 AS a, 'x' AS b) sub WHERE NOT b<>'x'
----
1
x

query IT rowsort
SELECT a, b FROM (select 1 AS a, 'x' AS b) sub WHERE NOT b = 'y'
----
1
x

query IT rowsort
SELECT a, b FROM (select 1 AS a, 'x' AS b) sub WHERE b IN ('x')
----
1
x

query IT rowsort
SELECT a, b FROM (select 1 AS a, 'x' AS b) sub WHERE b IN ('y')
----

query IT rowsort
SELECT a, b FROM (select 1 AS a, 'x' AS b) sub WHERE NOT b IN ('x')
----

query IT rowsort
SELECT a, b FROM (select 1 AS a, 'x' AS b) sub WHERE NOT b IN ('y')
----
1
x

