statement ok
create table btest(links integer, rechts integer)

statement ok
insert into btest values (1, 4)

query II rowsort
select * from btest where 3 between links and rechts
----
1
4

statement ok
insert into btest values (127,128)

query II rowsort
select * from btest where 3 between links and rechts
----
1
4

statement ok
drop table btest

