statement ok
CREATE TABLE way_nds (
way int,
idx int,
payload string
)

statement ok
insert into way_nds values(1,1,'abc')

statement ok
insert into way_nds values(1,1,'abc')

statement ok
insert into way_nds values(2,2,'abc')

statement ok
insert into way_nds values(3,3,'abc')

statement ok
insert into way_nds values(4,3,'abc')

statement ok
insert into way_nds values(null,3,'abc')

statement ok
insert into way_nds values(null,3,'abc')

statement ok
insert into way_nds values(5,null,'abc')

statement ok
insert into way_nds values(5,null,'abc')

statement error
ALTER TABLE way_nds ADD CONSTRAINT pk_way_nds PRIMARY KEY (way, idx)

query II rowsort
select way,idx from way_nds
----
1
1
1
1
2
2
3
3
4
3
5
NULL
5
NULL
NULL
3
NULL
3

query III rowsort
select count(way), way, idx from way_nds group by way, idx having count(way) > 1
----
2
1
1
2
5
NULL

query III rowsort
select count(idx), way, idx from way_nds group by way, idx having count(idx) > 1
----
2
1
1
2
NULL
3

query III rowsort
select count(*), way, idx from way_nds group by way, idx having count(*) > 1
----
2
1
1
2
5
NULL
2
NULL
3

statement ok
drop table way_nds

