statement ok
create table nr (nr int)

statement ok
insert into nr values (1)

statement ok
insert into nr values (2)

statement ok
insert into nr values (3)

statement ok
insert into nr values (4)

statement ok
insert into nr values (5)

statement ok
insert into nr values (6)

statement ok
insert into nr values (7)

statement ok
insert into nr values (8)

statement ok
insert into nr values (9)

statement ok
insert into nr values (10)

query I rowsort
select count(distinct nr) from
(SELECT nr, RAND() FROM nr) as x
----
10

query I rowsort
select count(distinct rnd) from
(SELECT nr, RAND() AS rnd FROM nr) as x
----
10

statement ok
drop table nr

