statement ok
CREATE TABLE a(n varchar(255))

statement ok
INSERT INTO a VALUES('ONE')

statement ok
INSERT INTO a VALUES('TWO')

statement ok
INSERT INTO a VALUES('THREE')

statement ok
CREATE VIEW b AS
SELECT row_number() over () AS id, n
FROM   a

query IT rowsort
select * from b
----
1
ONE
2
TWO
3
THREE

query IT rowsort
SELECT * FROM b WHERE  n = 'TWO'
----
2
TWO

statement ok
drop view b

statement ok
drop table a

