query I rowsort
SELECT cast( SUM(a) as bigint) AS suma
FROM (
  SELECT *
  FROM (
    SELECT 1 AS a, 'x' AS b
    ) sub
  WHERE b IN ('y')
) sub2
----
NULL

query I rowsort
SELECT cast( SUM(a) as bigint) AS suma
FROM (
  SELECT *
  FROM (
    SELECT 1 AS a, 'x' AS b
    ) sub
  WHERE b IN ('y')
) sub2
HAVING SUM(a) IS NULL
----
NULL

query I rowsort
SELECT cast( SUM(a) as bigint) AS suma
FROM (
  SELECT *
  FROM (
    SELECT 1 AS a, 'x' AS b
    ) sub
  WHERE b IN ('y')
) sub2
HAVING SUM(a) IS NOT NULL
----

query I rowsort
SELECT cast( SUM(a) as bigint) AS suma
FROM (
  SELECT *
  FROM (
    SELECT 1 AS a, 'x' AS b
    ) sub
  WHERE b IN ('y')
) sub2
HAVING SUM(a) > 0
----

query IT rowsort
SELECT *
FROM (
  SELECT cast( SUM(a) as bigint) AS suma, NULL AS mynull
  FROM (
    SELECT *
    FROM (
      SELECT 1 AS a, 'x' AS b
      ) sub
    WHERE b IN ('y')
  ) sub2
) sub3
WHERE suma > 0
----

query IT rowsort
SELECT *
FROM (
  SELECT cast( SUM(a) as bigint) AS suma, NULL AS mynull
  FROM (
    SELECT *
    FROM (
      SELECT 1 AS a, 'x' AS b
      ) sub
    WHERE b IN ('y')
  ) sub2
) sub3
WHERE mynull > 0
----

query IT rowsort
SELECT *
FROM (
  SELECT 1 AS a, NULL AS b
) sub
WHERE b>0
----

query IT rowsort
SELECT *
FROM (
  SELECT 1 AS a, NULL AS b
) sub
WHERE NOT b<=0
----

statement ok
CREATE TABLE dummy (a INTEGER, b INTEGER)

statement ok
INSERT INTO dummy VALUES (1, NULL)

query II rowsort
SELECT * FROM dummy
----
1
NULL

query II rowsort
SELECT * FROM dummy WHERE b>0
----

query II rowsort
SELECT * FROM dummy WHERE NOT b<=0
----

query II rowsort
SELECT * FROM dummy WHERE NOT b>0
----

query II rowsort
SELECT * FROM dummy WHERE b<=0
----

statement ok
DROP table dummy

statement ok
CREATE TABLE dummy (a BOOLEAN, b BOOLEAN)

statement ok
INSERT INTO dummy VALUES (TRUE, TRUE)

statement ok
INSERT INTO dummy VALUES (TRUE, FALSE)

statement ok
INSERT INTO dummy VALUES (TRUE, NULL)

statement ok
INSERT INTO dummy VALUES (FALSE, TRUE)

statement ok
INSERT INTO dummy VALUES (FALSE, FALSE)

statement ok
INSERT INTO dummy VALUES (FALSE, NULL)

statement ok
INSERT INTO dummy VALUES (NULL, TRUE)

statement ok
INSERT INTO dummy VALUES (NULL, FALSE)

statement ok
INSERT INTO dummy VALUES (NULL, NULL)

query IIIIIIIIIII rowsort
SELECT
  a
, b
, NOT a   AS "NOT_a"
, a=b     AS "a_EQ_b"
, a<>b    AS "a_NE_b"
, a<b     AS "a_LT_b"
, a<=b    AS "a_LE_b"
, a>b     AS "a_GT_b"
, a>=b    AS "a_GE_b"
, a OR b  AS "a_OR_b"
, a AND b AS "a_AND_b"
FROM dummy
----
0
0
1
1
0
0
1
0
1
0
0
0
1
1
0
1
1
1
0
0
1
0
0
NULL
1
NULL
NULL
NULL
NULL
NULL
NULL
NULL
0
1
0
0
0
1
0
0
1
1
1
0
1
1
0
1
0
0
1
0
1
1
1
1
NULL
0
NULL
NULL
NULL
NULL
NULL
NULL
1
NULL
NULL
0
NULL
NULL
NULL
NULL
NULL
NULL
NULL
NULL
0
NULL
1
NULL
NULL
NULL
NULL
NULL
NULL
NULL
1
NULL
NULL
NULL
NULL
NULL
NULL
NULL
NULL
NULL
NULL
NULL
NULL

statement ok
DROP table dummy

