statement ok
create table bug (a int, b int)

statement ok
insert into bug values (1,1)

statement ok
insert into bug values (1,2)

statement ok
insert into bug values (1,3)

statement ok
create view bug_2 as select * from bug

statement ok
create view bug_3 as select * from bug_2 except select * from bug where bug.b=2

query II rowsort
select * from bug_3
----
1
1
1
3

query II rowsort
select * from bug_3 limit 1
----
1
1

statement ok
drop view bug_3

statement ok
drop view bug_2

statement ok
drop table bug

