statement ok
create table t_2906 (a_2906 int)

statement ok
insert into t_2906 values (1)

query I rowsort
select * from t_2906
----
1

statement ok
alter table t_2906 set read only

statement error
insert into t_2906 values (2)

query I rowsort
select * from t_2906
----
1

statement ok
drop table t_2906

