statement ok
start transaction

statement ok
create table table2848 (id char(1))

statement ok
insert into table2848 values ('a')

statement ok
insert into table2848 values ('b')

statement ok
insert into table2848 values ('c')

query T rowsort
SELECT CASE WHEN id = 'a' THEN 'x' ELSE 'y' END AS id FROM table2848
----
x
y
y

query T rowsort
select * from ( SELECT CASE WHEN id = 'a' THEN 'x' ELSE 'y' END AS othercolnamealias FROM table2848) as req
----
x
y
y

query T rowsort
select * from ( SELECT CASE WHEN id = 'a' THEN 'x' ELSE 'y' END AS id FROM table2848) as req
----
x
y
y

statement ok
rollback

