statement ok
create table catalog ( n int )

statement ok
insert into catalog values (1)

statement ok
insert into catalog values (2)

query I rowsort
select * from catalog
----
1
2

query I rowsort
select * from catalog where n > 1
----
2

query I rowsort
select t.n from (select * from catalog where n > 1) as t
----
2

query I rowsort
select t.n from (select * from catalog where n > 1) as t where 1/(t.n-1) > 0
----
2

query I rowsort
select t.n from (select * from catalog where n > 1) as t where t.n/(t.n-1) > 0
----
2

query I rowsort
select t.n from (select * from catalog where n > 1) as t where 1/(t.n-1) > 0
and t.n/(t.n-1) > 0
----
2

query I rowsort
select t.n from (select * from catalog where n > 1) as t where t.n/(t.n-1) > 0
and 1/(t.n-1) > 0
----
2

query I rowsort
select t.n from (select * from catalog where n > 1) as t where t.n/(t.n-1) > 0
or 1/(t.n-1) > 0
----
2

query I rowsort
select t.n from (select * from catalog where n > 1) as t where 1/(t.n-1) > 0 or
t.n/(t.n-1) > 0
----
2

statement ok
drop table catalog

