statement ok
CREATE TABLE _rank2933 (pre INTEGER, post INTEGER)

statement ok
INSERT INTO _rank2933 VALUES (22, 37)

statement ok
INSERT INTO _rank2933 VALUES (23, 24)

statement ok
INSERT INTO _rank2933 VALUES (33, 34)

query I rowsort
SELECT
  count(*)
FROM
  _rank2933 AS _rank1,
  _rank2933 AS _rank2
WHERE
  NOT _rank1.pre = _rank2.pre AND
  EXISTS (SELECT pre FROM _rank2933 AS ancestor WHERE
    ancestor.pre < _rank1.pre AND _rank1.pre < ancestor.post AND
    ancestor.pre < _rank2.pre AND _rank2.pre < ancestor.post)
----
2

query I rowsort
SELECT
  count(*)
FROM
  _rank2933 AS _rank1,
  _rank2933 AS _rank2
WHERE
  NOT _rank1.pre = _rank2.pre AND
  EXISTS (SELECT pre FROM _rank2933 AS ancestor WHERE
    ancestor.pre < _rank1.pre AND _rank1.pre < ancestor.post
  INTERSECT SELECT pre FROM _rank2933 AS ancestor WHERE
    ancestor.pre < _rank2.pre AND _rank2.pre < ancestor.post)
----
2

statement ok
DROP TABLE _rank2933

statement ok
create table tbls (id int)

statement ok
insert into tbls values (42)

statement ok
insert into tbls select * from tbls

statement ok
insert into tbls select * from tbls

statement ok
insert into tbls select * from tbls

statement ok
create table clmns (id int)

statement ok
insert into clmns values (42)

statement ok
insert into clmns select * from clmns

statement ok
insert into clmns select * from clmns

statement ok
insert into clmns select * from clmns

query I rowsort
SELECT 123 AS dummy1 FROM tbls n WHERE EXISTS ( SELECT 456 AS dummy2 FROM
	(SELECT * FROM clmns) nnn WHERE n.id > 0 )
----
123
123
123
123
123
123
123
123

statement ok
drop table clmns

statement ok
drop table tbls

