statement ok
create table facts (a_id bigint, b_id bigint)

statement ok
insert into facts values(1,1)

statement ok
insert into facts values(2,1)

statement ok
insert into facts values(3,1)

statement ok
insert into facts values(4,1)

statement ok
insert into facts values(5,1)

statement ok
insert into facts values(6,1)

statement ok
insert into facts values(1,2)

statement ok
insert into facts values(2,2)

statement ok
insert into facts values(3,2)

statement ok
insert into facts values(4,2)

statement ok
insert into facts values(5,2)

statement ok
insert into facts values(6,2)

statement ok
insert into facts values(1,3)

statement ok
insert into facts values(2,3)

statement ok
insert into facts values(3,3)

statement ok
insert into facts values(4,3)

statement ok
insert into facts values(5,3)

statement ok
insert into facts values(6,3)

statement ok
create table a (id bigint not null primary key, c_id bigint)

statement ok
insert into a values(1,1)

statement ok
insert into a values(2,1)

statement ok
insert into a values(3,2)

statement ok
insert into a values(4,2)

statement ok
insert into a values(5,3)

statement ok
insert into a values(6,3)

statement ok
create table b (id bigint not null primary key, name varchar(20))

statement ok
insert into b values(1,'b1')

statement ok
insert into b values(2,'b2')

statement ok
insert into b values(3,'b3')

statement ok
create table c (id bigint not null primary key, name varchar(20))

statement ok
insert into c values(1,'c1')

statement ok
insert into c values(2,'c2')

statement ok
insert into c values(3,'c3')

query TIT rowsort
select b.name, c.id, c.name from facts left join a
    on a_id = a.id
	left join b
		on b_id = b.id
		left join c
		on c_id = c.id
group by b.name, c.name, c.id
order by b.name, c.id, c.name
----
b1
1
c1
b1
2
c2
b1
3
c3
b2
1
c1
b2
2
c2
b2
3
c3
b3
1
c1
b3
2
c2
b3
3
c3

statement ok
alter table c drop constraint c_id_pkey

query TIT rowsort
select b.name, c.id, c.name from facts left join a on a_id = a.id left join b
on b_id = b.id left join c on c_id = c.id group by b.name, c.name, c.id
order by b.name, c.id, c.name
----
b1
1
c1
b1
2
c2
b1
3
c3
b2
1
c1
b2
2
c2
b2
3
c3
b3
1
c1
b3
2
c2
b3
3
c3

statement ok
drop table facts

statement ok
drop table a

statement ok
drop table b

statement ok
drop table c

