statement ok
create table xx( id serial, ival int)

statement ok
insert into xx(ival) values(1),(2),(3),(4),(5),(6)

query II rowsort
select * from xx
----
1
1
2
2
3
3
4
4
5
5
6
6

statement ok
create view iview as
select id,ival from xx where ival >=2 and ival <5

query II rowsort
select * from iview
----
2
2
3
3
4
4

query II rowsort
select * from iview where ival between 2 and 5
----
2
2
3
3
4
4

query II rowsort
select * from iview where ival between 3 and 5
----
3
3
4
4

query II rowsort
select * from iview where ival between 4 and 5
----
4
4

query II rowsort
select * from iview where ival between 2 and 4
----
2
2
3
3
4
4

statement ok
drop view iview

statement ok
drop table xx

