statement ok
start transaction

statement ok
create table table2894 (i int, d double)

statement ok
insert into table2894 values (1,1.0),(2,2.0),(3,3.0),(4,4.0)

query II rowsort
select i,1/(i-1) from table2894 where i > 1
----
2
1
3
0
4
0

query IR rowsort
select i,cast(1/(i-1.0) as decimal(18,3)) from table2894 where i > 1
----
2
1.000
3
0.500
4
0.333

query II rowsort
select i,1/(i-1) from table2894 where i > 1
----
2
1
3
0
4
0

query RR rowsort
select d,1/(d-1) from table2894 where d > 1
----
2.000
1.000
3.000
0.500
4.000
0.333

query RR rowsort
select d,1/(d-1.0) from table2894 where d > 1
----
2.000
1.000
3.000
0.500
4.000
0.333

query RR rowsort
select d,1/(d-1) from table2894 where d > 1
----
2.000
1.000
3.000
0.500
4.000
0.333

statement ok
rollback

