statement ok
create table t (tm time)

statement ok
insert into t values ('20:04:04.847')

query T rowsort
select tm from t
----
20:04:05

query T rowsort
select tm + interval '0' second from t
----
20:04:05

query T rowsort
select tm + interval '0.333' second(5) from t
----
20:04:05.333000

query T rowsort
select time '20:04:04.847' - time '20:04:04.947'
----
0:00:00

query T rowsort
select time(5) '20:04:04.947' - time(5) '20:04:04.847'
----
0:00:00

statement ok
drop table t

