statement ok
create schema datacell

statement ok
create table datacell.basket_X(
    id integer auto_increment,
    tag timestamp default now(),
    payload integer
)

statement ok
create function datacell.basket_X()
returns table (id integer, tag timestamp, payload integer)
begin
    return select * from datacell.basket_X;
end

query ITI rowsort
select * from datacell.basket_X
----

query ITI rowsort
select * from datacell.basket_X()
----

statement ok
drop function datacell.basket_X

statement ok
drop table datacell.basket_X

statement ok
drop schema datacell cascade

statement ok
create schema schema_2817

statement ok
create table schema_2817.table_2817(
    id integer auto_increment,
    tag timestamp default now(),
    payload integer
)

statement ok
create function schema_2817.function_2817()
returns table (id integer, tag timestamp, payload integer)
begin
    return select * from schema_2817.table_2817;
end

query ITI rowsort
select * from schema_2817.table_2817
----

query ITI rowsort
select * from schema_2817.function_2817()
----

statement ok
drop function schema_2817.function_2817

statement ok
drop table schema_2817.table_2817

statement ok
drop schema schema_2817 cascade

