statement ok
CREATE TABLE "Bug_2835_0" ("id" INT PRIMARY KEY )

statement ok
INSERT INTO "Bug_2835_0" VALUES (0)

statement ok
INSERT INTO "Bug_2835_0" VALUES (1)

statement ok
INSERT INTO "Bug_2835_0" VALUES (2)

query I rowsort
select * from "Bug_2835_0"
----
0
1
2

statement ok
CREATE TABLE "Bug_2835_1" ("ref" INT REFERENCES "Bug_2835_0" , CONSTRAINT "unique" UNIQUE ("ref") )

statement ok
INSERT INTO "Bug_2835_1" VALUES (0)

statement error
INSERT INTO "Bug_2835_1" VALUES (0)

query I rowsort
select * from "Bug_2835_1"
----
0

statement ok
create table "Bug_2835_2" (id int unique references "Bug_2835_0")

statement ok
insert into "Bug_2835_2" values (1)

statement error
insert into "Bug_2835_2" values (1)

query I rowsort
select * from "Bug_2835_2"
----
1

statement ok
CREATE TABLE "Bug_2835_3" (
        "id" INTEGER,
        CONSTRAINT "Bug_2835_6_id_unique" UNIQUE ("id"),
        CONSTRAINT "Bug_2835_6_id_fkey" FOREIGN KEY ("id") REFERENCES "Bug_2835_0"
("id")
)

statement ok
insert into "Bug_2835_3" values (2)

statement error
insert into "Bug_2835_3" values (2)

query I rowsort
select * from "Bug_2835_3"
----
2

statement ok
drop table "Bug_2835_3"

statement ok
drop table "Bug_2835_2"

statement ok
drop table "Bug_2835_1"

statement ok
drop table "Bug_2835_0"

