statement ok
create table t2790 (d double)

statement ok
insert into t2790 values (2),(3)

query RRR rowsort
select avg(d) as avg_d, avg(d*d) as avg_d2, avg(d)*avg(d) as avg2_d_mult from t2790
----
2.500
6.500
6.250

statement ok
create view tv2790 as select avg(d) as avg_d, avg(d*d) as avg_d2, avg(d)*avg(d) as avg2_d_mult from t2790

query RRR rowsort
select * from tv2790
----
2.500
6.500
6.250

statement ok
drop view tv2790

statement ok
drop table t2790

