statement ok
CREATE TABLE TMP (T1 CHAR (10))

statement ok
INSERT INTO TMP (T1) VALUES ( 'xxxx')

statement ok
INSERT INTO TMP (T1) VALUES ( 'yyyy ')

statement ok
INSERT INTO TMP (T1) VALUES ( ' zzzz')

query T rowsort
SELECT * FROM TMP WHERE T1 = 'xxxx '
----

query T rowsort
SELECT * FROM TMP WHERE T1 = 'xxxx'
----
xxxx

query T rowsort
SELECT * FROM TMP WHERE T1 = 'yyyy '
----
yyyy 

query T rowsort
SELECT * FROM TMP WHERE T1 = 'yyyy'
----

query T rowsort
SELECT * FROM TMP WHERE T1 = 'zzzz'
----

query T rowsort
SELECT * FROM TMP WHERE T1 = ' zzzz'
----
 zzzz

statement ok
DROP TABLE TMP

