statement ok
CREATE TABLE A(q1 bigint, q2 bigint)

statement ok
INSERT INTO A VALUES('4567890123456789','4567890123456789')

query I rowsort
SELECT CAST(2 * q1 AS BIGINT) AS q FROM A
----
9135780246913578

statement ok
drop table A

statement ok
CREATE TABLE A2
(COL1 INTEGER,
COL2 INTEGER)

statement ok
INSERT INTO A2 VALUES (111,1112)

query I rowsort
SELECT CAST(SUM(2 * COL1 * COL2) AS BIGINT)
FROM A2
----
246864

statement ok
drop table A2

statement ok
CREATE TABLE A (
COL1 INTEGER,
COL2 INTEGER,
COL3 INTEGER
)

statement ok
INSERT INTO A VALUES(1000,-2000,NULL)

query I rowsort
SELECT CAST((-COL2+COL1) AS BIGINT)
FROM A
WHERE COL3 IS NULL
----
3000

statement ok
drop table a

