statement ok
create schema s1

statement ok
create schema s2

statement ok
create table s1.A(a varchar(10) NOT NULL UNIQUE)

statement ok
create table s2.A(a varchar(10) NOT NULL)

statement ok
set schema s2

statement ok
insert into A values('abc')

statement ok
set schema s1

statement ok
insert into A values('abc')

query T rowsort
select * from s1.A
----
abc

query T rowsort
select * from s2.A
----
abc

statement ok
drop table s1.A

statement ok
drop table s2.A

statement ok
create table s1.A(a varchar(10) NOT NULL UNIQUE)

statement ok
create table s2.A(a varchar(10) NOT NULL)

statement ok
set schema s1

statement ok
insert into A values('abc')

statement ok
set schema s2

statement ok
insert into A values('abc')

statement ok
drop table s1.A

statement ok
drop table s2.A

statement ok
set schema sys

statement ok
drop schema s2

statement ok
drop schema s1

