statement ok
CREATE TABLE A (a CHAR (10))

statement ok
CREATE VIEW A_VIEW AS
SELECT CAST (a AS NUMERIC (5, 2)) AS b
FROM A

statement ok
INSERT INTO A VALUES (' 54.')

query T rowsort
select * from A
----
 54.

query D rowsort
select CAST (a as NUMERIC (5, 2)) from A
----
54.00

query D rowsort
select * from A_VIEW
----
54.00

statement ok
drop view A_VIEW

statement ok
drop table A

