statement ok
CREATE TABLE A (FIPS2 TIMESTAMP)

statement ok
INSERT INTO A VALUES (
TIMESTAMP '1996-08-24 16:03:00.999999')

query R rowsort
SELECT CAST( EXTRACT (SECOND FROM FIPS2)
* 1000000 - 999990 as decimal(18,6)) FROM A
----
9.000

query R rowsort
select EXTRACT (SECOND FROM FIPS2) FROM A
----
1.000

statement ok
drop table A

