statement ok
CREATE TABLE A (FIPS2 TIMESTAMP)

statement ok
INSERT INTO A VALUES (
TIMESTAMP '1996-08-24 16:03:00.999999')

query D rowsort
SELECT CAST( EXTRACT (SECOND FROM FIPS2)
* 1000000 - 999990 as decimal(18,6)) FROM A
----
9.000000

query D rowsort
select EXTRACT (SECOND FROM FIPS2) FROM A
----
0.999999

statement ok
drop table A

