statement ok
CREATE TABLE FEAT16 (
EMPNUM INT PRIMARY KEY,
PNUM INT UNIQUE)

statement ok
INSERT INTO FEAT16 VALUES (3, NULL)

statement ok
INSERT INTO FEAT16 VALUES (4, NULL)

query II rowsort
select * from feat16
----
3
NULL
4
NULL

statement ok
drop table FEAT16

statement ok
CREATE TABLE FEAT16 (
PNUM INT)

statement ok
INSERT INTO FEAT16 VALUES (NULL)

statement ok
INSERT INTO FEAT16 VALUES (NULL)

statement ok
ALTER TABLE FEAT16 ADD UNIQUE(PNUM)

statement ok
INSERT INTO FEAT16 VALUES (NULL)

statement ok
INSERT INTO FEAT16 VALUES (2)

statement error
INSERT INTO FEAT16 VALUES (2)

query I rowsort
select * from feat16
----
2
NULL
NULL
NULL

statement ok
drop table FEAT16

statement ok
CREATE TABLE FEAT16 (
Age int,
PNUM INT)

statement ok
INSERT INTO FEAT16 VALUES (NULL, NULL)

statement ok
INSERT INTO FEAT16(age) VALUES (NULL)

statement ok
ALTER TABLE FEAT16 ADD UNIQUE(PNUM)

statement ok
INSERT INTO FEAT16 VALUES (NULL, NULL)

statement ok
INSERT INTO FEAT16 VALUES (2, NULL)

statement ok
INSERT INTO FEAT16 VALUES (2, NULL)

statement ok
INSERT INTO FEAT16 VALUES (NULL, 2)

statement error
INSERT INTO FEAT16 VALUES (NULL, 2)

query II rowsort
select * from feat16
----
2
NULL
2
NULL
NULL
2
NULL
NULL
NULL
NULL
NULL
NULL

statement ok
drop table FEAT16

statement ok
CREATE TABLE FEAT16 (
Age int,
PNUM INT)

statement ok
INSERT INTO FEAT16 VALUES (NULL, NULL)

statement ok
INSERT INTO FEAT16 VALUES (NULL, NULL)

statement ok
ALTER TABLE FEAT16 ADD UNIQUE(AGE,PNUM)

statement ok
INSERT INTO FEAT16 VALUES (NULL, NULL)

statement ok
INSERT INTO FEAT16 VALUES (2, NULL)

statement ok
INSERT INTO FEAT16 VALUES (2, NULL)

statement ok
INSERT INTO FEAT16 VALUES (NULL, 2)

statement ok
INSERT INTO FEAT16 VALUES (NULL, 2)

statement ok
INSERT INTO FEAT16 VALUES (2, 2)

statement error
INSERT INTO FEAT16 VALUES (2, 2)

query II rowsort
select * from feat16
----
2
2
2
NULL
2
NULL
NULL
2
NULL
2
NULL
NULL
NULL
NULL
NULL
NULL

statement ok
drop table FEAT16

statement ok
create table t1 (id int)

statement ok
insert into t1 values(1)

statement ok
insert into t1 values(1)

statement ok
insert into t1 values(1)

statement ok
insert into t1 values(1)

statement ok
create table t2 (id int unique)

statement error
insert into t2 select * from t1

query I rowsort
select * from t2
----

statement ok
drop table t1

statement ok
drop table t2

