statement ok
create table way_tags_2430201 (way int, k int)

statement ok
insert into way_tags_2430201 values(23950375,1)

statement ok
insert into way_tags_2430201 values(23950375,1)

statement ok
insert into way_tags_2430201 values(23950375,1)

statement ok
insert into way_tags_2430201 values(23950375,1)

statement ok
insert into way_tags_2430201 values(23950375,1)

statement ok
insert into way_tags_2430201 values(24644162,1)

statement ok
insert into way_tags_2430201 values(24644162,1)

statement ok
insert into way_tags_2430201 values(24644162,1)

query I rowsort
select distinct way from way_tags_2430201 group by way, k having count(*) > 1
----
23950375
24644162

statement ok
drop table way_tags_2430201

statement error
select distinct (select 10 union all select 10)

query I rowsort
select distinct myval from (values (10),(10)) as myval(myval)
----
10

query I rowsort
select distinct a from (select 10 as a union all select 10 as a) as b
----
10

