statement ok
create table t1 ( a int, b int ) 

statement ok
create table t2 ( a int, b int ) 

statement ok
insert into t1 values ( 1, 1 ), ( 2, 2 ) 

statement ok
insert into t2 values ( 1, 1 ) 

query II rowsort
select * from t1 where exists( select * from t2 where t2.a = t1.a ) or t1.b
> 0 
----
1
1
2
2

query II rowsort
select * from t1 where exists( select * from t2 where t2.a = t1.a ) and
t1.b > 0 
----
1
1

statement ok
drop table t1

statement ok
drop table t2

