statement ok
CREATE TABLE T850 (
T850KEY INT NOT NULL UNIQUE,
T850C CHAR (11),
T850VC VARCHAR (10))

statement ok
INSERT INTO T850 VALUES (10, '1234567890', '1234567890')

statement ok
INSERT INTO T850 VALUES (5, '12345 ', '12345')

query ITT rowsort
select * from T850
----
10
1234567890
1234567890
5
12345 
12345

query I rowsort
SELECT COUNT(*) FROM T850 WHERE T850C = T850VC
----
1

statement ok
drop table T850

