statement ok
CREATE TABLE GROUPS1
(EMPNUM INT, GRP INT)

statement ok
CREATE TABLE NAMES1
(EMPNUM INT, NAME CHAR(5))

statement ok
CREATE VIEW NAMGRP1 AS
SELECT * FROM NAMES1 NATURAL JOIN GROUPS1

statement ok
INSERT INTO GROUPS1 VALUES (0, 10)

statement ok
INSERT INTO GROUPS1 VALUES (1, 20)

statement ok
INSERT INTO GROUPS1 VALUES (2, 30)

statement ok
INSERT INTO NAMES1 VALUES (5, 'HARRY')

statement ok
INSERT INTO NAMES1 VALUES (1, 'MARY')

statement ok
INSERT INTO NAMES1 VALUES (0, 'KERI')

query ITI rowsort
select * from NAMGRP1 order by EMPNUM desc
----
0
KERI
10
1
MARY
20

query I rowsort
SELECT EMPNUM
FROM NAMGRP1
WHERE NAME = 'KERI'
AND GRP = 10
----
0

statement ok
drop view NAMGRP1

statement ok
drop table NAMES1

statement ok
drop table GROUPS1

