query T rowsort
SELECT DATE '1997-01-12'
----
1997-01-12

query T rowsort
SELECT TIME '11:35:29'
----
11:35:29

query T rowsort
SELECT TIME '00:00:00'
----
00:00:00

query T rowsort
SELECT TIME '11:08:27-07:00'
----
18:08:27

query T rowsort
SELECT TIME '11:08:27.123456-07:00'
----
18:08:27

query T rowsort
SELECT TIMESTAMP '1997-01-15 11:35:29.123456'
----
1997-01-15 11:35:29.123456

query T rowsort
SELECT TIMESTAMP '1997-01-15 11:35:29.123456-07:00'
----
1997-01-15 18:35:29.123456

