statement ok
create table t(embedding float vector[3])

statement ok
insert into t values(array[0.1, 0.1, 0.1])

statement ok
insert into t values('{0.2, 0.2, 0.2}')

query I
select count(*) from t
----
2

query T
select embedding from t
----
{0.1,0.1,0.1}
{0.2,0.2,0.2}


#statement error
#insert into t values('{0.3, 0.3}')
