statement ok
create table foo(x string)

statement ok
insert into foo values ('john doe'),('jane doe'),('robert doe')

statement ok
create table bar(x string)

statement ok
insert into bar values ('johndoe'),('Müller Thomas'),('Thomas MüLLer')

statement ok
create function contains(x string, y string) returns bool external name str."contains"

statement ok
create function icontains(x string, y string, i bool) returns bool external name str."contains"

query T
select contains(x, '') from foo
----
True
True
True

query T
select contains('', x) from foo
----
False
False
False

query T
select contains(x, 'doe') from foo
----
True
True
True

query T
select contains('jane doe', x) from foo
----
False
True
False

query T
select contains(x, 'MüLLer') from bar
----
False
False
True

query T
select contains(x, 'Müller') from bar
----
False
True
False

query T
select icontains('MüLLER Thomas', x, true) from bar
----
False
True
False

query T
select icontains(x, 'DOE', true) from foo
----
True
True
True

query T
select icontains(x, 'DOE', false) from foo
----
False
False
False

query T
select icontains('doe', x, true) from foo
----
False
False
False

statement ok
drop function contains(string, string)

statement ok
drop function icontains(string, string, bool)

statement ok
drop table foo

statement ok
drop table bar
