statement ok
create table foo(x string)

statement ok
insert into foo values ('johndoe'),('janedoe'),('robertdoe')

query T
select asciify(x) from foo;
----
johndoe
janedoe
robertdoe

statement ok
drop table foo;

statement ok
create table bar(y string);

statement ok
insert into bar values ('Olá Mundo!'),('こんにちは、世界！'),('Καλημέρα κόσμε!'),('Привет, мир!'),('你好，世界!')

query T
select asciify(y) from bar;
----
Ola Mundo!
????????!
????u??? ???u?!
??????, ???!
??,??!

statement ok
drop table bar;
