query T rowsort
select name from tables where contains(name, 'keys') order by name
----
dependency_columns_on_keys
dependency_keys_on_foreignkeys
dependency_tables_on_foreignkeys
describe_foreign_keys
dump_foreign_keys
fkeys
keys
keys

query T
select name from columns where contains(name, 'x0x', false)
----

query T
select name from columns where name like '%x0x%'
----

statement ok
create table foo(x string)

statement ok
create table bar(x string)

statement ok
insert into foo values ('john doe'),('jane doe'),('robert doe')

statement ok
insert into bar values ('johndoe'),('Müller Thomas'),('Thomas MüLLer')

query T
select contains(x, '') from foo
----
True
True
True

query T
select contains('', x) from foo
----
False
False
False

query T
select contains(x, 'doe') from foo
----
True
True
True

query T
select contains('jane doe', x) from foo
----
False
True
False

query T
select contains(x, 'MüLLer') from bar
----
False
False
True

query T
select contains(x, 'Müller') from bar
----
False
True
False

query T
select contains('MüLLER Thomas', x, true) from bar
----
False
True
False

query T
select contains(x, 'DOE', true) from foo
----
True
True
True

query T
select contains(x, 'DOE', false) from foo
----
False
False
False

query T
select contains('doe', x, true) from foo
----
False
False
False

statement ok
drop table foo

statement ok
drop table bar

statement ok
create table baz(x string, y string)

statement ok
create table bazbaz(x string, y string)

statement ok
insert into baz values ('john doe', 'braga'),('jane doe', 'amsterdam'),('robert doe', 'paris')

statement ok
insert into bazbaz values ('john', '21'),('jane', '22'),('robert', '23')

query TT
select * from baz where [baz.x] contains ['john', true];
----
john doe
braga

query TT
select * from baz where [baz.x] contains ['doe', true];
----
john doe
braga
jane doe
amsterdam
robert doe
paris

query TTTT
select * from baz,bazbaz where [baz.x] contains [bazbaz.x, true];
----
john doe
braga
john
21
jane doe
amsterdam
jane
22
robert doe
paris
robert
23

statement ok
drop table baz

statement ok
drop table bazbaz
