statement ok
create function startswith(x string, y string) returns bool external name str."startsWith"

statement ok
create function istartswith(x string, y string, i bool) returns bool external name str."startsWith"

statement ok
create table foo(x string)

statement ok
insert into foo values ('johndoe'),('janedoe'),('robertdoe')

query T
select startswith(x, '') from foo
----
True
True
True

query T
select startswith('', x) from foo
----
False
False
False

statement ok
drop table foo

statement ok
create table bar(x string, y string)

statement ok
insert into bar values ('johndoe','doe'),('Müller Thomas', 'Thomas Müller'),('Thomas Müller', 'Müller Thomas')

query T
select startswith(x, 'Müller') from bar
----
False
True
False

statement ok
drop table bar

statement ok
drop function startswith

statement ok
drop function istartswith
