statement ok
create table x(a int)

statement ok
insert into x values (1),(2),(3)

statement ok
alter table x set read only

query I rowsort
select (access = 1) from sys.tables where name='x'
----
1

statement ok
alter table x add primary key (a)

query I rowsort
select (access = 1) from sys.tables where name='x'
----
1

statement ok
drop table x

