statement ok
create table aaa1 (a varchar(100), b varchar(100), c int)

statement ok
create table aaa2 (a varchar(100), b varchar(100), c decimal(9,6))

statement ok
insert into aaa1 values ('a1aaaaaaaaaaaaaaaaa', 'b1bbbbbbbbbbbbbbbbbb', 100)

statement ok
insert into aaa1 values ('a2aaaaaaaaaaaaaaaaa', 'b2bbbbbbbbbbbbbbbbbb', 100)

statement ok
insert into aaa1 values ('a3aaaaaaaaaaaaaaaaa', 'b3bbbbbbbbbbbbbbbbbb', 100)

statement ok
insert into aaa2 values ('a1aaaaaaaaaaaaaaaaa', 'b1bbbbbbbbbbbbbbbbbb', 100)

statement ok
insert into aaa2 values ('a2aaaaaaaaaaaaaaaaa', 'b2bbbbbbbbbbbbbbbbbb', 100)

statement ok
insert into aaa2 values ('a3aaaaaaaaaaaaaaaaa', 'b3bbbbbbbbbbbbbbbbbb', 100)

query TT rowsort
SELECT a, CASE WHEN c >=100.000000
            AND c <=200.000000 THEN 'IntValue1' WHEN c>=200.000000
            AND c <=300.000000 THEN 'IntValue2' ELSE 'Out of range' END AS
CaseSentence
FROM aaa1
WHERE
(
   a = 'aaa'
   and
   (
      (
         CASE WHEN c>=100.000000
         AND c<=200.000000 THEN 'IntValue1' WHEN c>=200.000000
         AND c<=300.000000 THEN 'IntValue2' ELSE 'Out of range' END
      )  = 'IntValue1'
   )
)
or
(
   a = 'bbb'
   and
   (
      (
         CASE WHEN c>=100.000000
         AND c<=200.000000 THEN 'IntValue1' WHEN c>=200.000000
         AND c<=300.000000 THEN 'IntValue2' ELSE 'Out of range' END
      )  = 'IntValue2'
   )
)
----

query TT rowsort
SELECT a, CASE WHEN cast (c as double) >=100.000000
            AND cast(c as double) <=200.000000 THEN 'IntValue1' WHEN cast(c as double)>=200.000000
            AND cast(c as double) <=300.000000 THEN 'IntValue2' ELSE 'Out of range' END AS
CaseSentence
FROM aaa1
WHERE
(
   a = 'aaa'
   and
   (
      (
         CASE WHEN cast(c as double)>=100.000000
         AND cast(c as double)<=200.000000 THEN 'IntValue1' WHEN cast(c as double)>=200.000000
         AND cast(c as double)<=300.000000 THEN 'IntValue2' ELSE 'Out of range' END
      )  = 'IntValue1'
   )
)
or
(
   a = 'bbb'
   and
   (
      (
         CASE WHEN cast(c as double)>=100.000000
         AND cast(c as double)<=200.000000 THEN 'IntValue1' WHEN cast(c as double)>=200.000000
         AND cast(c as double)<=300.000000 THEN 'IntValue2' ELSE 'Out of range' END
      )  = 'IntValue2'
   )
)
----

query TT rowsort
SELECT a, CASE WHEN c >=100.000000
            AND c <=200.000000 THEN 'IntValue1' WHEN c >=200.000000
            AND c <=300.000000 THEN 'IntValue2' ELSE 'Out of range' END AS
CaseSentence
FROM aaa2
WHERE
(
   a = 'aaa'
   and
   (
      (
         CASE WHEN c >=100.000000
         AND c <=200.000000 THEN 'IntValue1' WHEN c >=200.000000
         AND c <=300.000000 THEN 'IntValue2' ELSE 'Out of range' END
      )  = 'IntValue1'
   )
)
or
(
   a = 'bbb'
   and
   (
      (
         CASE WHEN c >=100.000000
         AND c <=200.000000 THEN 'IntValue1' WHEN c >=200.000000
         AND c <=300.000000 THEN 'IntValue2' ELSE 'Out of range' END
      )  = 'IntValue2'
   )
)
----

query TT rowsort
SELECT a, CASE WHEN c >=100.000000
            AND c <=200.000000 THEN 'IntValue1' WHEN c>=200.000000
            AND c <=300.000000 THEN 'IntValue2' ELSE 'Out of range' END AS
CaseSentence
FROM aaa1
WHERE
(
   a = 'aaa'
   and
   (
      (
         CASE WHEN c>=100.000000
         AND c<=200.000000 THEN 'IntValue1' WHEN c>=200.000000
         AND c<=300.000000 THEN 'IntValue2' ELSE 'Out of range' END
      )  = 'IntValue1'
   )
)
or
(
   a = 'bbb'
   and
   (
      (
         CASE WHEN c>=100.000000
         AND c<=200.000000 THEN 'IntValue1' WHEN c>=200.000000
         AND c<=300.000000 THEN 'IntValue2' ELSE 'Out of range' END
      )  = 'IntValue2'
   )
)
----

statement ok
drop table aaa1

statement ok
drop table aaa2

