statement ok
start transaction

statement ok
create table mytest (
	id int,
	n int,
	flag int
)

statement ok
insert into mytest values (1,1,null),
	(2 ,    1 , null ),
	(3 ,    1 , null ),
	(4 ,    2 , null ),
	(5 ,    1 ,   42 ),
	(6 ,    1 ,   42 )

query III rowsort
select * from mytest
----
1
1
NULL
2
1
NULL
3
1
NULL
4
2
NULL
5
1
42
6
1
42

query IIII rowsort
select id, n, flag, (select count(*) from mytest as i where i.id <
	mytest.id and i.n = mytest.n) from mytest order by id
----
1
1
NULL
0
2
1
NULL
1
3
1
NULL
2
4
2
NULL
0
5
1
42
3
6
1
42
4

query IIII rowsort
select id, n, flag, (select count(*) from mytest as i where i.id <
	mytest.id and i.n = mytest.n and flag is not null) from mytest order by id
----
1
1
NULL
0
2
1
NULL
0
3
1
NULL
0
4
2
NULL
0
5
1
42
0
6
1
42
1

statement ok
rollback

