statement ok
create table x (a CLOB)

statement ok
insert into x VALUES ('aapX')

statement ok
insert into x VALUES ('abc|aapX')

statement ok
insert into x VALUES ('abc|aap_beer')

query T rowsort
select * from x where a like 'abc|aap_%'
----
abc|aapX
abc|aap_beer

query T rowsort
select * from x where a like 'abc|aap_%' escape '_'
----

query T rowsort
select * from x where a like 'abc|aap__%' escape '_'
----
abc|aap_beer

query T rowsort
select * from x where a like 'abc|aap!_%' escape '!'
----
abc|aap_beer

statement ok
drop table x

