statement ok
start transaction

statement ok
create table t3352 (a numeric(10,2),b double)

statement ok
insert into t3352 values (41.18,41.18)

statement ok
insert into t3352 values (31.13,31.13)

statement ok
insert into t3352 values (21.22,21.22)

statement ok
insert into t3352 values (31.4,31.4)

statement ok
insert into t3352 values (121.5,121.5)

statement ok
insert into t3352 values (111.6,111.6)

statement ok
insert into t3352 values (222.8,222.8)

query R rowsort
select median(a) from t3352
----
41.180

query R rowsort
select median(b) from t3352
----
41.180

statement ok
rollback

