statement ok
CREATE TABLE tnc (name VARCHAR(10))

statement ok
INSERT INTO tnc VALUES ('test')

statement ok
CREATE FUNCTION bottom()
RETURNS TABLE (name string)
BEGIN
	RETURN select name from tnc;
END

statement ok
CREATE FUNCTION leaf1()
RETURNS TABLE (name string)
BEGIN
	RETURN select name from bottom()
	UNION  select name from bottom()
	UNION  select name from bottom()
	UNION  select name from bottom();
END

statement ok
CREATE FUNCTION leaf2()
RETURNS TABLE (name string)
BEGIN
	RETURN select name from leaf1()
	UNION  select name from leaf1()
	UNION  select name from leaf1()
	UNION  select name from leaf1();
END

statement ok
CREATE FUNCTION leaf3()
RETURNS TABLE (name string)
BEGIN
	RETURN select name from leaf2()
	UNION  select name from leaf2()
	UNION  select name from leaf2()
	UNION  select name from leaf2();
END

query I rowsort
SELECT count(*) FROM bottom()
----
1

query I rowsort
SELECT count(*) FROM leaf1()
----
1

query I rowsort
SELECT count(*) FROM leaf2()
----
1

query I rowsort
SELECT count(*) FROM leaf3()
----
1

statement ok
DROP FUNCTION leaf3

statement ok
DROP FUNCTION leaf2

statement ok
DROP FUNCTION leaf1

statement ok
DROP FUNCTION bottom

statement ok
DROP TABLE tnc

