statement ok
start transaction

statement ok
create table testorder (a string, b string)

statement ok
insert into testorder values ('a', 'z'), ('b', 'y'), ('c', 'x')

query TT rowsort
select * from testorder
----
a
z
b
y
c
x

query TT nosort
select * from testorder order by 1
----
a
z
b
y
c
x

query TT nosort
select * from testorder order by 2
----
c
x
b
y
a
z

statement ok
rollback

