statement ok
CREATE FUNCTION groupElements(beg INTEGER)
RETURNS TABLE (x INTEGER)
BEGIN
    CREATE TABLE tmp(x INTEGER);
    INSERT INTO tmp VALUES(beg), (beg+1), (beg+2);
    RETURN tmp;
END

query I rowsort
SELECT * FROM groupElements(1)
----
1
2
3

statement ok
CREATE TABLE tmp(x INTEGER)

statement ok
INSERT INTO tmp VALUES (1),(2)

query I rowsort
SELECT * FROM (SELECT * FROM tmp) AS A
----
1
2

statement error
SELECT (SELECT * FROM groupElements(pivot.x))
FROM (SELECT * FROM tmp) as pivot

statement ok
DROP TABLE tmp

statement ok
DROP FUNCTION groupElements

