statement ok
CREATE TABLE t4311 ( "a"    INT, "b"    INT)

query T nosort
PLAN
SELECT t2.a
FROM  t4311 t1, t4311 t2
WHERE t2.a between t1.a and t1.b
----
project (
| join (
| | table("sys"."t4311") [ "t4311"."a" NOT NULL UNIQUE as "t2"."a" ],
| | table("sys"."t4311") [ "t4311"."a" NOT NULL UNIQUE as "t1"."a", "t4311"."b" NOT NULL UNIQUE as "t1"."b" ]
| ) [ ("t1"."a" NOT NULL UNIQUE) <= ("t2"."a" NOT NULL UNIQUE) <= ("t1"."b" NOT NULL UNIQUE) ]
) [ "t2"."a" NOT NULL ]

query T nosort
PLAN
SELECT t2.a
FROM  t4311 t1, t4311 t2
WHERE t2.a >= t1.a
AND   t2.a <= t1.b
----
project (
| join (
| | table("sys"."t4311") [ "t4311"."a" NOT NULL UNIQUE as "t2"."a" ],
| | table("sys"."t4311") [ "t4311"."a" NOT NULL UNIQUE as "t1"."a", "t4311"."b" NOT NULL UNIQUE as "t1"."b" ]
| ) [ ("t1"."a" NOT NULL UNIQUE) <= ("t2"."a" NOT NULL UNIQUE) <= ("t1"."b" NOT NULL UNIQUE) ]
) [ "t2"."a" NOT NULL ]

query T nosort
PLAN
SELECT t2.a
FROM  t4311 t1, t4311 t2
WHERE t1.a <= t2.a
AND   t1.b >= t2.a
----
project (
| join (
| | table("sys"."t4311") [ "t4311"."a" NOT NULL UNIQUE as "t2"."a" ],
| | table("sys"."t4311") [ "t4311"."a" NOT NULL UNIQUE as "t1"."a", "t4311"."b" NOT NULL UNIQUE as "t1"."b" ]
| ) [ ("t1"."a" NOT NULL UNIQUE) <= ("t2"."a" NOT NULL UNIQUE) <= ("t1"."b" NOT NULL UNIQUE) ]
) [ "t2"."a" NOT NULL ]

statement ok
drop table t4311

