statement ok
start transaction

statement ok
create table t3220 (y double, z real)

statement ok
insert into t3220 values (0,0)

statement ok
insert into t3220 values (0.1,0.1)

statement ok
insert into t3220 values (-0.1,-0.1)

statement ok
insert into t3220 values (-0.2,-0.2)

statement ok
insert into t3220 values (0.2,0.2)

query RT rowsort
select * from t3220
----
-0.100
-0.1
-0.200
-0.2
0.000
0.0
0.100
0.1
0.200
0.2

query RT rowsort
select * from t3220 where y = 0
----
0.000
0.0

query RT rowsort
select * from t3220 where z = 0
----
0.000
0.0

query RT rowsort
select * from t3220 where y < 0
----
-0.100
-0.1
-0.200
-0.2

query RT rowsort
select * from t3220 where z < 0
----
-0.100
-0.1
-0.200
-0.2

query RT rowsort
select * from t3220 where y > 0
----
0.100
0.1
0.200
0.2

query RT rowsort
select * from t3220 where z > 0
----
0.100
0.1
0.200
0.2

query RT rowsort
select * from t3220 where y <> 0
----
-0.100
-0.1
-0.200
-0.2
0.100
0.1
0.200
0.2

query RT rowsort
select * from t3220 where z <> 0
----
-0.100
-0.1
-0.200
-0.2
0.100
0.1
0.200
0.2

query RT rowsort
select * from t3220 where y > 0.1
----
0.200
0.2

query RT rowsort
select * from t3220 where y < 0.1
----
-0.100
-0.1
-0.200
-0.2
0.000
0.0

query RT rowsort
select * from t3220 where y < -0.1
----
-0.200
-0.2

query RT rowsort
select * from t3220 where y > -0.1
----
0.000
0.0
0.100
0.1
0.200
0.2

statement ok
rollback

