statement ok
start transaction

statement ok
create table t3257 (i int, j int)

statement ok
insert into t3257 values (0, 0), (1, 0), (2, 1), (3, 1)

query R rowsort
select stddev_pop(i) from t3257
----
1.118

query R rowsort
select stddev_pop(i) from t3257 group by j
----
0.500
0.500

query R rowsort
select var_pop(i) from t3257
----
1.250

query R rowsort
select var_pop(i) from t3257 group by j
----
0.250
0.250

statement ok
rollback

