statement ok
create table bla (id int)

query I rowsort
select (select id) from bla
----

statement ok
insert into bla values(10)

statement ok
insert into bla values(1)

query I rowsort
select (select id) from bla
----
1
10

statement ok
drop table bla

statement error
select *, (select *) from tmp

