statement ok
START TRANSACTION

statement ok
create table employees (dep varchar(10), name varchar(20), salary double)

statement ok
insert into employees values
   ('mgmt', 'Smith',81),
   ('dev', 'Jones',55),
   ('sls', 'Williams',55),
   ('sls', 'Taylor',62),
   ('dev', 'Brown',62),
   ('mgmt', 'Davies',84),
   ('sls', 'Evans',87),
   ('sls', 'Wilson',72),
   ('sls', 'Thomas',72),
   ('mgmt', 'Johnson',100)

query TTRR nosort
SELECT dep, name, salary, CUME_DIST() OVER (partition by dep ORDER BY salary) cume_dist_val FROM employees
----
dev
Jones
55.000
0.500
dev
Brown
62.000
1.000
mgmt
Smith
81.000
0.333
mgmt
Davies
84.000
0.667
mgmt
Johnson
100.000
1.000
sls
Williams
55.000
0.200
sls
Taylor
62.000
0.400
sls
Wilson
72.000
0.800
sls
Thomas
72.000
0.800
sls
Evans
87.000
1.000

query TTRR rowsort
SELECT dep, name, salary, CUME_DIST() OVER (PARTITION BY dep) cume_dist_val FROM employees
----
dev
Brown
62.000
1.000
dev
Jones
55.000
1.000
mgmt
Davies
84.000
1.000
mgmt
Johnson
100.000
1.000
mgmt
Smith
81.000
1.000
sls
Evans
87.000
1.000
sls
Taylor
62.000
1.000
sls
Thomas
72.000
1.000
sls
Williams
55.000
1.000
sls
Wilson
72.000
1.000

statement ok
ROLLBACK

