statement ok
start transaction

statement ok
create table tab1 (col1 string)

statement ok
insert into tab1 values ('Guatemala'), ('Guatemala-Mobile'),
('Guatemala-Mobile Comcel'), ('Guatemala-Mobile Movistar'), ('Guatemala-Mobile PCS'),
('Guatemala-Telgua'), ('Guatemala-Telefonica')

query T rowsort
SELECT DISTINCT col1 FROM tab1 WHERE col1 ILIKE '%guate%'
----
Guatemala
Guatemala-Mobile
Guatemala-Mobile Comcel
Guatemala-Mobile Movistar
Guatemala-Mobile PCS
Guatemala-Telefonica
Guatemala-Telgua

query T rowsort
SELECT DISTINCT col1 FROM tab1 WHERE col1 ILIKE '%guate%com%'
----
Guatemala-Mobile Comcel

query T rowsort
SELECT DISTINCT col1 FROM tab1 WHERE col1 ILIKE '%guate%mo%com%'
----
Guatemala-Mobile Comcel

statement ok
rollback

