query TT rowsort
SELECT INTERVAL '1' HOUR / 2, INTERVAL '1' HOUR * 1000 / 2000
----
0:30:00
0:30:00

query T rowsort
SELECT INTERVAL '1' HOUR / 2.0
----
0:30:00

query T rowsort
SELECT INTERVAL '1' HOUR * 1000.0 / 2000.0
----
0:30:00

query T rowsort
SELECT INTERVAL '1' HOUR * 1000 / 1800000
----
0:00:02

query T rowsort
SELECT INTERVAL '1' HOUR * CAST(1000 AS DOUBLE)
----
41 days, 16:00:00

query T rowsort
SELECT INTERVAL '4' MONTH * 2.03
----
8

query T rowsort
SELECT INTERVAL '1' MONTH * 1.2
----
1

query T rowsort
SELECT INTERVAL '1' MONTH / 2.0
----
0

query T rowsort
SELECT INTERVAL '1' MONTH / 1.5
----
0

query T rowsort
SELECT INTERVAL '1' MONTH / 1.0
----
1

query T rowsort
SELECT INTERVAL '1' SECOND * 1.2
----
0:00:01

query T rowsort
SELECT INTERVAL '2' MONTH / -1.4
----
-2

statement error
SELECT INTERVAL '1' HOUR / INTERVAL '1800' SECOND

statement error
SELECT INTERVAL '3' MONTH * INTERVAL '3' MONTH

query T rowsort
select mya + interval '2' second from (select interval '3' second * 1.2) as mya(mya)
----
0:00:05

statement error
SELECT 1 / INTERVAL '2' MONTH

query T rowsort
SELECT INTERVAL '5' MONTH * cast(2.44 as double)
----
12

query T rowsort
SELECT INTERVAL '5' MONTH * cast(2.29 as real)
----
11

query T rowsort
SELECT INTERVAL '1' MONTH * cast(1.0 as double)
----
1

query T rowsort
SELECT INTERVAL '1' SECOND * cast(2.44 as double)
----
0:00:02

query T rowsort
SELECT INTERVAL '5' SECOND * cast(2.29 as real)
----
0:00:11

query T rowsort
SELECT INTERVAL '5' SECOND * cast(1.0 as double)
----
0:00:05

query T rowsort
SELECT cast(2.56 as double) * INTERVAL '5' MONTH
----
13

query T rowsort
SELECT cast(3.1 as real) * INTERVAL '3' SECOND
----
0:00:09

query T rowsort
SELECT INTERVAL '1' MONTH / cast(2.0 as double)
----
1

query T rowsort
SELECT INTERVAL '1' MONTH / cast(1.5 as double)
----
1

query T rowsort
SELECT INTERVAL '1' MONTH / cast(1.0 as double)
----
1

query T rowsort
SELECT INTERVAL '-10' MONTH / cast(2.0 as real)
----
-5

query T rowsort
SELECT INTERVAL '7' MONTH / cast(1.5 as real)
----
5

query T rowsort
SELECT INTERVAL '9' YEAR / cast(1.0 as real)
----
108

query T rowsort
SELECT INTERVAL '1' SECOND / cast(2.0 as double)
----
0:00:00

query T rowsort
SELECT INTERVAL '5' SECOND / cast(1.5 as double)
----
0:00:03

query T rowsort
SELECT INTERVAL '5' SECOND / cast(1.0 as double)
----
0:00:05

query T rowsort
SELECT INTERVAL '-100' DAY / cast(23.34 as real)
----
-5

query T rowsort
SELECT INTERVAL '32' MINUTE / cast(45.5677 as real)
----
0:00:42

query T rowsort
SELECT INTERVAL '67' MINUTE / cast(1.57 as real)
----
0:42:40

query T rowsort
SELECT INTERVAL '-10.34' SECOND / cast(-1.8 as real)
----
0:00:05

query T rowsort
SELECT INTERVAL '-10.34' SECOND / -1.8
----
0:00:05

statement error
SELECT INTERVAL '42' DAY / cast(0 as real)

statement error
SELECT INTERVAL '-6' YEAR / 0.0

query TRT rowsort
SELECT x, y, x * y from (values(interval '0' month),(interval '-3' month),(interval '6' month)) as x(x), (values(1.1),(3.4),(-7)) as y(y)
----
-3
-7.000
21
-3
1.100
-3
-3
3.400
-10
0
-7.000
0
0
1.100
0
0
3.400
0
6
-7.000
-42
6
1.100
7
6
3.400
20

query TRT rowsort
SELECT x, y, x / y from (values(interval '0' second),(interval '-56' day),(interval '67' minute)) as x(x), (values(1.1),(3.4),(-7)) as y(y)
----
-56 days, 0:00:00
-7.000
8 days, 0:00:00
-56 days, 0:00:00
1.100
-51 days, 2:10:55
-56 days, 0:00:00
3.400
-17 days, 12:42:22
0:00:00
-7.000
0:00:00
0:00:00
1.100
0:00:00
0:00:00
3.400
0:00:00
1:07:00
-7.000
-1 day, 23:50:26
1:07:00
1.100
1:00:54
1:07:00
3.400
0:19:42

query TRT rowsort
SELECT x, y, x * y from (values(interval '0' month),(interval '-3' month),(interval '6' month)) as x(x), (values(cast(1.1 as double)),(cast(3.4 as real)),(cast(-7 as double))) as y(y)
----
-3
-7.000
21
-3
1.100
-3
-3
3.400
-10
0
-7.000
0
0
1.100
0
0
3.400
0
6
-7.000
-42
6
1.100
7
6
3.400
20

query TRT rowsort
SELECT x, y, x / y from (values(interval '0' second),(interval '-56' day),(interval '67' minute)) as x(x), (values(cast(1.1 as double)),(cast(3.4 as real)),(cast(-7 as double))) as y(y)
----
-56 days, 0:00:00
-7.000
8 days, 0:00:00
-56 days, 0:00:00
1.100
-51 days, 2:10:55
-56 days, 0:00:00
3.400
-17 days, 12:42:22
0:00:00
-7.000
0:00:00
0:00:00
1.100
0:00:00
0:00:00
3.400
0:00:00
1:07:00
-7.000
-1 day, 23:50:26
1:07:00
1.100
1:00:54
1:07:00
3.400
0:19:42

query T rowsort
SELECT INTERVAL '1' MONTH / cast(NULL as real)
----
NULL

query T rowsort
SELECT cast(NULL as INTERVAL YEAR) * cast(1.0 as double)
----
NULL

query T rowsort
SELECT cast(NULL as INTERVAL SECOND)/ cast(1.664 as real)
----
NULL

query T rowsort
SELECT cast(1.77 as double) * cast(NULL as INTERVAL MINUTE)
----
NULL

