statement ok
start transaction

statement ok
create table employees (dep varchar(10), name varchar(20), salary double, hire_date date)

statement ok
insert into employees values
    ('mgmt', 'Smith',81,str_to_date('10-08-2019', '%d-%m-%Y')),
    ('dev', 'Jones',55,str_to_date('9-08-2019', '%d-%m-%Y')),
    ('sls', 'Williams',55,str_to_date('14-07-2019', '%d-%m-%Y')),
    ('sls', 'Taylor',62,str_to_date('13-08-2019', '%d-%m-%Y')),
    ('dev', 'Brown',62,str_to_date('6-06-2019', '%d-%m-%Y')),
    ('mgmt', 'Davies',84,str_to_date('4-06-2019', '%d-%m-%Y')),
    ('sls', 'Evans',87,str_to_date('1-09-2019', '%d-%m-%Y')),
    ('sls', 'Wilson',72,str_to_date('21-09-2019', '%d-%m-%Y')),
    ('sls', 'Thomas',72,str_to_date('12-06-2019', '%d-%m-%Y')),
    ('mgmt', 'Johnson',100,str_to_date('12-07-2019', '%d-%m-%Y'))

query TTRI rowsort
SELECT dep, name, salary, NTILE(4) OVER (ORDER BY hire_date) FROM employees
----
dev
Brown
62.000
1
dev
Jones
55.000
2
mgmt
Davies
84.000
1
mgmt
Johnson
100.000
2
mgmt
Smith
81.000
3
sls
Evans
87.000
4
sls
Taylor
62.000
3
sls
Thomas
72.000
1
sls
Williams
55.000
2
sls
Wilson
72.000
4

query TTRI rowsort
SELECT dep, name, salary, NTILE(4) OVER (PARTITION by dep ORDER BY salary) FROM employees
----
dev
Brown
62.000
2
dev
Jones
55.000
1
mgmt
Davies
84.000
2
mgmt
Johnson
100.000
3
mgmt
Smith
81.000
1
sls
Evans
87.000
4
sls
Taylor
62.000
1
sls
Thomas
72.000
3
sls
Williams
55.000
1
sls
Wilson
72.000
2

query TTRI rowsort
SELECT dep, name, salary, NTILE(4) OVER (PARTITION BY dep) FROM employees
----
dev
Brown
62.000
2
dev
Jones
55.000
1
mgmt
Davies
84.000
2
mgmt
Johnson
100.000
3
mgmt
Smith
81.000
1
sls
Evans
87.000
2
sls
Taylor
62.000
1
sls
Thomas
72.000
4
sls
Williams
55.000
1
sls
Wilson
72.000
3

statement ok
rollback

