statement ok
start transaction

statement ok
create table savepointtest (id int, primary key(id))

statement ok
savepoint name1

statement ok
insert into savepointtest values(1), (2), (3)

query I rowsort
select * from savepointtest
----
1
2
3

statement ok
savepoint name2

statement ok
insert into savepointtest values(4), (5), (6)

statement ok
insert into savepointtest values(7), (8), (9)

query I rowsort
select * from savepointtest
----
1
2
3
4
5
6
7
8
9

statement ok
savepoint name3

statement ok
release savepoint name1

query I rowsort
select * from savepointtest
----
1
2
3
4
5
6
7
8
9

statement ok
commit

statement ok
drop table if exists savepointtest

