statement ok
CREATE TABLE "dd_field" (
        "TABEL"    VARCHAR(25)   NOT NULL,
        "VELD"     VARCHAR(25)   NOT NULL,
        "TYPE"     VARCHAR(4)    NOT NULL
)

query TT rowsort
select "TABEL", "VELD"
 from dd_field f
 where ("TABEL", "VELD") in (select "TABEL", "VELD" from dd_field)
----

query TT rowsort
select "TABEL", "VELD"
 from dd_field f
 where (rtrim("TABEL")) in (select "TABEL" from dd_field)
----

query TT rowsort
select "TABEL", "VELD"
 from dd_field f
 where (rtrim("TABEL"), rtrim("VELD")) in (select "TABEL", "VELD" from dd_field)
----

statement ok
DROP  TABLE "dd_field"

