statement ok
start transaction

statement ok
create table savepointtest (id int, primary key(id))

statement ok
savepoint name1

statement ok
insert into savepointtest values(24)

statement ok
release savepoint name1

statement ok
commit

query TITIIIII rowsort
select name, schema_id, query, type, system, commit_action, access, temporary from tables where name = 'savepointtest'
----
savepointtest
2000
NULL
0
0
0
0
0

query I rowsort
select * from savepointtest
----
24

statement error
create table savepointtest (id int, primary key(id))

statement ok
insert into savepointtest values(42)

query TITIIIII rowsort
select name, schema_id, query, type, system, commit_action, access, temporary from tables where name = 'savepointtest'
----
savepointtest
2000
NULL
0
0
0
0
0

query I rowsort
select * from savepointtest
----
24
42

statement ok
drop table savepointtest

query TITIIIII rowsort
select name, schema_id, query, type, system, commit_action, access, temporary from tables where name = 'savepointtest'
----

statement ok
start transaction

statement ok
create table savepointtest (id int, primary key(id))

statement ok
savepoint name1

statement ok
insert into savepointtest values(24)

statement ok
commit

query TITIIIII rowsort
select name, schema_id, query, type, system, commit_action, access, temporary from tables where name = 'savepointtest'
----
savepointtest
2000
NULL
0
0
0
0
0

query I rowsort
select * from savepointtest
----
24

statement error
create table savepointtest (id int, primary key(id))

statement ok
insert into savepointtest values(42)

query TITIIIII rowsort
select name, schema_id, query, type, system, commit_action, access, temporary from tables where name = 'savepointtest'
----
savepointtest
2000
NULL
0
0
0
0
0

query I rowsort
select * from savepointtest
----
24
42

statement ok
drop table savepointtest

query TITIIIII rowsort
select name, schema_id, query, type, system, commit_action, access, temporary from tables where name = 'savepointtest'
----

