statement ok
START TRANSACTION

statement ok
CREATE VIEW v AS SELECT a1, a2 FROM (VALUES (1,2)) as (a1,a2) GROUP BY a1, a2

query I rowsort
SELECT a1 from v
----
1

query I rowsort
SELECT a2 from v
----
2

query II rowsort
SELECT a1, a2 from v
----
1
2

query II rowsort
SELECT * from v
----
1
2

statement ok
ROLLBACK

