statement ok
start transaction

statement ok
create table tst (k integer  not null, name char(20)  not null)

query I rowsort
select min(k) from tst group by name
----

statement ok
create view v1 as select max(k) from tst group by name

query I rowsort
select * from v1
----

statement ok
rollback

