statement ok
START TRANSACTION

statement ok
create table employees (dep varchar(10), name varchar(20), salary double, hire_date date)

statement ok
insert into employees values
    ('mgmt', 'Smith',81,str_to_date('10-08-2019', '%d-%m-%Y')),
    ('dev', 'Jones',55,str_to_date('9-08-2019', '%d-%m-%Y')),
    ('sls', 'Williams',55,str_to_date('14-07-2019', '%d-%m-%Y')),
    ('sls', 'Taylor',62,str_to_date('13-08-2019', '%d-%m-%Y')),
    ('dev', 'Brown',62,str_to_date('6-06-2019', '%d-%m-%Y')),
    ('mgmt', 'Davies',84,str_to_date('4-06-2019', '%d-%m-%Y')),
    ('sls', 'Evans',87,str_to_date('1-09-2019', '%d-%m-%Y')),
    ('sls', 'Wilson',72,str_to_date('21-09-2019', '%d-%m-%Y')),
    ('sls', 'Thomas',72,str_to_date('12-06-2019', '%d-%m-%Y')),
    ('mgmt', 'Johnson',100,str_to_date('12-07-2019', '%d-%m-%Y'))

query TTRR rowsort
SELECT dep, name, salary, SUM(salary) OVER (ORDER BY EXTRACT(MONTH FROM hire_date)) salary_sum FROM employees
----
dev
Brown
62.000
218.000
dev
Jones
55.000
571.000
mgmt
Davies
84.000
218.000
mgmt
Johnson
100.000
373.000
mgmt
Smith
81.000
571.000
sls
Evans
87.000
730.000
sls
Taylor
62.000
571.000
sls
Thomas
72.000
218.000
sls
Williams
55.000
373.000
sls
Wilson
72.000
730.000

query TTRR rowsort
SELECT dep, name, salary, SUM(salary) OVER (ORDER BY hire_date) salary_sum FROM employees
----
dev
Brown
62.000
146.000
dev
Jones
55.000
428.000
mgmt
Davies
84.000
84.000
mgmt
Johnson
100.000
318.000
mgmt
Smith
81.000
509.000
sls
Evans
87.000
658.000
sls
Taylor
62.000
571.000
sls
Thomas
72.000
218.000
sls
Williams
55.000
373.000
sls
Wilson
72.000
730.000

query TTRR rowsort
SELECT dep, name, salary, SUM(salary) OVER (PARTITION BY dep ORDER BY EXTRACT(MONTH FROM hire_date)) salary_sum FROM employees
----
dev
Brown
62.000
62.000
dev
Jones
55.000
117.000
mgmt
Davies
84.000
84.000
mgmt
Johnson
100.000
184.000
mgmt
Smith
81.000
265.000
sls
Evans
87.000
348.000
sls
Taylor
62.000
189.000
sls
Thomas
72.000
72.000
sls
Williams
55.000
127.000
sls
Wilson
72.000
348.000

statement ok
ROLLBACK

