statement ok
CREATE TABLE atest (a int)

statement ok
INSERT INTO atest VALUES (1)

statement error
CREATE OR REPLACE FUNCTION iambroken() RETURNS TABLE(a int)
BEGIN
	DECLARE TABLE atest (a int);
	INSERT INTO x VALUES (2); --error, x doesn't exist
	RETURN x;
END

query I rowsort
SELECT a FROM atest
----
1

statement error
SELECT a FROM iambroken()

statement error
CREATE OR REPLACE FUNCTION iambroken() RETURNS TABLE(a int)
BEGIN
	DECLARE TABLE sys.atest (a int); --error, declared tables inside functions don't have a schema
	RETURN SELECT a FROM x;
END

statement error
CREATE OR REPLACE FUNCTION iambroken() RETURNS TABLE(a int)
BEGIN
	DECLARE sys.atest int; --error, declared variables inside functions don't have a schema
	RETURN x;
END

statement ok
DROP TABLE atest

statement ok
CREATE TABLE sys.mytable (a int)

statement ok
INSERT INTO sys.mytable VALUES (1)

statement ok
CREATE OR REPLACE FUNCTION scoping01(i INT) RETURNS INT
BEGIN
	DECLARE TABLE mytable (a int);
	INSERT INTO mytable VALUES (2);
	IF i = 1 THEN
		RETURN SELECT a FROM sys.mytable;
	ELSE
		RETURN SELECT a FROM mytable;
	END IF;
END

query I rowsort
SELECT scoping01(vals) FROM (VALUES (1), (2)) AS vals(vals)
----
1
2

statement ok
DROP FUNCTION scoping01(INT)

statement ok
DROP TABLE sys.mytable

statement error
CREATE OR REPLACE FUNCTION iambroken() RETURNS INT
BEGIN
	DECLARE TABLE mytable (a int);
	RETURN SELECT a FROM sys.mytable; --error table sys.mytable doesn't exist
END

statement ok
CREATE OR REPLACE FUNCTION scoping02(i INT) RETURNS INT
BEGIN
	IF i = 1 THEN
		DECLARE i int; --valid, i is redeclared on another scope
		RETURN i;
	END IF;
	RETURN i;
END

query I rowsort
SELECT scoping02(vals) FROM (VALUES (1), (2)) AS vals(vals)
----
2
NULL

statement ok
DROP FUNCTION scoping02(INT)

statement ok
CREATE TABLE "sys" ("current_schema" string)

statement ok
INSERT INTO "sys" VALUES ('astring')

query T rowsort
SELECT "sys"."current_schema" FROM "sys"
----
astring

statement ok
DROP TABLE "sys"

query TTTT rowsort
SELECT * from sys.var() where "name" not in ('debug', 'cache', 'last_id', 'current_timezone')
----
sys
current_role
varchar
monetdb
sys
current_schema
varchar
sys
sys
current_user
varchar
monetdb
sys
optimizer
varchar
default_pipe
sys
rowcnt
bigint
1

statement error
set "current_schema" = null

statement error
set "sys"."current_timezone" = null

