statement ok
create schema "nschema"

statement ok
set schema "nschema"

statement ok
alter schema "nschema" rename to "nother"

statement ok
create table "nother"."ntable" (a int)

statement ok
insert into "nother"."ntable" values (1)

query I rowsort
select "a" from "ntable"
----
1

query I rowsort
select "a" from "nother"."ntable"
----
1

statement error
alter schema "sys" rename to "nsys"

statement ok
create function onefunc() returns int
begin
	return select count(*) from "ntable";
end

query I rowsort
select onefunc()
----
1

statement error
alter table "ntable" rename to "ttable"

statement ok
insert into "ntable" values (1)

query I rowsort
select onefunc()
----
2

statement ok
drop function "onefunc"

statement ok
drop table "ntable"

statement ok
set schema "sys"

statement ok
drop schema "nother"

