statement ok
create table "trychangeme" (something int)

statement ok
insert into "trychangeme" values (1)

statement ok
start transaction

statement ok
insert into "trychangeme" values (2)

query I rowsort
select "something" from "trychangeme"
----
1
2

statement ok
alter table "trychangeme" rename to "anothername"

query I rowsort
select "something" from "anothername"
----
1
2

query T rowsort
select "name" from sys.tables where "name" in ('trychangeme', 'anothername')
----
anothername

statement ok
insert into "anothername" values (3)

query I rowsort
select "something" from "anothername"
----
1
2
3

statement ok
savepoint sp1

statement ok
insert into "anothername" values (4)

query I rowsort
select "something" from "anothername"
----
1
2
3
4

statement ok
alter table "anothername" rename column "something" to "somethingelse"

query I rowsort
select "somethingelse" from "anothername"
----
1
2
3
4

query T rowsort
select "name" from sys.columns where "table_id" in (select "id" from sys.tables where "name" = 'anothername')
----
somethingelse

statement ok
rollback to savepoint sp1

statement ok
insert into "anothername" values (5)

query I rowsort
select "something" from "anothername"
----
1
2
3
5

query T rowsort
select "name" from sys.columns where "table_id" in (select "id" from sys.tables where "name" = 'anothername')
----
something

statement ok
rollback

query T rowsort
select "name" from sys.tables where "name" in ('trychangeme', 'anothername')
----
trychangeme

statement ok
insert into "trychangeme" values (6)

query I rowsort
select "something" from "trychangeme"
----
1
6

statement ok
drop table "trychangeme"

query T rowsort
select "name" from sys.tables where "name" in ('trychangeme', 'anothername')
----

