statement ok
create schema testing

statement ok
start transaction

statement ok
alter schema "testing" rename to "altered"

query T rowsort
select "name" from sys.schemas where "name" = 'testing'
----

query T rowsort
select "name" from sys.schemas where "name" = 'altered'
----
altered

statement ok
create table "altered"."anothertable" (oneval int)

statement ok
insert into "altered"."anothertable" values (1)

statement ok
rollback

query T rowsort
select "name" from sys.schemas where "name" = 'testing'
----
testing

query T rowsort
select "name" from sys.schemas where "name" = 'altered'
----

query T rowsort
select "name" from sys.tables where "name" = 'anothertable'
----

statement ok
drop schema "testing"

query T rowsort
select "name" from sys.schemas where "name" in ('testing', 'altered')
----

query T rowsort
select "name" from sys.tables where "name" = 'anothertable'
----

statement ok
create schema testing

statement ok
start transaction

statement ok
alter schema "testing" rename to "altered"

statement error
this query is wrong

statement ok
rollback

statement ok
drop schema "testing"

query T rowsort
select "name" from sys.schemas where "name" in ('testing', 'altered')
----

statement ok
create schema testing

statement ok
start transaction

statement ok
alter schema "testing" rename to "altered"

statement ok
commit

query T rowsort
select "name" from sys.schemas where "name" in ('testing', 'altered')
----
altered

statement error
drop schema "testing"

statement ok
drop schema "altered"

query T rowsort
select "name" from sys.schemas where "name" in ('testing', 'altered')
----

