statement ok
create schema changeme

query TI rowsort
select "name", "system" from sys.schemas where "name" = 'changeme'
----
changeme
0

query TI rowsort
select "name", "system" from sys.schemas where "name" = 'changed'
----

statement ok
alter schema "changeme" rename to "changed"

query TI rowsort
select "name", "system" from sys.schemas where "name" = 'changeme'
----

query TI rowsort
select "name", "system" from sys.schemas where "name" = 'changed'
----
changed
0

statement ok
create table "changed"."testme" (oneval int)

statement ok
insert into "changed"."testme" values (1), (2), (NULL)

statement error
alter schema "changeme" rename to "another"

statement error
alter schema "changed" rename to "another"

statement error
select oneval from "changeme"."testme"

query I rowsort
select oneval from "changed"."testme"
----
1
2
NULL

statement error
drop table "changeme"."testme"

statement ok
drop table "changed"."testme"

statement error
drop schema "changeme"

statement ok
drop schema "changed"

query TI rowsort
select "name", "system" from sys.schemas where "name" in ('changeme', 'changed')
----

