statement ok
create schema "oldtables"

statement ok
create schema "newtables"

statement ok
create table "oldtables"."t1" ("a" int primary key, "b" int default '2')

query I rowsort
select "kk"."type" from "sys"."keys" "kk" inner join "sys"."tables" "tt" on "kk"."table_id" = "tt"."id" where "tt"."name" = 't1'
----
0

query I rowsort
select "ii"."type" from "sys"."idxs" "ii" inner join "sys"."tables" "tt" on "ii"."table_id" = "tt"."id" where "tt"."name" = 't1'
----
0

statement ok
insert into "oldtables"."t1" values (3, default)

query II rowsort
select "a", "b" from "oldtables"."t1"
----
3
2

statement ok
alter table "oldtables"."t1" set schema "newtables"

query I rowsort
select "kk"."type" from "sys"."keys" "kk" inner join "sys"."tables" "tt" on "kk"."table_id" = "tt"."id" where "tt"."name" = 't1'
----
0

query I rowsort
select "ii"."type" from "sys"."idxs" "ii" inner join "sys"."tables" "tt" on "ii"."table_id" = "tt"."id" where "tt"."name" = 't1'
----
0

statement ok
insert into "newtables"."t1" values (4, default)

query II rowsort
select "a", "b" from "newtables"."t1"
----
3
2
4
2

statement ok
create trigger "tr1" after insert on "newtables"."t1" insert into "newtables"."t1" values (5, default)

statement error
alter table "newtables"."t1" set schema "oldtables"

statement ok
drop schema "oldtables" cascade

statement ok
drop schema "newtables" cascade

query I rowsort
select "kk"."type" from "sys"."keys" "kk" inner join "sys"."tables" "tt" on "kk"."table_id" = "tt"."id" where "tt"."name" = 't1'
----

query I rowsort
select "ii"."type" from "sys"."idxs" "ii" inner join "sys"."tables" "tt" on "ii"."table_id" = "tt"."id" where "tt"."name" = 't1'
----

