statement ok
create schema changeme

query TI rowsort
select "name", "system" from sys.schemas where "name" = 'changeme'
----
changeme
0

query TI rowsort
select "name", "system" from sys.schemas where "name" = 'changed'
----

statement ok
alter schema "changeme" rename to "changed"

query TI rowsort
select "name", "system" from sys.schemas where "name" = 'changeme'
----

query TI rowsort
select "name", "system" from sys.schemas where "name" = 'changed'
----
changed
0

statement ok
create table "changed"."testme" (oneval int)

statement ok
insert into "changed"."testme" values (1), (2), (NULL)

statement ok
alter schema "changed" rename to "another"

statement error
select oneval from "changed"."testme"

statement error
select oneval from "changeme"."testme"

query I rowsort
select oneval from "another"."testme"
----
1
2
NULL

statement error
drop table "changeme"."testme"

statement error
drop table "changed"."testme"

statement error
drop schema "changeme"

statement error
drop schema "changed"

statement ok
drop schema "another" cascade

query TI rowsort
select "name", "system" from sys.schemas where "name" in ('changeme', 'changed', 'another')
----

statement ok
create schema foo

statement ok
create table foo.a as select * from generate_series(0,10)

statement ok
create schema bar

statement ok
create view av as select * from foo.a

statement error 2BM37!ALTER SCHEMA: unable to rename schema 'foo', there are database objects which depend on it
alter schema foo rename to foofoo

statement ok
drop schema foo cascade

statement ok
drop schema bar cascade
