statement ok
alter schema if exists "thisschemashouldnotexist" rename to "somethingelse"

query T rowsort
select "name" from sys.schemas where "name" in ('thisschemashouldnotexist', 'somethingelse')
----

statement ok
create schema "renameme"

statement ok
alter schema if exists "renameme" rename to "somethingelse"

query T rowsort
select "name" from sys.schemas where "name" in ('renameme', 'somethingelse')
----
somethingelse

statement ok
drop schema "somethingelse"

query T rowsort
select "name" from sys.tables where "name" = 'thistableshouldnotexist'
----

statement ok
alter table if exists "thistableshouldnotexist" rename to "somethingelse"

statement ok
alter table if exists "thistableshouldnotexist" rename column "some" to "other"

statement ok
alter table if exists "thistableshouldnotexist" drop column "a"

statement error
alter table "thistableshouldnotexist" add column "a" int

statement ok
create table "other_table"(a int)

statement ok
alter table if exists "other_table" SET READ ONLY

statement error
insert into "other_table" values (1)

statement ok
alter table "other_table" SET READ WRITE

statement ok
insert into "other_table" values (2)

query I rowsort
select "a" from "other_table"
----
2

statement ok
alter table if exists "other_table" rename to "other_stuff"

statement ok
alter table if exists "other_stuff" rename column "a" to "b"

statement error
alter table if exists "other_stuff" rename column "c" to "d"

query I rowsort
select "b" from "other_stuff"
----
2

statement error
alter table "other_stuff" add column "b" int

statement ok
alter table if exists "other_stuff" add column "c" int

query I rowsort
select "c" from "other_stuff"
----
NULL

statement ok
drop table "other_stuff"

