statement ok
create schema "oldtables"

statement ok
create schema "newtables"

statement ok
create table "oldtables"."atable" (a int)

statement ok
insert into "oldtables"."atable" values (1)

query I rowsort
select "a" from "oldtables"."atable" where false
----

statement error
select "a" from "newtables"."atable"

query T rowsort
select "ss"."name" from "sys"."tables" "tt" inner join "sys"."schemas" "ss" on "tt"."schema_id" = "ss"."id" where "tt"."name" = 'atable'
----
oldtables

statement ok
alter table "oldtables"."atable" set schema "newtables"

query T rowsort
select "ss"."name" from "sys"."tables" "tt" inner join "sys"."schemas" "ss" on "tt"."schema_id" = "ss"."id" where "tt"."name" = 'atable'
----
newtables

statement error
select "a" from "oldtables"."atable"

query I rowsort
select "a" from "newtables"."atable" where false
----

statement ok
start transaction

query T rowsort
select "ss"."name" from "sys"."tables" "tt" inner join "sys"."schemas" "ss" on "tt"."schema_id" = "ss"."id" where "tt"."name" = 'atable'
----
newtables

statement ok
alter table "newtables"."atable" set schema "oldtables"

query T rowsort
select "ss"."name" from "sys"."tables" "tt" inner join "sys"."schemas" "ss" on "tt"."schema_id" = "ss"."id" where "tt"."name" = 'atable'
----
oldtables

query I rowsort
select "a" from "oldtables"."atable" where false
----

statement ok
rollback

query T rowsort
select "ss"."name" from "sys"."tables" "tt" inner join "sys"."schemas" "ss" on "tt"."schema_id" = "ss"."id" where "tt"."name" = 'atable'
----
newtables

query I rowsort
select "a" from "newtables"."atable" where false
----

statement ok
drop schema "oldtables" cascade

statement ok
drop schema "newtables" cascade

