statement ok
create table "rename" (oneval int, twoval clob)

statement ok
insert into "rename" values (1, 'one'), (2, 'two')

query I rowsort
select oneval from "rename"
----
1
2

query T rowsort
select "name" from sys.tables where "name" = 'rename'
----
rename

query T rowsort
select "name" from sys.tables where "name" = 'ichanged'
----

query IT rowsort
select "oneval", "twoval" from "rename"
----
1
one
2
two

statement ok
alter table "rename" rename to "ichanged"

statement error
insert into "rename" values (0, 'ups')

statement ok
insert into "ichanged" values (3, 'three'), (4, 'four')

query T rowsort
select "name" from sys.tables where "name" = 'rename'
----

query T rowsort
select "name" from sys.tables where "name" = 'ichanged'
----
ichanged

statement error
select "oneval", "twoval" from "rename"

query IT rowsort
select "oneval", "twoval" from "ichanged"
----
1
one
2
two
3
three
4
four

statement error
select * from "rename"

query IT rowsort
select * from "ichanged"
----
1
one
2
two
3
three
4
four

query T rowsort
select "name" from sys.columns where "table_id" in (select "id" from sys.tables where "name" = 'rename')
----

query T rowsort
select "name" from sys.columns where "table_id" in (select "id" from sys.tables where "name" = 'ichanged')
----
oneval
twoval

statement error
alter table "rename" rename column "oneval" to "threeval"

statement ok
alter table "ichanged" rename column "oneval" to "threeval"

statement error
insert into "rename" values (NULL, NULL), (5, 'five')

statement ok
insert into "ichanged" values (NULL, NULL), (5, 'five')

statement error
insert into "ichanged" values (NULL, NULL), ('five', 5)

query T rowsort
select "name" from sys.columns where "table_id" in (select "id" from sys.tables where "name" = 'rename')
----

query T rowsort
select "name" from sys.columns where "table_id" in (select "id" from sys.tables where "name" = 'ichanged')
----
threeval
twoval

statement error
select "oneval", "twoval" from "ichanged"

query IT rowsort
select "threeval", "twoval" from "ichanged"
----
1
one
2
two
3
three
4
four
5
five
NULL
NULL

query IT rowsort
select * from "ichanged"
----
1
one
2
two
3
three
4
four
5
five
NULL
NULL

statement error
drop table "rename"

statement ok
drop table "ichanged"

query T rowsort
select "name" from sys.tables where "name" in ('rename', 'ichanged')
----

