statement ok
create table tbl (i int, s string, d decimal(5, 2))

statement error
copy 3 records into tbl (i, d) from stdin delimiters ',',E'\n'
<COPY_INTO_DATA>
1,2.0
2,2.1
3,2.2

query ITR rowsort
select * from tbl
----

statement ok
drop table tbl

statement ok
create table tbl (i int, s string, d decimal(5, 2))

statement ok
copy 3 records into tbl (i, d) from stdin delimiters ',',E'\n'
<COPY_INTO_DATA>
1,"test",2.0
2,"test1",2.1
3,"test",2.2

query ITR rowsort
select * from tbl
----
1
NULL
2.000
2
NULL
2.100
3
NULL
2.200

statement ok
drop table tbl

statement ok
create table tbl (i int, s string, d decimal(5, 2))

statement ok
copy 3 records into tbl (i, d) from stdin (i, d) delimiters ',',E'\n'
<COPY_INTO_DATA>
1,2.0
2,2.1
3,2.2

query ITR rowsort
select * from tbl
----
1
NULL
2.000
2
NULL
2.100
3
NULL
2.200

statement ok
drop table tbl

