statement ok
start transaction

statement ok
create table t_str(s string, t string)

statement ok
copy 1 records into t_str from stdin delimiters ',',E'\n'
<COPY_INTO_DATA>
hello,world

statement ok
copy 1 records into t_str from stdin delimiters ',',E'\n','"'
<COPY_INTO_DATA>
hello,world

statement ok
copy 1 records into t_str from stdin delimiters ',',E'\n','"'
<COPY_INTO_DATA>
"hello","world"

statement ok
copy 1 records into t_str from stdin delimiters ',',E'\n','"'
<COPY_INTO_DATA>
"hello,world","all"

statement ok
copy 1 records into t_str from stdin delimiters ',',E'\n','"'
<COPY_INTO_DATA>
"hello\nworld","all"

query TT rowsort
select * from t_str
----
hello
world
hello
world
hello
world
hello,world
all
hello@world
all

statement ok
copy 1 records into t_str from stdin delimiters ',',E'\n','"'
<COPY_INTO_DATA>
"hello\
world","all"

query TT rowsort
select * from t_str
----
hello
world
hello
world
hello
world
hello,world
all
hello@world
all
hello@world
all

statement ok
drop table t_str

statement ok
rollback

