statement ok
start transaction

statement ok
create table t_columns(i int, t string)

statement ok
copy 7 records into t_columns from stdin delimiters ',',E'\n' best effort
<COPY_INTO_DATA>
1,hello
2
no tag
3,too much,xyz
4,world
5,wereld
6,maan

query IT rowsort
select * from t_columns
----
1
hello
4
world
5
wereld
6
maan

query IITT rowsort
select * from sys.rejects()
----
1
0
Column value missing
2@
2
0
Column value missing
no tag@
3
2
Leftover data 'xyz'
3,too much@

statement ok
drop table t_columns

statement ok
rollback

