statement ok
create table cik1(i int, primary key(i))

statement ok
create table cik2(i int, j int, primary key(i,j))

statement error
copy 4 records into cik1 from stdin USING DELIMITERS ',',E'\n','"' NULL AS ''
<COPY_INTO_DATA>
0
5
5
9

query I rowsort
select * from cik1
----

statement error
copy 4 records into cik2 from stdin USING DELIMITERS ',',E'\n','"' NULL AS ''
<COPY_INTO_DATA>
0,1
5,1
5,1
9,1

query II rowsort
select * from cik2
----

statement ok
drop table cik1

statement ok
drop table cik2

