query IT rowsort
SELECT * FROM R'$TSTSRCDIR/aapnootmies.csv'
----
1
aap
2
noot
3
mies

statement ok
DROP TABLE IF EXISTS foo

statement ok
CREATE TABLE foo(i INT, t TEXT)

statement ok
INSERT INTO foo SELECT * FROM R'$TSTSRCDIR/aapnootmies.csv'

query IT rowsort
SELECT * FROM foo
----
1
aap
2
noot
3
mies

query IT nosort
SELECT * FROM R'$TSTSRCDIR/aapnootmies.csv' ORDER BY name_1
----
1
aap
3
mies
2
noot

query IT nosort
SELECT * FROM R'$TSTSRCDIR/aapnootmies.csv' WHERE name_1 = 'aap'
----
1
aap

query IT rowsort
SELECT count(name_0), name_1 FROM R'$TSTSRCDIR/aapnootmies.csv' GROUP BY name_1
----
1
aap
1
mies
1
noot

query IT nosort
SELECT * FROM R'$TSTSRCDIR/aapnootmies.csv' a WHERE a.name_1 = 'aap'
----
1
aap

