statement ok
CREATE TABLE table_two (this_column INTEGER)

statement ok
INSERT INTO table_two VALUES (1)

statement ok
INSERT INTO table_two VALUES (2)

statement ok
INSERT INTO table_two VALUES (null)

query I rowsort
SELECT * FROM table_two
----
1
2
NULL

query II rowsort
SELECT this_column, (CASE WHEN this_column IS NULL THEN 0 ELSE 1 END) AS new_column FROM table_two
----
1
1
2
1
NULL
0

query II rowsort
SELECT this_column, (CASE this_column WHEN NULL THEN 0 ELSE 1 END) AS new_column FROM table_two
----
1
1
2
1
NULL
1

statement ok
DROP TABLE table_two

