statement ok
START TRANSACTION

statement ok
CREATE TABLE bug3932 (a VARCHAR(5), b VARCHAR(10))

statement ok
INSERT INTO bug3932 VALUES ('12345','1234567890')

query T rowsort
SELECT CASE WHEN 1=2 THEN a ELSE b END FROM bug3932
----
1234567890

query T rowsort
SELECT CASE WHEN 1=2 THEN a ELSE 'lala' END FROM bug3932
----
lala

statement ok
ROLLBACK

