query IT rowsort
select * from dependency_types where dependency_type_id IN (1, 2)
----
1
SCHEMA
2
TABLE

query IT rowsort
select * from sys.dependency_types where dependency_type_id IN (1, 2)
----
1
SCHEMA
2
TABLE

statement error
select * from sys.sys.dependency_types where dependency_type_id IN (1, 2)

statement error
select * from sys.sys.sys.dependency_types

query IT rowsort
select * from table_types where table_type_id IN (0, 1)
----
0
TABLE
1
VIEW

query IT rowsort
select * from sys.table_types where table_type_id IN (0, 1)
----
0
TABLE
1
VIEW

statement error
select * from sys.sys.table_types where table_type_id IN (0, 1)

statement error
select * from sys.sys.sys.table_types

statement ok
set schema tmp

statement ok
create temporary table tmp.t3948 (c1 int) ON COMMIT PRESERVE ROWS

statement ok
insert into tmp.t3948 values (10), (20)

query I rowsort
select * from tmp.t3948
----
10
20

query I rowsort
select * from t3948
----
10
20

statement error
select * from tmp.tmp.t3948

statement error
select * from tmp.tmp.tmp.t3948

statement ok
drop table tmp.t3948

statement ok
set schema sys

statement ok
create table sys.t3948 (c1 int)

statement ok
insert into sys.t3948 values (11), (21)

query I rowsort
select * from sys.t3948
----
11
21

query I rowsort
select * from t3948
----
11
21

statement error
select * from sys.sys.t3948

statement error
select * from sys.sys.sys.t3948

statement ok
drop table sys.t3948

query I rowsort
select * from generate_series(1,2)
----
1

query I rowsort
select * from sys.generate_series(1,2)
----
1

statement error
select * from sys.sys.generate_series(1,2)

statement error
select * from sys.sys.sys.generate_series(1,2)

