statement ok
CREATE TABLE t_alias (a int NOT NULL, b int NOT NULL, c varchar(10) NOT NULL)

statement ok
INSERT INTO t_alias (a, b, c) VALUES (1, 10, 'tien')

statement ok
INSERT INTO t_alias (a, b, c) VALUES (11, 2, 'elf')

query IIT rowsort
SELECT * FROM t_alias ORDER BY 1
----
1
10
tien
11
2
elf

query IIT rowsort
SELECT a AS "A", b AS "B", c AS "C" FROM t_alias ORDER BY 1
----
1
10
tien
11
2
elf

statement error
SELECT a AS "A", b AS "B", c AS "C" FROM t_alias WHERE "A" < "B"

query IIT rowsort
SELECT * FROM (SELECT a AS "A", b AS "B", c AS "C" FROM t_alias) T1 WHERE "A" < "B"
----
1
10
tien

query IIT rowsort
SELECT a AS "A", CAST(b * b AS BIGINT) AS "B", c AS "C" FROM t_alias WHERE "b" * b >99
----
1
100
tien

statement error
SELECT a AS "A", b * b AS "B", c AS "C" FROM t_alias WHERE "B" >99

query IIT rowsort
SELECT * FROM (SELECT a AS "A", CAST(b * b AS BIGINT) AS "B", c AS "C" FROM t_alias) T1 WHERE "B" >99
----
1
100
tien

query IIT rowsort
SELECT a AS "A", b AS "B", c AS "C" FROM t_alias WHERE "c" LIKE '%en'
----
1
10
tien

statement error
SELECT a AS "A", b AS "B", c AS "C" FROM t_alias WHERE "C" LIKE '%en'

query IIT rowsort
SELECT * FROM (SELECT a AS "A", b AS "B", c AS "C" FROM t_alias) T1 WHERE "C" LIKE '%en'
----
1
10
tien

query TIT rowsort
SELECT cast(null as char(1)) AS "CAT", a AS "A", c AS "C" FROM t_alias WHERE "c" = 'null'
----

statement error
SELECT cast(null as char(1)) AS "CAT", a AS "A", c AS "C" FROM t_alias WHERE "CAT" = NULL

query TIT rowsort
SELECT * FROM (SELECT cast(null as char(1)) AS "CAT", a AS "A", c AS "C" FROM t_alias) T1 WHERE "CAT" = NULL
----

statement error
SELECT cast(null as char(1)) AS "CAT", a AS "A", c AS "C" FROM t_alias WHERE "CAT" IS NULL

query TIT rowsort
SELECT * FROM (SELECT cast(null as char(1)) AS "CAT", a AS "A", c AS "C" FROM t_alias) T1 WHERE "CAT" IS NULL
----
NULL
1
tien
NULL
11
elf

statement error
SELECT cast(null as char(1)) AS "CAT", a AS "A", c AS "C" FROM t_alias WHERE "CAT" IS NULL or "CAT" = NULL

query TIT rowsort
SELECT * FROM (SELECT cast(null as char(1)) AS "CAT", a AS "A", c AS "C" FROM t_alias) T1 WHERE "CAT" IS NULL or "CAT" = NULL
----
NULL
1
tien
NULL
11
elf

query TIT rowsort
SELECT * FROM (SELECT cast(null as char(1)) AS "CAT", a AS "A", c AS "C" FROM t_alias) T1 WHERE "CAT" IS NULL and "CAT" = NULL
----

query IIT rowsort
SELECT a AS "A", b AS "B", c AS "C" FROM t_alias ORDER BY "C", "A", "B"
----
1
10
tien
11
2
elf

query IT rowsort
SELECT CAST(a*b AS BIGINT) AS "A*B", c AS "C" FROM t_alias GROUP BY "C", "A*B"
----
10
tien
22
elf

query IT rowsort
SELECT CAST(a*b*b AS BIGINT) AS "A*B", c AS "C" FROM t_alias GROUP BY "C", "A*B" HAVING "A*B" IS NOT NULL ORDER BY -"A*B"
----
100
tien
44
elf

statement ok
DROP TABLE t_alias

