statement ok
START TRANSACTION

statement ok
create table x (a1 int, prob double)

statement ok
create table y (a1 int, prob double)

statement ok
create table z (a1 int, prob double)

query IR rowsort
with xy as (
SELECT x.a1 as a1, x.prob + y.prob as prob FROM x, y WHERE x.a1=y.a1
UNION ALL
SELECT x.a1 as a1, x.prob as prob FROM x WHERE x.a1 NOT IN (select a1 from y)
UNION ALL
SELECT y.a1 as a1, y.prob as prob FROM y WHERE y.a1 NOT IN (select a1 from x)
)
SELECT xy.a1 as a1, xy.prob + z.prob as prob FROM xy, z WHERE xy.a1=z.a1
UNION ALL
SELECT xy.a1 as a1, xy.prob as prob FROM xy WHERE xy.a1 NOT IN (select a1 from z)
UNION ALL
SELECT z.a1 as a1, z.prob as prob FROM z WHERE z.a1 NOT IN (select a1 from xy)
----

query IR rowsort
with xy as (
SELECT x.a1 as a1, x.prob + y.prob as prob FROM x, y WHERE x.a1=y.a1
UNION ALL
SELECT x.a1 as a1, x.prob as prob FROM x WHERE x.a1 NOT IN (SELECT x.a1 FROM x, y WHERE x.a1=y.a1)
UNION ALL
SELECT y.a1 as a1, y.prob as prob FROM y WHERE y.a1 NOT IN (SELECT x.a1 FROM x, y WHERE x.a1=y.a1)
)
SELECT xy.a1 as a1, xy.prob + z.prob as prob FROM xy, z WHERE xy.a1=z.a1
UNION ALL
SELECT xy.a1 as a1, xy.prob as prob FROM xy WHERE xy.a1 NOT IN (SELECT xy.a1 FROM xy, z WHERE xy.a1=z.a1)
UNION ALL
SELECT z.a1 as a1, z.prob as prob FROM z WHERE z.a1 NOT IN (SELECT xy.a1 FROM xy, z WHERE xy.a1=z.a1)
----

query IR rowsort
with xy as (
SELECT x.a1 as a1, x.prob + y.prob as prob FROM x, y WHERE x.a1=y.a1
UNION ALL
SELECT x.a1 as a1, x.prob as prob FROM x WHERE x.a1 NOT IN (select a1 from y)
UNION ALL
SELECT y.a1 as a1, y.prob as prob FROM y WHERE y.a1 NOT IN (select a1 from x)
)
SELECT xy.a1 as a1, xy.prob + z.prob as prob FROM xy, z WHERE xy.a1=z.a1
UNION ALL
SELECT xy.a1 as a1, xy.prob as prob FROM xy WHERE xy.a1 NOT IN (select a1 from z)
UNION ALL
SELECT z.a1 as a1, z.prob as prob FROM z WHERE z.a1 NOT IN (select a1 from xy)
LIMIT 5
----

query IR rowsort
with xy as (
SELECT x.a1 as a1, x.prob + y.prob as prob FROM x, y WHERE x.a1=y.a1
UNION ALL
SELECT x.a1 as a1, x.prob as prob FROM x WHERE x.a1 NOT IN (SELECT x.a1 FROM x, y WHERE x.a1=y.a1)
UNION ALL
SELECT y.a1 as a1, y.prob as prob FROM y WHERE y.a1 NOT IN (SELECT x.a1 FROM x, y WHERE x.a1=y.a1)
)
SELECT xy.a1 as a1, xy.prob + z.prob as prob FROM xy, z WHERE xy.a1=z.a1
UNION ALL
SELECT xy.a1 as a1, xy.prob as prob FROM xy WHERE xy.a1 NOT IN (SELECT xy.a1 FROM xy, z WHERE xy.a1=z.a1)
UNION ALL
SELECT z.a1 as a1, z.prob as prob FROM z WHERE z.a1 NOT IN (SELECT xy.a1 FROM xy, z WHERE xy.a1=z.a1)
LIMIT 5
----

statement ok
drop table x

statement ok
drop table y

statement ok
drop table z

statement ok
ROLLBACK

