statement ok
CREATE TABLE T_hugeint (v hugeint)

statement ok
INSERT into T_hugeint VALUES (1), (0), (-1), (-127), (127), (-32767), (32767), (-2147483647), (2147483647)

statement ok
INSERT into T_hugeint VALUES (null)

query I rowsort
SELECT v FROM T_hugeint ORDER BY v
----
-1
-127
-2147483647
-32767
0
1
127
2147483647
32767
NULL

query II rowsort
SELECT v, convert(v, boolean) from T_hugeint
----
-1
1
-127
1
-2147483647
1
-32767
1
0
0
1
1
127
1
2147483647
1
32767
1
NULL
NULL

statement error
SELECT v, convert(v, bit) from T_hugeint

query II rowsort
SELECT v, convert(v, tinyint) from T_hugeint where v between -127 and 127
----
-1
-1
-127
-127
0
0
1
1
127
127

query II rowsort
SELECT v, convert(v, smallint) from T_hugeint where v between -32767 and 32767
----
-1
-1
-127
-127
-32767
-32767
0
0
1
1
127
127
32767
32767

query II rowsort
SELECT v, convert(v, integer) from T_hugeint
----
-1
-1
-127
-127
-2147483647
-2147483647
-32767
-32767
0
0
1
1
127
127
2147483647
2147483647
32767
32767
NULL
NULL

query II rowsort
SELECT v, convert(v, bigint) from T_hugeint
----
-1
-1
-127
-127
-2147483647
-2147483647
-32767
-32767
0
0
1
1
127
127
2147483647
2147483647
32767
32767
NULL
NULL

query II rowsort
SELECT v, convert(v, hugeint) from T_hugeint
----
-1
-1
-127
-127
-2147483647
-2147483647
-32767
-32767
0
0
1
1
127
127
2147483647
2147483647
32767
32767
NULL
NULL

query IR rowsort
SELECT v, convert(v, float) from T_hugeint
----
-1
-1.000
-127
-127.000
-2147483647
-2147483647.000
-32767
-32767.000
0
0.000
1
1.000
127
127.000
2147483647
2147483647.000
32767
32767.000
NULL
NULL

query IT rowsort
SELECT v, convert(v, float(24)) from T_hugeint
----
-1
-1.0
-127
-127.0
-2147483647
-2147483600.0
-32767
-32767.0
0
0.0
1
1.0
127
127.0
2147483647
2147483600.0
32767
32767.0
NULL
NULL

query IT rowsort
SELECT v, convert(v, real) from T_hugeint
----
-1
-1.0
-127
-127.0
-2147483647
-2147483600.0
-32767
-32767.0
0
0.0
1
1.0
127
127.0
2147483647
2147483600.0
32767
32767.0
NULL
NULL

query IR rowsort
SELECT v, convert(v, double) from T_hugeint
----
-1
-1.000
-127
-127.000
-2147483647
-2147483647.000
-32767
-32767.000
0
0.000
1
1.000
127
127.000
2147483647
2147483647.000
32767
32767.000
NULL
NULL

query IR rowsort
SELECT v, convert(v, double precision) from T_hugeint
----
-1
-1.000
-127
-127.000
-2147483647
-2147483647.000
-32767
-32767.000
0
0.000
1
1.000
127
127.000
2147483647
2147483647.000
32767
32767.000
NULL
NULL

query IR rowsort
SELECT v, convert(v, numeric) from T_hugeint
----
-1
-1.000
-127
-127.000
-2147483647
-2147483647.000
-32767
-32767.000
0
0.000
1
1.000
127
127.000
2147483647
2147483647.000
32767
32767.000
NULL
NULL

query IR rowsort
SELECT v, convert(v, decimal) from T_hugeint
----
-1
-1.000
-127
-127.000
-2147483647
-2147483647.000
-32767
-32767.000
0
0.000
1
1.000
127
127.000
2147483647
2147483647.000
32767
32767.000
NULL
NULL

query IR rowsort
SELECT v, convert(v, numeric(10)) from T_hugeint
----
-1
-1.000
-127
-127.000
-2147483647
-2147483647.000
-32767
-32767.000
0
0.000
1
1.000
127
127.000
2147483647
2147483647.000
32767
32767.000
NULL
NULL

query IR rowsort
SELECT v, convert(v, decimal(11)) from T_hugeint
----
-1
-1.000
-127
-127.000
-2147483647
-2147483647.000
-32767
-32767.000
0
0.000
1
1.000
127
127.000
2147483647
2147483647.000
32767
32767.000
NULL
NULL

query IR rowsort
SELECT v, convert(v, numeric(12,0)) from T_hugeint
----
-1
-1.000
-127
-127.000
-2147483647
-2147483647.000
-32767
-32767.000
0
0.000
1
1.000
127
127.000
2147483647
2147483647.000
32767
32767.000
NULL
NULL

query IR rowsort
SELECT v, convert(v, decimal(15,3)) from T_hugeint
----
-1
-1.000
-127
-127.000
-2147483647
-2147483647.000
-32767
-32767.000
0
0.000
1
1.000
127
127.000
2147483647
2147483647.000
32767
32767.000
NULL
NULL

query IT rowsort
SELECT v, convert(v, char) from T_hugeint where v between 0 and 1
----
0
0
1
1

statement error
SELECT v, convert(v, varchar) from T_hugeint

query IT rowsort
SELECT v, convert(v, varchar(16)) from T_hugeint
----
-1
-1
-127
-127
-2147483647
-2147483647
-32767
-32767
0
0
1
1
127
127
2147483647
2147483647
32767
32767
NULL
NULL

statement error
SELECT v, convert(v, longvarchar) from T_hugeint

statement error
SELECT v, convert(v, long varchar) from T_hugeint

query IT rowsort
SELECT v, convert(v, CHARACTER LARGE OBJECT) from T_hugeint
----
-1
-1
-127
-127
-2147483647
-2147483647
-32767
-32767
0
0
1
1
127
127
2147483647
2147483647
32767
32767
NULL
NULL

query IT rowsort
SELECT v, convert(v, Clob) from T_hugeint
----
-1
-1
-127
-127
-2147483647
-2147483647
-32767
-32767
0
0
1
1
127
127
2147483647
2147483647
32767
32767
NULL
NULL

statement error
SELECT v, convert(v, Binary) from T_hugeint

statement error
SELECT v, convert(v, varBinary) from T_hugeint

statement error
SELECT v, convert(v, longvarBinary) from T_hugeint

statement error
SELECT v, convert(v, Blob) from T_hugeint

statement error
SELECT v, convert(v, date) from T_hugeint

statement error
SELECT v, convert(v, time) from T_hugeint

statement error
SELECT v, convert(v, timestamp) from T_hugeint

statement error
SELECT v, convert(v, time with time zone) from T_hugeint

statement error
SELECT v, convert(v, timestamp with time zone) from T_hugeint

query II rowsort
SELECT v, cast(v as boolean) from T_hugeint
----
-1
1
-127
1
-2147483647
1
-32767
1
0
0
1
1
127
1
2147483647
1
32767
1
NULL
NULL

statement error
SELECT v, cast(v as bit) from T_hugeint

query II rowsort
SELECT v, cast(v as tinyint) from T_hugeint where v between -127 and 127
----
-1
-1
-127
-127
0
0
1
1
127
127

query II rowsort
SELECT v, cast(v as smallint) from T_hugeint where v between -32767 and 32767
----
-1
-1
-127
-127
-32767
-32767
0
0
1
1
127
127
32767
32767

query II rowsort
SELECT v, cast(v as integer) from T_hugeint
----
-1
-1
-127
-127
-2147483647
-2147483647
-32767
-32767
0
0
1
1
127
127
2147483647
2147483647
32767
32767
NULL
NULL

query II rowsort
SELECT v, cast(v as bigint) from T_hugeint
----
-1
-1
-127
-127
-2147483647
-2147483647
-32767
-32767
0
0
1
1
127
127
2147483647
2147483647
32767
32767
NULL
NULL

query II rowsort
SELECT v, cast(v as hugeint) from T_hugeint
----
-1
-1
-127
-127
-2147483647
-2147483647
-32767
-32767
0
0
1
1
127
127
2147483647
2147483647
32767
32767
NULL
NULL

query IR rowsort
SELECT v, cast(v as float) from T_hugeint
----
-1
-1.000
-127
-127.000
-2147483647
-2147483647.000
-32767
-32767.000
0
0.000
1
1.000
127
127.000
2147483647
2147483647.000
32767
32767.000
NULL
NULL

query IT rowsort
SELECT v, cast(v as float(24)) from T_hugeint
----
-1
-1.0
-127
-127.0
-2147483647
-2147483600.0
-32767
-32767.0
0
0.0
1
1.0
127
127.0
2147483647
2147483600.0
32767
32767.0
NULL
NULL

query IT rowsort
SELECT v, cast(v as real) from T_hugeint
----
-1
-1.0
-127
-127.0
-2147483647
-2147483600.0
-32767
-32767.0
0
0.0
1
1.0
127
127.0
2147483647
2147483600.0
32767
32767.0
NULL
NULL

query IR rowsort
SELECT v, cast(v as double) from T_hugeint
----
-1
-1.000
-127
-127.000
-2147483647
-2147483647.000
-32767
-32767.000
0
0.000
1
1.000
127
127.000
2147483647
2147483647.000
32767
32767.000
NULL
NULL

query IR rowsort
SELECT v, cast(v as double precision) from T_hugeint
----
-1
-1.000
-127
-127.000
-2147483647
-2147483647.000
-32767
-32767.000
0
0.000
1
1.000
127
127.000
2147483647
2147483647.000
32767
32767.000
NULL
NULL

query IR rowsort
SELECT v, cast(v as numeric) from T_hugeint
----
-1
-1.000
-127
-127.000
-2147483647
-2147483647.000
-32767
-32767.000
0
0.000
1
1.000
127
127.000
2147483647
2147483647.000
32767
32767.000
NULL
NULL

query IR rowsort
SELECT v, cast(v as decimal) from T_hugeint
----
-1
-1.000
-127
-127.000
-2147483647
-2147483647.000
-32767
-32767.000
0
0.000
1
1.000
127
127.000
2147483647
2147483647.000
32767
32767.000
NULL
NULL

query IR rowsort
SELECT v, cast(v as numeric(10)) from T_hugeint
----
-1
-1.000
-127
-127.000
-2147483647
-2147483647.000
-32767
-32767.000
0
0.000
1
1.000
127
127.000
2147483647
2147483647.000
32767
32767.000
NULL
NULL

query IR rowsort
SELECT v, cast(v as decimal(11)) from T_hugeint
----
-1
-1.000
-127
-127.000
-2147483647
-2147483647.000
-32767
-32767.000
0
0.000
1
1.000
127
127.000
2147483647
2147483647.000
32767
32767.000
NULL
NULL

query IR rowsort
SELECT v, cast(v as numeric(12,0)) from T_hugeint
----
-1
-1.000
-127
-127.000
-2147483647
-2147483647.000
-32767
-32767.000
0
0.000
1
1.000
127
127.000
2147483647
2147483647.000
32767
32767.000
NULL
NULL

query IR rowsort
SELECT v, cast(v as decimal(15,3)) from T_hugeint
----
-1
-1.000
-127
-127.000
-2147483647
-2147483647.000
-32767
-32767.000
0
0.000
1
1.000
127
127.000
2147483647
2147483647.000
32767
32767.000
NULL
NULL

query IT rowsort
SELECT v, cast(v as char) from T_hugeint where v between 0 and 1
----
0
0
1
1

statement error
SELECT v, cast(v as varchar) from T_hugeint

query IT rowsort
SELECT v, cast(v as varchar(16)) from T_hugeint
----
-1
-1
-127
-127
-2147483647
-2147483647
-32767
-32767
0
0
1
1
127
127
2147483647
2147483647
32767
32767
NULL
NULL

statement error
SELECT v, cast(v as longvarchar) from T_hugeint

statement error
SELECT v, cast(v as long varchar) from T_hugeint

query IT rowsort
SELECT v, cast(v as CHARACTER LARGE OBJECT) from T_hugeint
----
-1
-1
-127
-127
-2147483647
-2147483647
-32767
-32767
0
0
1
1
127
127
2147483647
2147483647
32767
32767
NULL
NULL

query IT rowsort
SELECT v, cast(v as Clob) from T_hugeint
----
-1
-1
-127
-127
-2147483647
-2147483647
-32767
-32767
0
0
1
1
127
127
2147483647
2147483647
32767
32767
NULL
NULL

statement error
SELECT v, cast(v as Binary) from T_hugeint

statement error
SELECT v, cast(v as varBinary) from T_hugeint

statement error
SELECT v, cast(v as longvarBinary) from T_hugeint

statement error
SELECT v, cast(v as Blob) from T_hugeint

statement error
SELECT v, cast(v as date) from T_hugeint

statement error
SELECT v, cast(v as time) from T_hugeint

statement error
SELECT v, cast(v as timestamp) from T_hugeint

statement error
SELECT v, cast(v as time with time zone) from T_hugeint

statement error
SELECT v, cast(v as timestamp with time zone) from T_hugeint

statement ok
DROP TABLE T_hugeint

