statement ok
set optimizer = 'sequential_pipe'

statement ok
SET TIME ZONE INTERVAL '+02:00' HOUR TO MINUTE

statement ok
CREATE TABLE T_boolean (v boolean)

statement ok
INSERT into T_boolean VALUES (true), (false)

statement ok
INSERT into T_boolean VALUES (1), (0)

statement ok
INSERT into T_boolean VALUES (null)

query I rowsort
SELECT v FROM T_boolean ORDER BY v
----
0
0
1
1
NULL

query II rowsort
SELECT v, convert(v, boolean) from T_BOOLEAN
----
0
0
0
0
1
1
1
1
NULL
NULL

statement error
SELECT v, convert(v, bit) from T_BOOLEAN

query II rowsort
SELECT v, convert(v, tinyint) from T_BOOLEAN
----
0
0
0
0
1
1
1
1
NULL
NULL

query II rowsort
SELECT v, convert(v, smallint) from T_BOOLEAN
----
0
0
0
0
1
1
1
1
NULL
NULL

query II rowsort
SELECT v, convert(v, integer) from T_BOOLEAN
----
0
0
0
0
1
1
1
1
NULL
NULL

query II rowsort
SELECT v, convert(v, bigint) from T_BOOLEAN
----
0
0
0
0
1
1
1
1
NULL
NULL

query II rowsort
SELECT v, convert(v, hugeint) from T_BOOLEAN
----
0
0
0
0
1
1
1
1
NULL
NULL

statement error
SELECT v, convert(v, float) from T_BOOLEAN

statement error
SELECT v, convert(v, float(24)) from T_BOOLEAN

statement error
SELECT v, convert(v, real) from T_BOOLEAN

statement error
SELECT v, convert(v, double) from T_BOOLEAN

statement error
SELECT v, convert(v, double precision) from T_BOOLEAN

statement error
SELECT v, convert(v, numeric) from T_BOOLEAN

statement error
SELECT v, convert(v, decimal) from T_BOOLEAN

statement error
SELECT v, convert(v, numeric(7)) from T_BOOLEAN

statement error
SELECT v, convert(v, decimal(9)) from T_BOOLEAN

statement error
SELECT v, convert(v, numeric(12,0)) from T_BOOLEAN

statement error
SELECT v, convert(v, decimal(15,3)) from T_BOOLEAN

query IT rowsort
SELECT v, convert(v, char) from T_BOOLEAN
----
0
f
0
f
1
t
1
t
NULL
NULL

statement error
SELECT v, convert(v, varchar) from T_BOOLEAN

query IT rowsort
SELECT v, convert(v, varchar(6)) from T_BOOLEAN
----
0
false
0
false
1
true
1
true
NULL
NULL

statement error
SELECT v, convert(v, longvarchar) from T_BOOLEAN

statement error
SELECT v, convert(v, long varchar) from T_BOOLEAN

query IT rowsort
SELECT v, convert(v, CHARACTER LARGE OBJECT) from T_BOOLEAN
----
0
false
0
false
1
true
1
true
NULL
NULL

query IT rowsort
SELECT v, convert(v, Clob) from T_BOOLEAN
----
0
false
0
false
1
true
1
true
NULL
NULL

statement error
SELECT v, convert(v, Binary) from T_BOOLEAN

statement error
SELECT v, convert(v, varBinary) from T_BOOLEAN

statement error
SELECT v, convert(v, longvarBinary) from T_BOOLEAN

statement error
SELECT v, convert(v, Blob) from T_BOOLEAN

statement error
SELECT v, convert(v, date) from T_BOOLEAN

statement error
SELECT v, convert(v, time) from T_BOOLEAN

statement error
SELECT v, convert(v, timestamp) from T_BOOLEAN

statement error
SELECT v, convert(v, time with time zone) from T_BOOLEAN

statement error
SELECT v, convert(v, timestamp with time zone) from T_BOOLEAN

query II rowsort
SELECT v, cast(v as boolean) from T_BOOLEAN
----
0
0
0
0
1
1
1
1
NULL
NULL

statement error
SELECT v, cast(v as bit) from T_BOOLEAN

query II rowsort
SELECT v, cast(v as tinyint) from T_BOOLEAN
----
0
0
0
0
1
1
1
1
NULL
NULL

query II rowsort
SELECT v, cast(v as smallint) from T_BOOLEAN
----
0
0
0
0
1
1
1
1
NULL
NULL

query II rowsort
SELECT v, cast(v as integer) from T_BOOLEAN
----
0
0
0
0
1
1
1
1
NULL
NULL

query II rowsort
SELECT v, cast(v as bigint) from T_BOOLEAN
----
0
0
0
0
1
1
1
1
NULL
NULL

query II rowsort
SELECT v, cast(v as hugeint) from T_BOOLEAN
----
0
0
0
0
1
1
1
1
NULL
NULL

statement error
SELECT v, cast(v as float) from T_BOOLEAN

statement error
SELECT v, cast(v as float(24)) from T_BOOLEAN

statement error
SELECT v, cast(v as real) from T_BOOLEAN

statement error
SELECT v, cast(v as double) from T_BOOLEAN

statement error
SELECT v, cast(v as double precision) from T_BOOLEAN

statement error
SELECT v, cast(v as numeric) from T_BOOLEAN

statement error
SELECT v, cast(v as decimal) from T_BOOLEAN

statement error
SELECT v, cast(v as numeric(7)) from T_BOOLEAN

statement error
SELECT v, cast(v as decimal(9)) from T_BOOLEAN

statement error
SELECT v, cast(v as numeric(12,0)) from T_BOOLEAN

statement error
SELECT v, cast(v as decimal(15,3)) from T_BOOLEAN

query IT rowsort
SELECT v, cast(v as char) from T_BOOLEAN
----
0
f
0
f
1
t
1
t
NULL
NULL

statement error
SELECT v, cast(v as varchar) from T_BOOLEAN

query IT rowsort
SELECT v, cast(v as varchar(6)) from T_BOOLEAN
----
0
false
0
false
1
true
1
true
NULL
NULL

statement error
SELECT v, cast(v as longvarchar) from T_BOOLEAN

statement error
SELECT v, cast(v as long varchar) from T_BOOLEAN

query IT rowsort
SELECT v, cast(v as CHARACTER LARGE OBJECT) from T_BOOLEAN
----
0
false
0
false
1
true
1
true
NULL
NULL

query IT rowsort
SELECT v, cast(v as Clob) from T_BOOLEAN
----
0
false
0
false
1
true
1
true
NULL
NULL

statement error
SELECT v, cast(v as Binary) from T_BOOLEAN

statement error
SELECT v, cast(v as varBinary) from T_BOOLEAN

statement error
SELECT v, cast(v as longvarBinary) from T_BOOLEAN

statement error
SELECT v, cast(v as Blob) from T_BOOLEAN

statement error
SELECT v, cast(v as date) from T_BOOLEAN

statement error
SELECT v, cast(v as time) from T_BOOLEAN

statement error
SELECT v, cast(v as timestamp) from T_BOOLEAN

statement error
SELECT v, cast(v as time with time zone) from T_BOOLEAN

statement error
SELECT v, cast(v as timestamp with time zone) from T_BOOLEAN

statement error
SELECT v, convert(v, XML) from T_BOOLEAN

statement error
SELECT v, convert(v, REF) from T_BOOLEAN

statement error
SELECT v, convert(v, ROWID) from T_BOOLEAN

statement error
SELECT v, convert(v, STRUCT) from T_BOOLEAN

statement error
SELECT v, cast(v as XML) from T_BOOLEAN

statement error
SELECT v, cast(v as REF) from T_BOOLEAN

statement error
SELECT v, cast(v as ROWID) from T_BOOLEAN

statement error
SELECT v, cast(v as STRUCT) from T_BOOLEAN

statement ok
DROP TABLE T_BOOLEAN

statement ok
CREATE TABLE T_blob (v BLOB)

statement ok
INSERT into T_blob VALUES ('00'), ('11'), ('0123456789'), ('A0B2C3D4F5'), ('')

statement ok
INSERT into T_blob VALUES (null)

query T rowsort
SELECT v FROM T_blob ORDER BY v
----
(empty)
00
0123456789
11
A0B2C3D4F5
NULL

statement error
SELECT v, convert(v, boolean) from T_blob

statement error
SELECT v, convert(v, bit) from T_blob

statement error
SELECT v, convert(v, tinyint) from T_blob where v between '00' and '11'

statement error
SELECT v, convert(v, smallint) from T_blob where v between '00' and '11'

statement error
SELECT v, convert(v, integer) from T_blob where v between '00' and '11'

statement error
SELECT v, convert(v, bigint) from T_blob where v between '00' and '11'

statement error
SELECT v, convert(v, hugeint) from T_blob where v between '00' and '11'

statement error
SELECT v, convert(v, float) from T_blob where v between '00' and '11'

statement error
SELECT v, convert(v, float(24)) from T_blob where v between '00' and '11'

statement error
SELECT v, convert(v, real) from T_blob where v between '00' and '11'

statement error
SELECT v, convert(v, double) from T_blob where v between '00' and '11'

statement error
SELECT v, convert(v, double precision) from T_blob where v between '00' and '11'

statement error
SELECT v, convert(v, numeric) from T_blob where v between '00' and '11'

statement error
SELECT v, convert(v, decimal) from T_blob where v between '00' and '11'

statement error
SELECT v, convert(v, numeric(10)) from T_blob where v between '00' and '11'

statement error
SELECT v, convert(v, decimal(11)) from T_blob where v between '00' and '11'

statement error
SELECT v, convert(v, numeric(12,0)) from T_blob where v between '00' and '11'

statement error
SELECT v, convert(v, decimal(15,3)) from T_blob where v between '00' and '11'

statement error
SELECT v, convert(v, char) from T_blob where v between '11' and '11'

statement error
SELECT v, convert(v, varchar) from T_blob

query TT rowsort
SELECT v, convert(v, varchar(16)) from T_blob
----
(empty)
(empty)
00
00
0123456789
0123456789
11
11
A0B2C3D4F5
A0B2C3D4F5
NULL
NULL

statement error
SELECT v, convert(v, longvarchar) from T_blob

statement error
SELECT v, convert(v, long varchar) from T_blob

query TT rowsort
SELECT v, convert(v, CHARACTER LARGE OBJECT) from T_blob
----
(empty)
(empty)
00
00
0123456789
0123456789
11
11
A0B2C3D4F5
A0B2C3D4F5
NULL
NULL

query TT rowsort
SELECT v, convert(v, Clob) from T_blob
----
(empty)
(empty)
00
00
0123456789
0123456789
11
11
A0B2C3D4F5
A0B2C3D4F5
NULL
NULL

statement error
SELECT v, convert(v, Binary) from T_blob

statement error
SELECT v, convert(v, varBinary) from T_blob

statement error
SELECT v, convert(v, longvarBinary) from T_blob

query TT rowsort
SELECT v, convert(v, Blob) from T_blob
----
(empty)
(empty)
00
00
0123456789
0123456789
11
11
A0B2C3D4F5
A0B2C3D4F5
NULL
NULL

statement error
SELECT v, convert(v, date) from T_blob

statement error
SELECT v, convert(v, time) from T_blob

statement error
SELECT v, convert(v, timestamp) from T_blob

statement error
SELECT v, convert(v, time with time zone) from T_blob

statement error
SELECT v, convert(v, timestamp with time zone) from T_blob

statement error
SELECT v, cast(v as boolean) from T_blob

statement error
SELECT v, cast(v as bit) from T_blob

statement error
SELECT v, cast(v as tinyint) from T_blob where v between '00' and '11'

statement error
SELECT v, cast(v as smallint) from T_blob where v between '00' and '11'

statement error
SELECT v, cast(v as integer) from T_blob where v between '00' and '11'

statement error
SELECT v, cast(v as bigint) from T_blob where v between '00' and '11'

statement error
SELECT v, cast(v as hugeint) from T_blob where v between '00' and '11'

statement error
SELECT v, cast(v as float) from T_blob where v between '00' and '11'

statement error
SELECT v, cast(v as float(24)) from T_blob where v between '00' and '11'

statement error
SELECT v, cast(v as real) from T_blob where v between '00' and '11'

statement error
SELECT v, cast(v as double) from T_blob where v between '00' and '11'

statement error
SELECT v, cast(v as double precision) from T_blob where v between '00' and '11'

statement error
SELECT v, cast(v as numeric) from T_blob where v between '00' and '11'

statement error
SELECT v, cast(v as decimal) from T_blob where v between '00' and '11'

statement error
SELECT v, cast(v as numeric(10)) from T_blob where v between '00' and '11'

statement error
SELECT v, cast(v as decimal(11)) from T_blob where v between '00' and '11'

statement error
SELECT v, cast(v as numeric(12,0)) from T_blob where v between '00' and '11'

statement error
SELECT v, cast(v as decimal(15,3)) from T_blob where v between '00' and '11'

statement error
SELECT v, cast(v as char) from T_blob where v between '11' and '11'

statement error
SELECT v, cast(v as varchar) from T_blob

query TT rowsort
SELECT v, cast(v as varchar(16)) from T_blob
----
(empty)
(empty)
00
00
0123456789
0123456789
11
11
A0B2C3D4F5
A0B2C3D4F5
NULL
NULL

statement error
SELECT v, cast(v as longvarchar) from T_blob

statement error
SELECT v, cast(v as long varchar) from T_blob

query TT rowsort
SELECT v, cast(v as CHARACTER LARGE OBJECT) from T_blob
----
(empty)
(empty)
00
00
0123456789
0123456789
11
11
A0B2C3D4F5
A0B2C3D4F5
NULL
NULL

query TT rowsort
SELECT v, cast(v as Clob) from T_blob
----
(empty)
(empty)
00
00
0123456789
0123456789
11
11
A0B2C3D4F5
A0B2C3D4F5
NULL
NULL

statement error
SELECT v, cast(v as Binary) from T_blob

statement error
SELECT v, cast(v as varBinary) from T_blob

statement error
SELECT v, cast(v as longvarBinary) from T_blob

query TT rowsort
SELECT v, cast(v as Blob) from T_blob
----
(empty)
(empty)
00
00
0123456789
0123456789
11
11
A0B2C3D4F5
A0B2C3D4F5
NULL
NULL

statement error
SELECT v, cast(v as date) from T_blob

statement error
SELECT v, cast(v as time) from T_blob

statement error
SELECT v, cast(v as timestamp) from T_blob

statement error
SELECT v, cast(v as time with time zone) from T_blob

statement error
SELECT v, cast(v as timestamp with time zone) from T_blob

statement ok
DROP TABLE T_blob

statement ok
CREATE TABLE T_tinyint (v tinyint)

statement ok
INSERT into T_tinyint VALUES (1), (0), (-1), (-127), (127)

statement ok
INSERT into T_tinyint VALUES (null)

query I rowsort
SELECT v FROM T_tinyint ORDER BY v
----
-1
-127
0
1
127
NULL

query II rowsort
SELECT v, convert(v, boolean) from T_tinyint
----
-1
1
-127
1
0
0
1
1
127
1
NULL
NULL

statement error
SELECT v, convert(v, bit) from T_tinyint

query II rowsort
SELECT v, convert(v, tinyint) from T_tinyint
----
-1
-1
-127
-127
0
0
1
1
127
127
NULL
NULL

query II rowsort
SELECT v, convert(v, smallint) from T_tinyint
----
-1
-1
-127
-127
0
0
1
1
127
127
NULL
NULL

query II rowsort
SELECT v, convert(v, integer) from T_tinyint
----
-1
-1
-127
-127
0
0
1
1
127
127
NULL
NULL

query II rowsort
SELECT v, convert(v, bigint) from T_tinyint
----
-1
-1
-127
-127
0
0
1
1
127
127
NULL
NULL

query II rowsort
SELECT v, convert(v, hugeint) from T_tinyint
----
-1
-1
-127
-127
0
0
1
1
127
127
NULL
NULL

query IR rowsort
SELECT v, convert(v, float) from T_tinyint
----
-1
-1.000
-127
-127.000
0
0.000
1
1.000
127
127.000
NULL
NULL

query IT rowsort
SELECT v, convert(v, float(24)) from T_tinyint
----
-1
-1.0
-127
-127.0
0
0.0
1
1.0
127
127.0
NULL
NULL

query IT rowsort
SELECT v, convert(v, real) from T_tinyint
----
-1
-1.0
-127
-127.0
0
0.0
1
1.0
127
127.0
NULL
NULL

query IR rowsort
SELECT v, convert(v, double) from T_tinyint
----
-1
-1.000
-127
-127.000
0
0.000
1
1.000
127
127.000
NULL
NULL

query IR rowsort
SELECT v, convert(v, double precision) from T_tinyint
----
-1
-1.000
-127
-127.000
0
0.000
1
1.000
127
127.000
NULL
NULL

query IR rowsort
SELECT v, convert(v, numeric) from T_tinyint
----
-1
-1.000
-127
-127.000
0
0.000
1
1.000
127
127.000
NULL
NULL

query IR rowsort
SELECT v, convert(v, decimal) from T_tinyint
----
-1
-1.000
-127
-127.000
0
0.000
1
1.000
127
127.000
NULL
NULL

query IR rowsort
SELECT v, convert(v, numeric(7)) from T_tinyint
----
-1
-1.000
-127
-127.000
0
0.000
1
1.000
127
127.000
NULL
NULL

query IR rowsort
SELECT v, convert(v, decimal(9)) from T_tinyint
----
-1
-1.000
-127
-127.000
0
0.000
1
1.000
127
127.000
NULL
NULL

query IR rowsort
SELECT v, convert(v, numeric(12,0)) from T_tinyint
----
-1
-1.000
-127
-127.000
0
0.000
1
1.000
127
127.000
NULL
NULL

query IR rowsort
SELECT v, convert(v, decimal(15,3)) from T_tinyint
----
-1
-1.000
-127
-127.000
0
0.000
1
1.000
127
127.000
NULL
NULL

query IT rowsort
SELECT v, convert(v, char) from T_tinyint where v between 0 and 1
----
0
0
1
1

statement error
SELECT v, convert(v, varchar) from T_tinyint

query IT rowsort
SELECT v, convert(v, varchar(6)) from T_tinyint
----
-1
-1
-127
-127
0
0
1
1
127
127
NULL
NULL

statement error
SELECT v, convert(v, longvarchar) from T_tinyint

statement error
SELECT v, convert(v, long varchar) from T_tinyint

query IT rowsort
SELECT v, convert(v, CHARACTER LARGE OBJECT) from T_tinyint
----
-1
-1
-127
-127
0
0
1
1
127
127
NULL
NULL

query IT rowsort
SELECT v, convert(v, Clob) from T_tinyint
----
-1
-1
-127
-127
0
0
1
1
127
127
NULL
NULL

statement error
SELECT v, convert(v, Binary) from T_tinyint

statement error
SELECT v, convert(v, varBinary) from T_tinyint

statement error
SELECT v, convert(v, longvarBinary) from T_tinyint

statement error
SELECT v, convert(v, Blob) from T_tinyint

statement error
SELECT v, convert(v, date) from T_tinyint

statement error
SELECT v, convert(v, time) from T_tinyint

statement error
SELECT v, convert(v, timestamp) from T_tinyint

statement error
SELECT v, convert(v, time with time zone) from T_tinyint

statement error
SELECT v, convert(v, timestamp with time zone) from T_tinyint

query II rowsort
SELECT v, cast(v as boolean) from T_tinyint
----
-1
1
-127
1
0
0
1
1
127
1
NULL
NULL

statement error
SELECT v, cast(v as bit) from T_tinyint

query II rowsort
SELECT v, cast(v as tinyint) from T_tinyint
----
-1
-1
-127
-127
0
0
1
1
127
127
NULL
NULL

query II rowsort
SELECT v, cast(v as smallint) from T_tinyint
----
-1
-1
-127
-127
0
0
1
1
127
127
NULL
NULL

query II rowsort
SELECT v, cast(v as integer) from T_tinyint
----
-1
-1
-127
-127
0
0
1
1
127
127
NULL
NULL

query II rowsort
SELECT v, cast(v as bigint) from T_tinyint
----
-1
-1
-127
-127
0
0
1
1
127
127
NULL
NULL

query II rowsort
SELECT v, cast(v as hugeint) from T_tinyint
----
-1
-1
-127
-127
0
0
1
1
127
127
NULL
NULL

query IR rowsort
SELECT v, cast(v as float) from T_tinyint
----
-1
-1.000
-127
-127.000
0
0.000
1
1.000
127
127.000
NULL
NULL

query IT rowsort
SELECT v, cast(v as float(24)) from T_tinyint
----
-1
-1.0
-127
-127.0
0
0.0
1
1.0
127
127.0
NULL
NULL

query IT rowsort
SELECT v, cast(v as real) from T_tinyint
----
-1
-1.0
-127
-127.0
0
0.0
1
1.0
127
127.0
NULL
NULL

query IR rowsort
SELECT v, cast(v as double) from T_tinyint
----
-1
-1.000
-127
-127.000
0
0.000
1
1.000
127
127.000
NULL
NULL

query IR rowsort
SELECT v, cast(v as double precision) from T_tinyint
----
-1
-1.000
-127
-127.000
0
0.000
1
1.000
127
127.000
NULL
NULL

query IR rowsort
SELECT v, cast(v as numeric) from T_tinyint
----
-1
-1.000
-127
-127.000
0
0.000
1
1.000
127
127.000
NULL
NULL

query IR rowsort
SELECT v, cast(v as decimal) from T_tinyint
----
-1
-1.000
-127
-127.000
0
0.000
1
1.000
127
127.000
NULL
NULL

query IR rowsort
SELECT v, cast(v as numeric(7)) from T_tinyint
----
-1
-1.000
-127
-127.000
0
0.000
1
1.000
127
127.000
NULL
NULL

query IR rowsort
SELECT v, cast(v as decimal(9)) from T_tinyint
----
-1
-1.000
-127
-127.000
0
0.000
1
1.000
127
127.000
NULL
NULL

query IR rowsort
SELECT v, cast(v as numeric(12,0)) from T_tinyint
----
-1
-1.000
-127
-127.000
0
0.000
1
1.000
127
127.000
NULL
NULL

query IR rowsort
SELECT v, cast(v as decimal(15,3)) from T_tinyint
----
-1
-1.000
-127
-127.000
0
0.000
1
1.000
127
127.000
NULL
NULL

query IT rowsort
SELECT v, cast(v as char) from T_tinyint where v between 0 and 1
----
0
0
1
1

statement error
SELECT v, cast(v as varchar) from T_tinyint

query IT rowsort
SELECT v, cast(v as varchar(6)) from T_tinyint
----
-1
-1
-127
-127
0
0
1
1
127
127
NULL
NULL

statement error
SELECT v, cast(v as longvarchar) from T_tinyint

statement error
SELECT v, cast(v as long varchar) from T_tinyint

query IT rowsort
SELECT v, cast(v as CHARACTER LARGE OBJECT) from T_tinyint
----
-1
-1
-127
-127
0
0
1
1
127
127
NULL
NULL

query IT rowsort
SELECT v, cast(v as Clob) from T_tinyint
----
-1
-1
-127
-127
0
0
1
1
127
127
NULL
NULL

statement error
SELECT v, cast(v as Binary) from T_tinyint

statement error
SELECT v, cast(v as varBinary) from T_tinyint

statement error
SELECT v, cast(v as longvarBinary) from T_tinyint

statement error
SELECT v, cast(v as Blob) from T_tinyint

statement error
SELECT v, cast(v as date) from T_tinyint

statement error
SELECT v, cast(v as time) from T_tinyint

statement error
SELECT v, cast(v as timestamp) from T_tinyint

statement error
SELECT v, cast(v as time with time zone) from T_tinyint

statement error
SELECT v, cast(v as timestamp with time zone) from T_tinyint

statement ok
DROP TABLE T_tinyint

statement ok
CREATE TABLE T_smallint (v smallint)

statement ok
INSERT into T_smallint VALUES (1), (0), (-1), (-127), (127), (-32767), (32767)

statement ok
INSERT into T_smallint VALUES (null)

query I rowsort
SELECT v FROM T_smallint ORDER BY v
----
-1
-127
-32767
0
1
127
32767
NULL

query II rowsort
SELECT v, convert(v, boolean) from T_smallint
----
-1
1
-127
1
-32767
1
0
0
1
1
127
1
32767
1
NULL
NULL

statement error
SELECT v, convert(v, bit) from T_smallint

query II rowsort
SELECT v, convert(v, tinyint) from T_smallint where v between -127 and 127
----
-1
-1
-127
-127
0
0
1
1
127
127

query II rowsort
SELECT v, convert(v, smallint) from T_smallint
----
-1
-1
-127
-127
-32767
-32767
0
0
1
1
127
127
32767
32767
NULL
NULL

query II rowsort
SELECT v, convert(v, integer) from T_smallint
----
-1
-1
-127
-127
-32767
-32767
0
0
1
1
127
127
32767
32767
NULL
NULL

query II rowsort
SELECT v, convert(v, bigint) from T_smallint
----
-1
-1
-127
-127
-32767
-32767
0
0
1
1
127
127
32767
32767
NULL
NULL

query II rowsort
SELECT v, convert(v, hugeint) from T_smallint
----
-1
-1
-127
-127
-32767
-32767
0
0
1
1
127
127
32767
32767
NULL
NULL

query IR rowsort
SELECT v, convert(v, float) from T_smallint
----
-1
-1.000
-127
-127.000
-32767
-32767.000
0
0.000
1
1.000
127
127.000
32767
32767.000
NULL
NULL

query IT rowsort
SELECT v, convert(v, float(24)) from T_smallint
----
-1
-1.0
-127
-127.0
-32767
-32767.0
0
0.0
1
1.0
127
127.0
32767
32767.0
NULL
NULL

query IT rowsort
SELECT v, convert(v, real) from T_smallint
----
-1
-1.0
-127
-127.0
-32767
-32767.0
0
0.0
1
1.0
127
127.0
32767
32767.0
NULL
NULL

query IR rowsort
SELECT v, convert(v, double) from T_smallint
----
-1
-1.000
-127
-127.000
-32767
-32767.000
0
0.000
1
1.000
127
127.000
32767
32767.000
NULL
NULL

query IR rowsort
SELECT v, convert(v, double precision) from T_smallint
----
-1
-1.000
-127
-127.000
-32767
-32767.000
0
0.000
1
1.000
127
127.000
32767
32767.000
NULL
NULL

query IR rowsort
SELECT v, convert(v, numeric) from T_smallint
----
-1
-1.000
-127
-127.000
-32767
-32767.000
0
0.000
1
1.000
127
127.000
32767
32767.000
NULL
NULL

query IR rowsort
SELECT v, convert(v, decimal) from T_smallint
----
-1
-1.000
-127
-127.000
-32767
-32767.000
0
0.000
1
1.000
127
127.000
32767
32767.000
NULL
NULL

query IR rowsort
SELECT v, convert(v, numeric(7)) from T_smallint
----
-1
-1.000
-127
-127.000
-32767
-32767.000
0
0.000
1
1.000
127
127.000
32767
32767.000
NULL
NULL

query IR rowsort
SELECT v, convert(v, decimal(9)) from T_smallint
----
-1
-1.000
-127
-127.000
-32767
-32767.000
0
0.000
1
1.000
127
127.000
32767
32767.000
NULL
NULL

query IR rowsort
SELECT v, convert(v, numeric(12,0)) from T_smallint
----
-1
-1.000
-127
-127.000
-32767
-32767.000
0
0.000
1
1.000
127
127.000
32767
32767.000
NULL
NULL

query IR rowsort
SELECT v, convert(v, decimal(15,3)) from T_smallint
----
-1
-1.000
-127
-127.000
-32767
-32767.000
0
0.000
1
1.000
127
127.000
32767
32767.000
NULL
NULL

query IT rowsort
SELECT v, convert(v, char) from T_smallint where v between 0 and 1
----
0
0
1
1

statement error
SELECT v, convert(v, varchar) from T_smallint

query IT rowsort
SELECT v, convert(v, varchar(6)) from T_smallint
----
-1
-1
-127
-127
-32767
-32767
0
0
1
1
127
127
32767
32767
NULL
NULL

statement error
SELECT v, convert(v, longvarchar) from T_smallint

statement error
SELECT v, convert(v, long varchar) from T_smallint

query IT rowsort
SELECT v, convert(v, CHARACTER LARGE OBJECT) from T_smallint
----
-1
-1
-127
-127
-32767
-32767
0
0
1
1
127
127
32767
32767
NULL
NULL

query IT rowsort
SELECT v, convert(v, Clob) from T_smallint
----
-1
-1
-127
-127
-32767
-32767
0
0
1
1
127
127
32767
32767
NULL
NULL

statement error
SELECT v, convert(v, Binary) from T_smallint

statement error
SELECT v, convert(v, varBinary) from T_smallint

statement error
SELECT v, convert(v, longvarBinary) from T_smallint

statement error
SELECT v, convert(v, Blob) from T_smallint

statement error
SELECT v, convert(v, date) from T_smallint

statement error
SELECT v, convert(v, time) from T_smallint

statement error
SELECT v, convert(v, timestamp) from T_smallint

statement error
SELECT v, convert(v, time with time zone) from T_smallint

statement error
SELECT v, convert(v, timestamp with time zone) from T_smallint

query II rowsort
SELECT v, cast(v as boolean) from T_smallint
----
-1
1
-127
1
-32767
1
0
0
1
1
127
1
32767
1
NULL
NULL

statement error
SELECT v, cast(v as bit) from T_smallint

query II rowsort
SELECT v, cast(v as tinyint) from T_smallint where v between -127 and 127
----
-1
-1
-127
-127
0
0
1
1
127
127

query II rowsort
SELECT v, cast(v as smallint) from T_smallint
----
-1
-1
-127
-127
-32767
-32767
0
0
1
1
127
127
32767
32767
NULL
NULL

query II rowsort
SELECT v, cast(v as integer) from T_smallint
----
-1
-1
-127
-127
-32767
-32767
0
0
1
1
127
127
32767
32767
NULL
NULL

query II rowsort
SELECT v, cast(v as bigint) from T_smallint
----
-1
-1
-127
-127
-32767
-32767
0
0
1
1
127
127
32767
32767
NULL
NULL

query II rowsort
SELECT v, cast(v as hugeint) from T_smallint
----
-1
-1
-127
-127
-32767
-32767
0
0
1
1
127
127
32767
32767
NULL
NULL

query IR rowsort
SELECT v, cast(v as float) from T_smallint
----
-1
-1.000
-127
-127.000
-32767
-32767.000
0
0.000
1
1.000
127
127.000
32767
32767.000
NULL
NULL

query IT rowsort
SELECT v, cast(v as float(24)) from T_smallint
----
-1
-1.0
-127
-127.0
-32767
-32767.0
0
0.0
1
1.0
127
127.0
32767
32767.0
NULL
NULL

query IT rowsort
SELECT v, cast(v as real) from T_smallint
----
-1
-1.0
-127
-127.0
-32767
-32767.0
0
0.0
1
1.0
127
127.0
32767
32767.0
NULL
NULL

query IR rowsort
SELECT v, cast(v as double) from T_smallint
----
-1
-1.000
-127
-127.000
-32767
-32767.000
0
0.000
1
1.000
127
127.000
32767
32767.000
NULL
NULL

query IR rowsort
SELECT v, cast(v as double precision) from T_smallint
----
-1
-1.000
-127
-127.000
-32767
-32767.000
0
0.000
1
1.000
127
127.000
32767
32767.000
NULL
NULL

query IR rowsort
SELECT v, cast(v as numeric) from T_smallint
----
-1
-1.000
-127
-127.000
-32767
-32767.000
0
0.000
1
1.000
127
127.000
32767
32767.000
NULL
NULL

query IR rowsort
SELECT v, cast(v as decimal) from T_smallint
----
-1
-1.000
-127
-127.000
-32767
-32767.000
0
0.000
1
1.000
127
127.000
32767
32767.000
NULL
NULL

query IR rowsort
SELECT v, cast(v as numeric(7)) from T_smallint
----
-1
-1.000
-127
-127.000
-32767
-32767.000
0
0.000
1
1.000
127
127.000
32767
32767.000
NULL
NULL

query IR rowsort
SELECT v, cast(v as decimal(9)) from T_smallint
----
-1
-1.000
-127
-127.000
-32767
-32767.000
0
0.000
1
1.000
127
127.000
32767
32767.000
NULL
NULL

query IR rowsort
SELECT v, cast(v as numeric(12,0)) from T_smallint
----
-1
-1.000
-127
-127.000
-32767
-32767.000
0
0.000
1
1.000
127
127.000
32767
32767.000
NULL
NULL

query IR rowsort
SELECT v, cast(v as decimal(15,3)) from T_smallint
----
-1
-1.000
-127
-127.000
-32767
-32767.000
0
0.000
1
1.000
127
127.000
32767
32767.000
NULL
NULL

query IT rowsort
SELECT v, cast(v as char) from T_smallint where v between 0 and 1
----
0
0
1
1

statement error
SELECT v, cast(v as varchar) from T_smallint

query IT rowsort
SELECT v, cast(v as varchar(6)) from T_smallint
----
-1
-1
-127
-127
-32767
-32767
0
0
1
1
127
127
32767
32767
NULL
NULL

statement error
SELECT v, cast(v as longvarchar) from T_smallint

statement error
SELECT v, cast(v as long varchar) from T_smallint

query IT rowsort
SELECT v, cast(v as CHARACTER LARGE OBJECT) from T_smallint
----
-1
-1
-127
-127
-32767
-32767
0
0
1
1
127
127
32767
32767
NULL
NULL

query IT rowsort
SELECT v, cast(v as Clob) from T_smallint
----
-1
-1
-127
-127
-32767
-32767
0
0
1
1
127
127
32767
32767
NULL
NULL

statement error
SELECT v, cast(v as Binary) from T_smallint

statement error
SELECT v, cast(v as varBinary) from T_smallint

statement error
SELECT v, cast(v as longvarBinary) from T_smallint

statement error
SELECT v, cast(v as Blob) from T_smallint

statement error
SELECT v, cast(v as date) from T_smallint

statement error
SELECT v, cast(v as time) from T_smallint

statement error
SELECT v, cast(v as timestamp) from T_smallint

statement error
SELECT v, cast(v as time with time zone) from T_smallint

statement error
SELECT v, cast(v as timestamp with time zone) from T_smallint

statement ok
DROP TABLE T_smallint

statement ok
CREATE TABLE T_int (v int)

statement ok
INSERT into T_int VALUES (1), (0), (-1), (-127), (127), (-32767), (32767), (-2147483647), (2147483647)

statement ok
INSERT into T_int VALUES (null)

query I rowsort
SELECT v FROM T_int ORDER BY v
----
-1
-127
-2147483647
-32767
0
1
127
2147483647
32767
NULL

query II rowsort
SELECT v, convert(v, boolean) from T_int
----
-1
1
-127
1
-2147483647
1
-32767
1
0
0
1
1
127
1
2147483647
1
32767
1
NULL
NULL

statement error
SELECT v, convert(v, bit) from T_int

query II rowsort
SELECT v, convert(v, tinyint) from T_int where v between -127 and 127
----
-1
-1
-127
-127
0
0
1
1
127
127

query II rowsort
SELECT v, convert(v, smallint) from T_int where v between -32767 and 32767
----
-1
-1
-127
-127
-32767
-32767
0
0
1
1
127
127
32767
32767

query II rowsort
SELECT v, convert(v, integer) from T_int
----
-1
-1
-127
-127
-2147483647
-2147483647
-32767
-32767
0
0
1
1
127
127
2147483647
2147483647
32767
32767
NULL
NULL

query II rowsort
SELECT v, convert(v, bigint) from T_int
----
-1
-1
-127
-127
-2147483647
-2147483647
-32767
-32767
0
0
1
1
127
127
2147483647
2147483647
32767
32767
NULL
NULL

query II rowsort
SELECT v, convert(v, hugeint) from T_int
----
-1
-1
-127
-127
-2147483647
-2147483647
-32767
-32767
0
0
1
1
127
127
2147483647
2147483647
32767
32767
NULL
NULL

query IR rowsort
SELECT v, convert(v, float) from T_int
----
-1
-1.000
-127
-127.000
-2147483647
-2147483647.000
-32767
-32767.000
0
0.000
1
1.000
127
127.000
2147483647
2147483647.000
32767
32767.000
NULL
NULL

query IT rowsort
SELECT v, convert(v, float(24)) from T_int
----
-1
-1.0
-127
-127.0
-2147483647
-2147483600.0
-32767
-32767.0
0
0.0
1
1.0
127
127.0
2147483647
2147483600.0
32767
32767.0
NULL
NULL

query IT rowsort
SELECT v, convert(v, real) from T_int
----
-1
-1.0
-127
-127.0
-2147483647
-2147483600.0
-32767
-32767.0
0
0.0
1
1.0
127
127.0
2147483647
2147483600.0
32767
32767.0
NULL
NULL

query IR rowsort
SELECT v, convert(v, double) from T_int
----
-1
-1.000
-127
-127.000
-2147483647
-2147483647.000
-32767
-32767.000
0
0.000
1
1.000
127
127.000
2147483647
2147483647.000
32767
32767.000
NULL
NULL

query IR rowsort
SELECT v, convert(v, double precision) from T_int
----
-1
-1.000
-127
-127.000
-2147483647
-2147483647.000
-32767
-32767.000
0
0.000
1
1.000
127
127.000
2147483647
2147483647.000
32767
32767.000
NULL
NULL

query IR rowsort
SELECT v, convert(v, numeric) from T_int
----
-1
-1.000
-127
-127.000
-2147483647
-2147483647.000
-32767
-32767.000
0
0.000
1
1.000
127
127.000
2147483647
2147483647.000
32767
32767.000
NULL
NULL

query IR rowsort
SELECT v, convert(v, decimal) from T_int
----
-1
-1.000
-127
-127.000
-2147483647
-2147483647.000
-32767
-32767.000
0
0.000
1
1.000
127
127.000
2147483647
2147483647.000
32767
32767.000
NULL
NULL

query IR rowsort
SELECT v, convert(v, numeric(10)) from T_int
----
-1
-1.000
-127
-127.000
-2147483647
-2147483647.000
-32767
-32767.000
0
0.000
1
1.000
127
127.000
2147483647
2147483647.000
32767
32767.000
NULL
NULL

query IR rowsort
SELECT v, convert(v, decimal(11)) from T_int
----
-1
-1.000
-127
-127.000
-2147483647
-2147483647.000
-32767
-32767.000
0
0.000
1
1.000
127
127.000
2147483647
2147483647.000
32767
32767.000
NULL
NULL

query IR rowsort
SELECT v, convert(v, numeric(12,0)) from T_int
----
-1
-1.000
-127
-127.000
-2147483647
-2147483647.000
-32767
-32767.000
0
0.000
1
1.000
127
127.000
2147483647
2147483647.000
32767
32767.000
NULL
NULL

query IR rowsort
SELECT v, convert(v, decimal(15,3)) from T_int
----
-1
-1.000
-127
-127.000
-2147483647
-2147483647.000
-32767
-32767.000
0
0.000
1
1.000
127
127.000
2147483647
2147483647.000
32767
32767.000
NULL
NULL

query IT rowsort
SELECT v, convert(v, char) from T_int where v between 0 and 1
----
0
0
1
1

statement error
SELECT v, convert(v, varchar) from T_int

query IT rowsort
SELECT v, convert(v, varchar(16)) from T_int
----
-1
-1
-127
-127
-2147483647
-2147483647
-32767
-32767
0
0
1
1
127
127
2147483647
2147483647
32767
32767
NULL
NULL

statement error
SELECT v, convert(v, longvarchar) from T_int

statement error
SELECT v, convert(v, long varchar) from T_int

query IT rowsort
SELECT v, convert(v, CHARACTER LARGE OBJECT) from T_int
----
-1
-1
-127
-127
-2147483647
-2147483647
-32767
-32767
0
0
1
1
127
127
2147483647
2147483647
32767
32767
NULL
NULL

query IT rowsort
SELECT v, convert(v, Clob) from T_int
----
-1
-1
-127
-127
-2147483647
-2147483647
-32767
-32767
0
0
1
1
127
127
2147483647
2147483647
32767
32767
NULL
NULL

statement error
SELECT v, convert(v, Binary) from T_int

statement error
SELECT v, convert(v, varBinary) from T_int

statement error
SELECT v, convert(v, longvarBinary) from T_int

statement error
SELECT v, convert(v, Blob) from T_int

statement error
SELECT v, convert(v, date) from T_int

statement error
SELECT v, convert(v, time) from T_int

statement error
SELECT v, convert(v, timestamp) from T_int

statement error
SELECT v, convert(v, time with time zone) from T_int

statement error
SELECT v, convert(v, timestamp with time zone) from T_int

query II rowsort
SELECT v, cast(v as boolean) from T_int
----
-1
1
-127
1
-2147483647
1
-32767
1
0
0
1
1
127
1
2147483647
1
32767
1
NULL
NULL

statement error
SELECT v, cast(v as bit) from T_int

query II rowsort
SELECT v, cast(v as tinyint) from T_int where v between -127 and 127
----
-1
-1
-127
-127
0
0
1
1
127
127

query II rowsort
SELECT v, cast(v as smallint) from T_int where v between -32767 and 32767
----
-1
-1
-127
-127
-32767
-32767
0
0
1
1
127
127
32767
32767

query II rowsort
SELECT v, cast(v as integer) from T_int
----
-1
-1
-127
-127
-2147483647
-2147483647
-32767
-32767
0
0
1
1
127
127
2147483647
2147483647
32767
32767
NULL
NULL

query II rowsort
SELECT v, cast(v as bigint) from T_int
----
-1
-1
-127
-127
-2147483647
-2147483647
-32767
-32767
0
0
1
1
127
127
2147483647
2147483647
32767
32767
NULL
NULL

query II rowsort
SELECT v, cast(v as hugeint) from T_int
----
-1
-1
-127
-127
-2147483647
-2147483647
-32767
-32767
0
0
1
1
127
127
2147483647
2147483647
32767
32767
NULL
NULL

query IR rowsort
SELECT v, cast(v as float) from T_int
----
-1
-1.000
-127
-127.000
-2147483647
-2147483647.000
-32767
-32767.000
0
0.000
1
1.000
127
127.000
2147483647
2147483647.000
32767
32767.000
NULL
NULL

query IT rowsort
SELECT v, cast(v as float(24)) from T_int
----
-1
-1.0
-127
-127.0
-2147483647
-2147483600.0
-32767
-32767.0
0
0.0
1
1.0
127
127.0
2147483647
2147483600.0
32767
32767.0
NULL
NULL

query IT rowsort
SELECT v, cast(v as real) from T_int
----
-1
-1.0
-127
-127.0
-2147483647
-2147483600.0
-32767
-32767.0
0
0.0
1
1.0
127
127.0
2147483647
2147483600.0
32767
32767.0
NULL
NULL

query IR rowsort
SELECT v, cast(v as double) from T_int
----
-1
-1.000
-127
-127.000
-2147483647
-2147483647.000
-32767
-32767.000
0
0.000
1
1.000
127
127.000
2147483647
2147483647.000
32767
32767.000
NULL
NULL

query IR rowsort
SELECT v, cast(v as double precision) from T_int
----
-1
-1.000
-127
-127.000
-2147483647
-2147483647.000
-32767
-32767.000
0
0.000
1
1.000
127
127.000
2147483647
2147483647.000
32767
32767.000
NULL
NULL

query IR rowsort
SELECT v, cast(v as numeric) from T_int
----
-1
-1.000
-127
-127.000
-2147483647
-2147483647.000
-32767
-32767.000
0
0.000
1
1.000
127
127.000
2147483647
2147483647.000
32767
32767.000
NULL
NULL

query IR rowsort
SELECT v, cast(v as decimal) from T_int
----
-1
-1.000
-127
-127.000
-2147483647
-2147483647.000
-32767
-32767.000
0
0.000
1
1.000
127
127.000
2147483647
2147483647.000
32767
32767.000
NULL
NULL

query IR rowsort
SELECT v, cast(v as numeric(10)) from T_int
----
-1
-1.000
-127
-127.000
-2147483647
-2147483647.000
-32767
-32767.000
0
0.000
1
1.000
127
127.000
2147483647
2147483647.000
32767
32767.000
NULL
NULL

query IR rowsort
SELECT v, cast(v as decimal(11)) from T_int
----
-1
-1.000
-127
-127.000
-2147483647
-2147483647.000
-32767
-32767.000
0
0.000
1
1.000
127
127.000
2147483647
2147483647.000
32767
32767.000
NULL
NULL

query IR rowsort
SELECT v, cast(v as numeric(12,0)) from T_int
----
-1
-1.000
-127
-127.000
-2147483647
-2147483647.000
-32767
-32767.000
0
0.000
1
1.000
127
127.000
2147483647
2147483647.000
32767
32767.000
NULL
NULL

query IR rowsort
SELECT v, cast(v as decimal(15,3)) from T_int
----
-1
-1.000
-127
-127.000
-2147483647
-2147483647.000
-32767
-32767.000
0
0.000
1
1.000
127
127.000
2147483647
2147483647.000
32767
32767.000
NULL
NULL

query IT rowsort
SELECT v, cast(v as char) from T_int where v between 0 and 1
----
0
0
1
1

statement error
SELECT v, cast(v as varchar) from T_int

query IT rowsort
SELECT v, cast(v as varchar(16)) from T_int
----
-1
-1
-127
-127
-2147483647
-2147483647
-32767
-32767
0
0
1
1
127
127
2147483647
2147483647
32767
32767
NULL
NULL

statement error
SELECT v, cast(v as longvarchar) from T_int

statement error
SELECT v, cast(v as long varchar) from T_int

query IT rowsort
SELECT v, cast(v as CHARACTER LARGE OBJECT) from T_int
----
-1
-1
-127
-127
-2147483647
-2147483647
-32767
-32767
0
0
1
1
127
127
2147483647
2147483647
32767
32767
NULL
NULL

query IT rowsort
SELECT v, cast(v as Clob) from T_int
----
-1
-1
-127
-127
-2147483647
-2147483647
-32767
-32767
0
0
1
1
127
127
2147483647
2147483647
32767
32767
NULL
NULL

statement error
SELECT v, cast(v as Binary) from T_int

statement error
SELECT v, cast(v as varBinary) from T_int

statement error
SELECT v, cast(v as longvarBinary) from T_int

statement error
SELECT v, cast(v as Blob) from T_int

statement error
SELECT v, cast(v as date) from T_int

statement error
SELECT v, cast(v as time) from T_int

statement error
SELECT v, cast(v as timestamp) from T_int

statement error
SELECT v, cast(v as time with time zone) from T_int

statement error
SELECT v, cast(v as timestamp with time zone) from T_int

statement ok
DROP TABLE T_int

statement ok
CREATE TABLE T_bigint (v bigint)

statement ok
INSERT into T_bigint VALUES (1), (0), (-1), (-127), (127), (-32767), (32767), (-2147483647), (2147483647)

statement ok
INSERT into T_bigint VALUES (null)

query I rowsort
SELECT v FROM T_bigint ORDER BY v
----
-1
-127
-2147483647
-32767
0
1
127
2147483647
32767
NULL

query II rowsort
SELECT v, convert(v, boolean) from T_bigint
----
-1
1
-127
1
-2147483647
1
-32767
1
0
0
1
1
127
1
2147483647
1
32767
1
NULL
NULL

statement error
SELECT v, convert(v, bit) from T_bigint

query II rowsort
SELECT v, convert(v, tinyint) from T_bigint where v between -127 and 127
----
-1
-1
-127
-127
0
0
1
1
127
127

query II rowsort
SELECT v, convert(v, smallint) from T_bigint where v between -32767 and 32767
----
-1
-1
-127
-127
-32767
-32767
0
0
1
1
127
127
32767
32767

query II rowsort
SELECT v, convert(v, integer) from T_bigint
----
-1
-1
-127
-127
-2147483647
-2147483647
-32767
-32767
0
0
1
1
127
127
2147483647
2147483647
32767
32767
NULL
NULL

query II rowsort
SELECT v, convert(v, bigint) from T_bigint
----
-1
-1
-127
-127
-2147483647
-2147483647
-32767
-32767
0
0
1
1
127
127
2147483647
2147483647
32767
32767
NULL
NULL

query II rowsort
SELECT v, convert(v, hugeint) from T_bigint
----
-1
-1
-127
-127
-2147483647
-2147483647
-32767
-32767
0
0
1
1
127
127
2147483647
2147483647
32767
32767
NULL
NULL

query IR rowsort
SELECT v, convert(v, float) from T_bigint
----
-1
-1.000
-127
-127.000
-2147483647
-2147483647.000
-32767
-32767.000
0
0.000
1
1.000
127
127.000
2147483647
2147483647.000
32767
32767.000
NULL
NULL

query IT rowsort
SELECT v, convert(v, float(24)) from T_bigint
----
-1
-1.0
-127
-127.0
-2147483647
-2147483600.0
-32767
-32767.0
0
0.0
1
1.0
127
127.0
2147483647
2147483600.0
32767
32767.0
NULL
NULL

query IT rowsort
SELECT v, convert(v, real) from T_bigint
----
-1
-1.0
-127
-127.0
-2147483647
-2147483600.0
-32767
-32767.0
0
0.0
1
1.0
127
127.0
2147483647
2147483600.0
32767
32767.0
NULL
NULL

query IR rowsort
SELECT v, convert(v, double) from T_bigint
----
-1
-1.000
-127
-127.000
-2147483647
-2147483647.000
-32767
-32767.000
0
0.000
1
1.000
127
127.000
2147483647
2147483647.000
32767
32767.000
NULL
NULL

query IR rowsort
SELECT v, convert(v, double precision) from T_bigint
----
-1
-1.000
-127
-127.000
-2147483647
-2147483647.000
-32767
-32767.000
0
0.000
1
1.000
127
127.000
2147483647
2147483647.000
32767
32767.000
NULL
NULL

query IR rowsort
SELECT v, convert(v, numeric) from T_bigint
----
-1
-1.000
-127
-127.000
-2147483647
-2147483647.000
-32767
-32767.000
0
0.000
1
1.000
127
127.000
2147483647
2147483647.000
32767
32767.000
NULL
NULL

query IR rowsort
SELECT v, convert(v, decimal) from T_bigint
----
-1
-1.000
-127
-127.000
-2147483647
-2147483647.000
-32767
-32767.000
0
0.000
1
1.000
127
127.000
2147483647
2147483647.000
32767
32767.000
NULL
NULL

query IR rowsort
SELECT v, convert(v, numeric(10)) from T_bigint
----
-1
-1.000
-127
-127.000
-2147483647
-2147483647.000
-32767
-32767.000
0
0.000
1
1.000
127
127.000
2147483647
2147483647.000
32767
32767.000
NULL
NULL

query IR rowsort
SELECT v, convert(v, decimal(11)) from T_bigint
----
-1
-1.000
-127
-127.000
-2147483647
-2147483647.000
-32767
-32767.000
0
0.000
1
1.000
127
127.000
2147483647
2147483647.000
32767
32767.000
NULL
NULL

query IR rowsort
SELECT v, convert(v, numeric(12,0)) from T_bigint
----
-1
-1.000
-127
-127.000
-2147483647
-2147483647.000
-32767
-32767.000
0
0.000
1
1.000
127
127.000
2147483647
2147483647.000
32767
32767.000
NULL
NULL

query IR rowsort
SELECT v, convert(v, decimal(15,3)) from T_bigint
----
-1
-1.000
-127
-127.000
-2147483647
-2147483647.000
-32767
-32767.000
0
0.000
1
1.000
127
127.000
2147483647
2147483647.000
32767
32767.000
NULL
NULL

query IT rowsort
SELECT v, convert(v, char) from T_bigint where v between 0 and 1
----
0
0
1
1

statement error
SELECT v, convert(v, varchar) from T_bigint

query IT rowsort
SELECT v, convert(v, varchar(16)) from T_bigint
----
-1
-1
-127
-127
-2147483647
-2147483647
-32767
-32767
0
0
1
1
127
127
2147483647
2147483647
32767
32767
NULL
NULL

statement error
SELECT v, convert(v, longvarchar) from T_bigint

statement error
SELECT v, convert(v, long varchar) from T_bigint

query IT rowsort
SELECT v, convert(v, CHARACTER LARGE OBJECT) from T_bigint
----
-1
-1
-127
-127
-2147483647
-2147483647
-32767
-32767
0
0
1
1
127
127
2147483647
2147483647
32767
32767
NULL
NULL

query IT rowsort
SELECT v, convert(v, Clob) from T_bigint
----
-1
-1
-127
-127
-2147483647
-2147483647
-32767
-32767
0
0
1
1
127
127
2147483647
2147483647
32767
32767
NULL
NULL

statement error
SELECT v, convert(v, Binary) from T_bigint

statement error
SELECT v, convert(v, varBinary) from T_bigint

statement error
SELECT v, convert(v, longvarBinary) from T_bigint

statement error
SELECT v, convert(v, Blob) from T_bigint

statement error
SELECT v, convert(v, date) from T_bigint

statement error
SELECT v, convert(v, time) from T_bigint

statement error
SELECT v, convert(v, timestamp) from T_bigint

statement error
SELECT v, convert(v, time with time zone) from T_bigint

statement error
SELECT v, convert(v, timestamp with time zone) from T_bigint

query II rowsort
SELECT v, cast(v as boolean) from T_bigint
----
-1
1
-127
1
-2147483647
1
-32767
1
0
0
1
1
127
1
2147483647
1
32767
1
NULL
NULL

statement error
SELECT v, cast(v as bit) from T_bigint

query II rowsort
SELECT v, cast(v as tinyint) from T_bigint where v between -127 and 127
----
-1
-1
-127
-127
0
0
1
1
127
127

query II rowsort
SELECT v, cast(v as smallint) from T_bigint where v between -32767 and 32767
----
-1
-1
-127
-127
-32767
-32767
0
0
1
1
127
127
32767
32767

query II rowsort
SELECT v, cast(v as integer) from T_bigint
----
-1
-1
-127
-127
-2147483647
-2147483647
-32767
-32767
0
0
1
1
127
127
2147483647
2147483647
32767
32767
NULL
NULL

query II rowsort
SELECT v, cast(v as bigint) from T_bigint
----
-1
-1
-127
-127
-2147483647
-2147483647
-32767
-32767
0
0
1
1
127
127
2147483647
2147483647
32767
32767
NULL
NULL

query II rowsort
SELECT v, cast(v as hugeint) from T_bigint
----
-1
-1
-127
-127
-2147483647
-2147483647
-32767
-32767
0
0
1
1
127
127
2147483647
2147483647
32767
32767
NULL
NULL

query IR rowsort
SELECT v, cast(v as float) from T_bigint
----
-1
-1.000
-127
-127.000
-2147483647
-2147483647.000
-32767
-32767.000
0
0.000
1
1.000
127
127.000
2147483647
2147483647.000
32767
32767.000
NULL
NULL

query IT rowsort
SELECT v, cast(v as float(24)) from T_bigint
----
-1
-1.0
-127
-127.0
-2147483647
-2147483600.0
-32767
-32767.0
0
0.0
1
1.0
127
127.0
2147483647
2147483600.0
32767
32767.0
NULL
NULL

query IT rowsort
SELECT v, cast(v as real) from T_bigint
----
-1
-1.0
-127
-127.0
-2147483647
-2147483600.0
-32767
-32767.0
0
0.0
1
1.0
127
127.0
2147483647
2147483600.0
32767
32767.0
NULL
NULL

query IR rowsort
SELECT v, cast(v as double) from T_bigint
----
-1
-1.000
-127
-127.000
-2147483647
-2147483647.000
-32767
-32767.000
0
0.000
1
1.000
127
127.000
2147483647
2147483647.000
32767
32767.000
NULL
NULL

query IR rowsort
SELECT v, cast(v as double precision) from T_bigint
----
-1
-1.000
-127
-127.000
-2147483647
-2147483647.000
-32767
-32767.000
0
0.000
1
1.000
127
127.000
2147483647
2147483647.000
32767
32767.000
NULL
NULL

query IR rowsort
SELECT v, cast(v as numeric) from T_bigint
----
-1
-1.000
-127
-127.000
-2147483647
-2147483647.000
-32767
-32767.000
0
0.000
1
1.000
127
127.000
2147483647
2147483647.000
32767
32767.000
NULL
NULL

query IR rowsort
SELECT v, cast(v as decimal) from T_bigint
----
-1
-1.000
-127
-127.000
-2147483647
-2147483647.000
-32767
-32767.000
0
0.000
1
1.000
127
127.000
2147483647
2147483647.000
32767
32767.000
NULL
NULL

query IR rowsort
SELECT v, cast(v as numeric(10)) from T_bigint
----
-1
-1.000
-127
-127.000
-2147483647
-2147483647.000
-32767
-32767.000
0
0.000
1
1.000
127
127.000
2147483647
2147483647.000
32767
32767.000
NULL
NULL

query IR rowsort
SELECT v, cast(v as decimal(11)) from T_bigint
----
-1
-1.000
-127
-127.000
-2147483647
-2147483647.000
-32767
-32767.000
0
0.000
1
1.000
127
127.000
2147483647
2147483647.000
32767
32767.000
NULL
NULL

query IR rowsort
SELECT v, cast(v as numeric(12,0)) from T_bigint
----
-1
-1.000
-127
-127.000
-2147483647
-2147483647.000
-32767
-32767.000
0
0.000
1
1.000
127
127.000
2147483647
2147483647.000
32767
32767.000
NULL
NULL

query IR rowsort
SELECT v, cast(v as decimal(15,3)) from T_bigint
----
-1
-1.000
-127
-127.000
-2147483647
-2147483647.000
-32767
-32767.000
0
0.000
1
1.000
127
127.000
2147483647
2147483647.000
32767
32767.000
NULL
NULL

query IT rowsort
SELECT v, cast(v as char) from T_bigint where v between 0 and 1
----
0
0
1
1

statement error
SELECT v, cast(v as varchar) from T_bigint

query IT rowsort
SELECT v, cast(v as varchar(16)) from T_bigint
----
-1
-1
-127
-127
-2147483647
-2147483647
-32767
-32767
0
0
1
1
127
127
2147483647
2147483647
32767
32767
NULL
NULL

statement error
SELECT v, cast(v as longvarchar) from T_bigint

statement error
SELECT v, cast(v as long varchar) from T_bigint

query IT rowsort
SELECT v, cast(v as CHARACTER LARGE OBJECT) from T_bigint
----
-1
-1
-127
-127
-2147483647
-2147483647
-32767
-32767
0
0
1
1
127
127
2147483647
2147483647
32767
32767
NULL
NULL

query IT rowsort
SELECT v, cast(v as Clob) from T_bigint
----
-1
-1
-127
-127
-2147483647
-2147483647
-32767
-32767
0
0
1
1
127
127
2147483647
2147483647
32767
32767
NULL
NULL

statement error
SELECT v, cast(v as Binary) from T_bigint

statement error
SELECT v, cast(v as varBinary) from T_bigint

statement error
SELECT v, cast(v as longvarBinary) from T_bigint

statement error
SELECT v, cast(v as Blob) from T_bigint

statement error
SELECT v, cast(v as date) from T_bigint

statement error
SELECT v, cast(v as time) from T_bigint

statement error
SELECT v, cast(v as timestamp) from T_bigint

statement error
SELECT v, cast(v as time with time zone) from T_bigint

statement error
SELECT v, cast(v as timestamp with time zone) from T_bigint

statement ok
DROP TABLE T_bigint

statement ok
CREATE TABLE T_float (v FLOAT)

statement ok
INSERT into T_float VALUES (1.0), (0.0), (-1.0), (-127.0), (127.0), (-32767.0), (32767.0), (-2147483647.0), (2147483647.0)

statement ok
INSERT into T_float VALUES (null)

query R rowsort
SELECT v FROM T_float ORDER BY v
----
-1.000
-127.000
-2147483647.000
-32767.000
0.000
1.000
127.000
2147483647.000
32767.000
NULL

statement error
SELECT v, convert(v, boolean) from T_float

statement error
SELECT v, convert(v, bit) from T_float

query RI rowsort
SELECT v, convert(v, tinyint) from T_float where v between -127 and 127
----
-1.000
-1
-127.000
-127
0.000
0
1.000
1
127.000
127

query RI rowsort
SELECT v, convert(v, smallint) from T_float where v between -32767 and 32767
----
-1.000
-1
-127.000
-127
-32767.000
-32767
0.000
0
1.000
1
127.000
127
32767.000
32767

query RI rowsort
SELECT v, convert(v, integer) from T_float
----
-1.000
-1
-127.000
-127
-2147483647.000
-2147483647
-32767.000
-32767
0.000
0
1.000
1
127.000
127
2147483647.000
2147483647
32767.000
32767
NULL
NULL

query RI rowsort
SELECT v, convert(v, bigint) from T_float
----
-1.000
-1
-127.000
-127
-2147483647.000
-2147483647
-32767.000
-32767
0.000
0
1.000
1
127.000
127
2147483647.000
2147483647
32767.000
32767
NULL
NULL

query RI rowsort
SELECT v, convert(v, hugeint) from T_float
----
-1.000
-1
-127.000
-127
-2147483647.000
-2147483647
-32767.000
-32767
0.000
0
1.000
1
127.000
127
2147483647.000
2147483647
32767.000
32767
NULL
NULL

query RR rowsort
SELECT v, convert(v, float) from T_float
----
-1.000
-1.000
-127.000
-127.000
-2147483647.000
-2147483647.000
-32767.000
-32767.000
0.000
0.000
1.000
1.000
127.000
127.000
2147483647.000
2147483647.000
32767.000
32767.000
NULL
NULL

query RT rowsort
SELECT v, convert(v, float(24)) from T_float
----
-1.000
-1.0
-127.000
-127.0
-2147483647.000
-2147483600.0
-32767.000
-32767.0
0.000
0.0
1.000
1.0
127.000
127.0
2147483647.000
2147483600.0
32767.000
32767.0
NULL
NULL

query RT rowsort
SELECT v, convert(v, real) from T_float
----
-1.000
-1.0
-127.000
-127.0
-2147483647.000
-2147483600.0
-32767.000
-32767.0
0.000
0.0
1.000
1.0
127.000
127.0
2147483647.000
2147483600.0
32767.000
32767.0
NULL
NULL

query RR rowsort
SELECT v, convert(v, double) from T_float
----
-1.000
-1.000
-127.000
-127.000
-2147483647.000
-2147483647.000
-32767.000
-32767.000
0.000
0.000
1.000
1.000
127.000
127.000
2147483647.000
2147483647.000
32767.000
32767.000
NULL
NULL

query RR rowsort
SELECT v, convert(v, double precision) from T_float
----
-1.000
-1.000
-127.000
-127.000
-2147483647.000
-2147483647.000
-32767.000
-32767.000
0.000
0.000
1.000
1.000
127.000
127.000
2147483647.000
2147483647.000
32767.000
32767.000
NULL
NULL

query RR rowsort
SELECT v, convert(v, numeric) from T_float
----
-1.000
-1.000
-127.000
-127.000
-2147483647.000
-2147483647.000
-32767.000
-32767.000
0.000
0.000
1.000
1.000
127.000
127.000
2147483647.000
2147483647.000
32767.000
32767.000
NULL
NULL

query RR rowsort
SELECT v, convert(v, decimal) from T_float
----
-1.000
-1.000
-127.000
-127.000
-2147483647.000
-2147483647.000
-32767.000
-32767.000
0.000
0.000
1.000
1.000
127.000
127.000
2147483647.000
2147483647.000
32767.000
32767.000
NULL
NULL

query RR rowsort
SELECT v, convert(v, numeric(10)) from T_float
----
-1.000
-1.000
-127.000
-127.000
-2147483647.000
-2147483647.000
-32767.000
-32767.000
0.000
0.000
1.000
1.000
127.000
127.000
2147483647.000
2147483647.000
32767.000
32767.000
NULL
NULL

query RR rowsort
SELECT v, convert(v, decimal(11)) from T_float
----
-1.000
-1.000
-127.000
-127.000
-2147483647.000
-2147483647.000
-32767.000
-32767.000
0.000
0.000
1.000
1.000
127.000
127.000
2147483647.000
2147483647.000
32767.000
32767.000
NULL
NULL

query RR rowsort
SELECT v, convert(v, numeric(12,0)) from T_float
----
-1.000
-1.000
-127.000
-127.000
-2147483647.000
-2147483647.000
-32767.000
-32767.000
0.000
0.000
1.000
1.000
127.000
127.000
2147483647.000
2147483647.000
32767.000
32767.000
NULL
NULL

query RR rowsort
SELECT v, convert(v, decimal(15,3)) from T_float
----
-1.000
-1.000
-127.000
-127.000
-2147483647.000
-2147483647.000
-32767.000
-32767.000
0.000
0.000
1.000
1.000
127.000
127.000
2147483647.000
2147483647.000
32767.000
32767.000
NULL
NULL

query RT rowsort
SELECT v, convert(v, char) from T_float where v between 0 and 1
----
0.000
0
1.000
1

statement error
SELECT v, convert(v, varchar) from T_float

query RT rowsort
SELECT v, convert(v, varchar(16)) from T_float
----
-1.000
-1
-127.000
-127
-2147483647.000
-2147483647
-32767.000
-32767
0.000
0
1.000
1
127.000
127
2147483647.000
2147483647
32767.000
32767
NULL
NULL

statement error
SELECT v, convert(v, longvarchar) from T_float

statement error
SELECT v, convert(v, long varchar) from T_float

query RT rowsort
SELECT v, convert(v, CHARACTER LARGE OBJECT) from T_float
----
-1.000
-1
-127.000
-127
-2147483647.000
-2147483647
-32767.000
-32767
0.000
0
1.000
1
127.000
127
2147483647.000
2147483647
32767.000
32767
NULL
NULL

query RT rowsort
SELECT v, convert(v, Clob) from T_float
----
-1.000
-1
-127.000
-127
-2147483647.000
-2147483647
-32767.000
-32767
0.000
0
1.000
1
127.000
127
2147483647.000
2147483647
32767.000
32767
NULL
NULL

statement error
SELECT v, convert(v, Binary) from T_float

statement error
SELECT v, convert(v, varBinary) from T_float

statement error
SELECT v, convert(v, longvarBinary) from T_float

statement error
SELECT v, convert(v, Blob) from T_float

statement error
SELECT v, convert(v, date) from T_float

statement error
SELECT v, convert(v, time) from T_float

statement error
SELECT v, convert(v, timestamp) from T_float

statement error
SELECT v, convert(v, time with time zone) from T_float

statement error
SELECT v, convert(v, timestamp with time zone) from T_float

statement error
SELECT v, cast(v as boolean) from T_float

statement error
SELECT v, cast(v as bit) from T_float

query RI rowsort
SELECT v, cast(v as tinyint) from T_float where v between -127 and 127
----
-1.000
-1
-127.000
-127
0.000
0
1.000
1
127.000
127

query RI rowsort
SELECT v, cast(v as smallint) from T_float where v between -32767 and 32767
----
-1.000
-1
-127.000
-127
-32767.000
-32767
0.000
0
1.000
1
127.000
127
32767.000
32767

query RI rowsort
SELECT v, cast(v as integer) from T_float
----
-1.000
-1
-127.000
-127
-2147483647.000
-2147483647
-32767.000
-32767
0.000
0
1.000
1
127.000
127
2147483647.000
2147483647
32767.000
32767
NULL
NULL

query RI rowsort
SELECT v, cast(v as bigint) from T_float
----
-1.000
-1
-127.000
-127
-2147483647.000
-2147483647
-32767.000
-32767
0.000
0
1.000
1
127.000
127
2147483647.000
2147483647
32767.000
32767
NULL
NULL

query RI rowsort
SELECT v, cast(v as hugeint) from T_float
----
-1.000
-1
-127.000
-127
-2147483647.000
-2147483647
-32767.000
-32767
0.000
0
1.000
1
127.000
127
2147483647.000
2147483647
32767.000
32767
NULL
NULL

query RR rowsort
SELECT v, cast(v as float) from T_float
----
-1.000
-1.000
-127.000
-127.000
-2147483647.000
-2147483647.000
-32767.000
-32767.000
0.000
0.000
1.000
1.000
127.000
127.000
2147483647.000
2147483647.000
32767.000
32767.000
NULL
NULL

query RT rowsort
SELECT v, cast(v as float(24)) from T_float
----
-1.000
-1.0
-127.000
-127.0
-2147483647.000
-2147483600.0
-32767.000
-32767.0
0.000
0.0
1.000
1.0
127.000
127.0
2147483647.000
2147483600.0
32767.000
32767.0
NULL
NULL

query RT rowsort
SELECT v, cast(v as real) from T_float
----
-1.000
-1.0
-127.000
-127.0
-2147483647.000
-2147483600.0
-32767.000
-32767.0
0.000
0.0
1.000
1.0
127.000
127.0
2147483647.000
2147483600.0
32767.000
32767.0
NULL
NULL

query RR rowsort
SELECT v, cast(v as double) from T_float
----
-1.000
-1.000
-127.000
-127.000
-2147483647.000
-2147483647.000
-32767.000
-32767.000
0.000
0.000
1.000
1.000
127.000
127.000
2147483647.000
2147483647.000
32767.000
32767.000
NULL
NULL

query RR rowsort
SELECT v, cast(v as double precision) from T_float
----
-1.000
-1.000
-127.000
-127.000
-2147483647.000
-2147483647.000
-32767.000
-32767.000
0.000
0.000
1.000
1.000
127.000
127.000
2147483647.000
2147483647.000
32767.000
32767.000
NULL
NULL

query RR rowsort
SELECT v, cast(v as numeric) from T_float
----
-1.000
-1.000
-127.000
-127.000
-2147483647.000
-2147483647.000
-32767.000
-32767.000
0.000
0.000
1.000
1.000
127.000
127.000
2147483647.000
2147483647.000
32767.000
32767.000
NULL
NULL

query RR rowsort
SELECT v, cast(v as decimal) from T_float
----
-1.000
-1.000
-127.000
-127.000
-2147483647.000
-2147483647.000
-32767.000
-32767.000
0.000
0.000
1.000
1.000
127.000
127.000
2147483647.000
2147483647.000
32767.000
32767.000
NULL
NULL

query RR rowsort
SELECT v, cast(v as numeric(10)) from T_float
----
-1.000
-1.000
-127.000
-127.000
-2147483647.000
-2147483647.000
-32767.000
-32767.000
0.000
0.000
1.000
1.000
127.000
127.000
2147483647.000
2147483647.000
32767.000
32767.000
NULL
NULL

query RR rowsort
SELECT v, cast(v as decimal(11)) from T_float
----
-1.000
-1.000
-127.000
-127.000
-2147483647.000
-2147483647.000
-32767.000
-32767.000
0.000
0.000
1.000
1.000
127.000
127.000
2147483647.000
2147483647.000
32767.000
32767.000
NULL
NULL

query RR rowsort
SELECT v, cast(v as numeric(12,0)) from T_float
----
-1.000
-1.000
-127.000
-127.000
-2147483647.000
-2147483647.000
-32767.000
-32767.000
0.000
0.000
1.000
1.000
127.000
127.000
2147483647.000
2147483647.000
32767.000
32767.000
NULL
NULL

query RR rowsort
SELECT v, cast(v as decimal(15,3)) from T_float
----
-1.000
-1.000
-127.000
-127.000
-2147483647.000
-2147483647.000
-32767.000
-32767.000
0.000
0.000
1.000
1.000
127.000
127.000
2147483647.000
2147483647.000
32767.000
32767.000
NULL
NULL

query RT rowsort
SELECT v, cast(v as char) from T_float where v between 0 and 1
----
0.000
0
1.000
1

statement error
SELECT v, cast(v as varchar) from T_float

query RT rowsort
SELECT v, cast(v as varchar(16)) from T_float
----
-1.000
-1
-127.000
-127
-2147483647.000
-2147483647
-32767.000
-32767
0.000
0
1.000
1
127.000
127
2147483647.000
2147483647
32767.000
32767
NULL
NULL

statement error
SELECT v, cast(v as longvarchar) from T_float

statement error
SELECT v, cast(v as long varchar) from T_float

query RT rowsort
SELECT v, cast(v as CHARACTER LARGE OBJECT) from T_float
----
-1.000
-1
-127.000
-127
-2147483647.000
-2147483647
-32767.000
-32767
0.000
0
1.000
1
127.000
127
2147483647.000
2147483647
32767.000
32767
NULL
NULL

query RT rowsort
SELECT v, cast(v as Clob) from T_float
----
-1.000
-1
-127.000
-127
-2147483647.000
-2147483647
-32767.000
-32767
0.000
0
1.000
1
127.000
127
2147483647.000
2147483647
32767.000
32767
NULL
NULL

statement error
SELECT v, cast(v as Binary) from T_float

statement error
SELECT v, cast(v as varBinary) from T_float

statement error
SELECT v, cast(v as longvarBinary) from T_float

statement error
SELECT v, cast(v as Blob) from T_float

statement error
SELECT v, cast(v as date) from T_float

statement error
SELECT v, cast(v as time) from T_float

statement error
SELECT v, cast(v as timestamp) from T_float

statement error
SELECT v, cast(v as time with time zone) from T_float

statement error
SELECT v, cast(v as timestamp with time zone) from T_float

statement ok
DROP TABLE T_float

statement ok
CREATE TABLE T_real (v REAL)

statement ok
INSERT into T_real VALUES (1.0), (0.0), (-1.0), (-127.0), (127.0), (-32767.0), (32767.0), (-2147483647.0), (2147483647.0), (0.12), (-3.1415629)

statement ok
INSERT into T_real VALUES (null)

query T rowsort
SELECT v FROM T_real ORDER BY v
----
-1.0
-127.0
-2147483600.0
-3.1415627
-32767.0
0.0
0.12
1.0
127.0
2147483600.0
32767.0
NULL

statement error
SELECT v, convert(v, boolean) from T_real

statement error
SELECT v, convert(v, bit) from T_real

query TI rowsort
SELECT v, convert(v, tinyint) from T_real where v between -127 and 127
----
-1.0
-1
-127.0
-127
-3.1415627
-3
0.0
0
0.12
0
1.0
1
127.0
127

query TI rowsort
SELECT v, convert(v, smallint) from T_real where v between -32767 and 32767
----
-1.0
-1
-127.0
-127
-3.1415627
-3
-32767.0
-32767
0.0
0
0.12
0
1.0
1
127.0
127
32767.0
32767

statement error
SELECT v, convert(v, integer) from T_real

query TI rowsort
SELECT v, convert(v, bigint) from T_real
----
-1.0
-1
-127.0
-127
-2147483600.0
-2147483648
-3.1415627
-3
-32767.0
-32767
0.0
0
0.12
0
1.0
1
127.0
127
2147483600.0
2147483648
32767.0
32767
NULL
NULL

query TI rowsort
SELECT v, convert(v, hugeint) from T_real
----
-1.0
-1
-127.0
-127
-2147483600.0
-2147483648
-3.1415627
-3
-32767.0
-32767
0.0
0
0.12
0
1.0
1
127.0
127
2147483600.0
2147483648
32767.0
32767
NULL
NULL

query TR rowsort
SELECT v, convert(v, float) from T_real
----
-1.0
-1.000
-127.0
-127.000
-2147483600.0
-2147483648.000
-3.1415627
-3.142
-32767.0
-32767.000
0.0
0.000
0.12
0.120
1.0
1.000
127.0
127.000
2147483600.0
2147483648.000
32767.0
32767.000
NULL
NULL

query TT rowsort
SELECT v, convert(v, float(24)) from T_real
----
-1.0
-1.0
-127.0
-127.0
-2147483600.0
-2147483600.0
-3.1415627
-3.1415627
-32767.0
-32767.0
0.0
0.0
0.12
0.12
1.0
1.0
127.0
127.0
2147483600.0
2147483600.0
32767.0
32767.0
NULL
NULL

query TT rowsort
SELECT v, convert(v, real) from T_real
----
-1.0
-1.0
-127.0
-127.0
-2147483600.0
-2147483600.0
-3.1415627
-3.1415627
-32767.0
-32767.0
0.0
0.0
0.12
0.12
1.0
1.0
127.0
127.0
2147483600.0
2147483600.0
32767.0
32767.0
NULL
NULL

query TR rowsort
SELECT v, convert(v, double) from T_real
----
-1.0
-1.000
-127.0
-127.000
-2147483600.0
-2147483648.000
-3.1415627
-3.142
-32767.0
-32767.000
0.0
0.000
0.12
0.120
1.0
1.000
127.0
127.000
2147483600.0
2147483648.000
32767.0
32767.000
NULL
NULL

query TR rowsort
SELECT v, convert(v, double precision) from T_real
----
-1.0
-1.000
-127.0
-127.000
-2147483600.0
-2147483648.000
-3.1415627
-3.142
-32767.0
-32767.000
0.0
0.000
0.12
0.120
1.0
1.000
127.0
127.000
2147483600.0
2147483648.000
32767.0
32767.000
NULL
NULL

query TR rowsort
SELECT v, convert(v, numeric) from T_real
----
-1.0
-1.000
-127.0
-127.000
-2147483600.0
-2147483648.000
-3.1415627
-3.142
-32767.0
-32767.000
0.0
0.000
0.12
0.120
1.0
1.000
127.0
127.000
2147483600.0
2147483648.000
32767.0
32767.000
NULL
NULL

query TR rowsort
SELECT v, convert(v, decimal) from T_real
----
-1.0
-1.000
-127.0
-127.000
-2147483600.0
-2147483648.000
-3.1415627
-3.142
-32767.0
-32767.000
0.0
0.000
0.12
0.120
1.0
1.000
127.0
127.000
2147483600.0
2147483648.000
32767.0
32767.000
NULL
NULL

query TR rowsort
SELECT v, convert(v, numeric(10)) from T_real
----
-1.0
-1.000
-127.0
-127.000
-2147483600.0
-2147483648.000
-3.1415627
-3.000
-32767.0
-32767.000
0.0
0.000
0.12
0.000
1.0
1.000
127.0
127.000
2147483600.0
2147483648.000
32767.0
32767.000
NULL
NULL

query TR rowsort
SELECT v, convert(v, decimal(11)) from T_real
----
-1.0
-1.000
-127.0
-127.000
-2147483600.0
-2147483648.000
-3.1415627
-3.000
-32767.0
-32767.000
0.0
0.000
0.12
0.000
1.0
1.000
127.0
127.000
2147483600.0
2147483648.000
32767.0
32767.000
NULL
NULL

query TR rowsort
SELECT v, convert(v, numeric(12,0)) from T_real
----
-1.0
-1.000
-127.0
-127.000
-2147483600.0
-2147483648.000
-3.1415627
-3.000
-32767.0
-32767.000
0.0
0.000
0.12
0.000
1.0
1.000
127.0
127.000
2147483600.0
2147483648.000
32767.0
32767.000
NULL
NULL

query TR rowsort
SELECT v, convert(v, decimal(15,3)) from T_real
----
-1.0
-1.000
-127.0
-127.000
-2147483600.0
-2147483648.000
-3.1415627
-3.142
-32767.0
-32767.000
0.0
0.000
0.12
0.120
1.0
1.000
127.0
127.000
2147483600.0
2147483648.000
32767.0
32767.000
NULL
NULL

statement error
SELECT v, convert(v, char) from T_real where v between 0 and 1

statement error
SELECT v, convert(v, varchar) from T_real

query TT rowsort
SELECT v, convert(v, varchar(16)) from T_real
----
-1.0
-1
-127.0
-127
-2147483600.0
-2.1474836e+09
-3.1415627
-3.1415627
-32767.0
-32767
0.0
0
0.12
0.12
1.0
1
127.0
127
2147483600.0
2.1474836e+09
32767.0
32767
NULL
NULL

statement error
SELECT v, convert(v, longvarchar) from T_real

statement error
SELECT v, convert(v, long varchar) from T_real

query TT rowsort
SELECT v, convert(v, CHARACTER LARGE OBJECT) from T_real
----
-1.0
-1
-127.0
-127
-2147483600.0
-2.1474836e+09
-3.1415627
-3.1415627
-32767.0
-32767
0.0
0
0.12
0.12
1.0
1
127.0
127
2147483600.0
2.1474836e+09
32767.0
32767
NULL
NULL

query TT rowsort
SELECT v, convert(v, Clob) from T_real
----
-1.0
-1
-127.0
-127
-2147483600.0
-2.1474836e+09
-3.1415627
-3.1415627
-32767.0
-32767
0.0
0
0.12
0.12
1.0
1
127.0
127
2147483600.0
2.1474836e+09
32767.0
32767
NULL
NULL

statement error
SELECT v, convert(v, Binary) from T_real

statement error
SELECT v, convert(v, varBinary) from T_real

statement error
SELECT v, convert(v, longvarBinary) from T_real

statement error
SELECT v, convert(v, Blob) from T_real

statement error
SELECT v, convert(v, date) from T_real

statement error
SELECT v, convert(v, time) from T_real

statement error
SELECT v, convert(v, timestamp) from T_real

statement error
SELECT v, convert(v, time with time zone) from T_real

statement error
SELECT v, convert(v, timestamp with time zone) from T_real

statement error
SELECT v, cast(v as boolean) from T_real

statement error
SELECT v, cast(v as bit) from T_real

query TI rowsort
SELECT v, cast(v as tinyint) from T_real where v between -127 and 127
----
-1.0
-1
-127.0
-127
-3.1415627
-3
0.0
0
0.12
0
1.0
1
127.0
127

query TI rowsort
SELECT v, cast(v as smallint) from T_real where v between -32767 and 32767
----
-1.0
-1
-127.0
-127
-3.1415627
-3
-32767.0
-32767
0.0
0
0.12
0
1.0
1
127.0
127
32767.0
32767

statement error
SELECT v, cast(v as integer) from T_real

query TI rowsort
SELECT v, cast(v as bigint) from T_real
----
-1.0
-1
-127.0
-127
-2147483600.0
-2147483648
-3.1415627
-3
-32767.0
-32767
0.0
0
0.12
0
1.0
1
127.0
127
2147483600.0
2147483648
32767.0
32767
NULL
NULL

query TI rowsort
SELECT v, cast(v as hugeint) from T_real
----
-1.0
-1
-127.0
-127
-2147483600.0
-2147483648
-3.1415627
-3
-32767.0
-32767
0.0
0
0.12
0
1.0
1
127.0
127
2147483600.0
2147483648
32767.0
32767
NULL
NULL

query TR rowsort
SELECT v, cast(v as float) from T_real
----
-1.0
-1.000
-127.0
-127.000
-2147483600.0
-2147483648.000
-3.1415627
-3.142
-32767.0
-32767.000
0.0
0.000
0.12
0.120
1.0
1.000
127.0
127.000
2147483600.0
2147483648.000
32767.0
32767.000
NULL
NULL

query TT rowsort
SELECT v, cast(v as float(24)) from T_real
----
-1.0
-1.0
-127.0
-127.0
-2147483600.0
-2147483600.0
-3.1415627
-3.1415627
-32767.0
-32767.0
0.0
0.0
0.12
0.12
1.0
1.0
127.0
127.0
2147483600.0
2147483600.0
32767.0
32767.0
NULL
NULL

query TT rowsort
SELECT v, cast(v as real) from T_real
----
-1.0
-1.0
-127.0
-127.0
-2147483600.0
-2147483600.0
-3.1415627
-3.1415627
-32767.0
-32767.0
0.0
0.0
0.12
0.12
1.0
1.0
127.0
127.0
2147483600.0
2147483600.0
32767.0
32767.0
NULL
NULL

query TR rowsort
SELECT v, cast(v as double) from T_real
----
-1.0
-1.000
-127.0
-127.000
-2147483600.0
-2147483648.000
-3.1415627
-3.142
-32767.0
-32767.000
0.0
0.000
0.12
0.120
1.0
1.000
127.0
127.000
2147483600.0
2147483648.000
32767.0
32767.000
NULL
NULL

query TR rowsort
SELECT v, cast(v as double precision) from T_real
----
-1.0
-1.000
-127.0
-127.000
-2147483600.0
-2147483648.000
-3.1415627
-3.142
-32767.0
-32767.000
0.0
0.000
0.12
0.120
1.0
1.000
127.0
127.000
2147483600.0
2147483648.000
32767.0
32767.000
NULL
NULL

query TR rowsort
SELECT v, cast(v as numeric) from T_real
----
-1.0
-1.000
-127.0
-127.000
-2147483600.0
-2147483648.000
-3.1415627
-3.142
-32767.0
-32767.000
0.0
0.000
0.12
0.120
1.0
1.000
127.0
127.000
2147483600.0
2147483648.000
32767.0
32767.000
NULL
NULL

query TR rowsort
SELECT v, cast(v as decimal) from T_real
----
-1.0
-1.000
-127.0
-127.000
-2147483600.0
-2147483648.000
-3.1415627
-3.142
-32767.0
-32767.000
0.0
0.000
0.12
0.120
1.0
1.000
127.0
127.000
2147483600.0
2147483648.000
32767.0
32767.000
NULL
NULL

query TR rowsort
SELECT v, cast(v as numeric(10)) from T_real
----
-1.0
-1.000
-127.0
-127.000
-2147483600.0
-2147483648.000
-3.1415627
-3.000
-32767.0
-32767.000
0.0
0.000
0.12
0.000
1.0
1.000
127.0
127.000
2147483600.0
2147483648.000
32767.0
32767.000
NULL
NULL

query TR rowsort
SELECT v, cast(v as decimal(11)) from T_real
----
-1.0
-1.000
-127.0
-127.000
-2147483600.0
-2147483648.000
-3.1415627
-3.000
-32767.0
-32767.000
0.0
0.000
0.12
0.000
1.0
1.000
127.0
127.000
2147483600.0
2147483648.000
32767.0
32767.000
NULL
NULL

query TR rowsort
SELECT v, cast(v as numeric(12,0)) from T_real
----
-1.0
-1.000
-127.0
-127.000
-2147483600.0
-2147483648.000
-3.1415627
-3.000
-32767.0
-32767.000
0.0
0.000
0.12
0.000
1.0
1.000
127.0
127.000
2147483600.0
2147483648.000
32767.0
32767.000
NULL
NULL

query TR rowsort
SELECT v, cast(v as decimal(15,3)) from T_real
----
-1.0
-1.000
-127.0
-127.000
-2147483600.0
-2147483648.000
-3.1415627
-3.142
-32767.0
-32767.000
0.0
0.000
0.12
0.120
1.0
1.000
127.0
127.000
2147483600.0
2147483648.000
32767.0
32767.000
NULL
NULL

statement error
SELECT v, cast(v as char) from T_real where v between 0 and 1

statement error
SELECT v, cast(v as varchar) from T_real

query TT rowsort
SELECT v, cast(v as varchar(16)) from T_real
----
-1.0
-1
-127.0
-127
-2147483600.0
-2.1474836e+09
-3.1415627
-3.1415627
-32767.0
-32767
0.0
0
0.12
0.12
1.0
1
127.0
127
2147483600.0
2.1474836e+09
32767.0
32767
NULL
NULL

statement error
SELECT v, cast(v as longvarchar) from T_real

statement error
SELECT v, cast(v as long varchar) from T_real

query TT rowsort
SELECT v, cast(v as CHARACTER LARGE OBJECT) from T_real
----
-1.0
-1
-127.0
-127
-2147483600.0
-2.1474836e+09
-3.1415627
-3.1415627
-32767.0
-32767
0.0
0
0.12
0.12
1.0
1
127.0
127
2147483600.0
2.1474836e+09
32767.0
32767
NULL
NULL

query TT rowsort
SELECT v, cast(v as Clob) from T_real
----
-1.0
-1
-127.0
-127
-2147483600.0
-2.1474836e+09
-3.1415627
-3.1415627
-32767.0
-32767
0.0
0
0.12
0.12
1.0
1
127.0
127
2147483600.0
2.1474836e+09
32767.0
32767
NULL
NULL

statement error
SELECT v, cast(v as Binary) from T_real

statement error
SELECT v, cast(v as varBinary) from T_real

statement error
SELECT v, cast(v as longvarBinary) from T_real

statement error
SELECT v, cast(v as Blob) from T_real

statement error
SELECT v, cast(v as date) from T_real

statement error
SELECT v, cast(v as time) from T_real

statement error
SELECT v, cast(v as timestamp) from T_real

statement error
SELECT v, cast(v as time with time zone) from T_real

statement error
SELECT v, cast(v as timestamp with time zone) from T_real

statement ok
DROP TABLE T_real

statement ok
CREATE TABLE T_double (v DOUBLE)

statement ok
INSERT into T_double VALUES (1.0), (0.0), (-1.0), (-127.0), (127.0), (-32767.0), (32767.0), (-2147483647.0), (2147483647.0), (0.12), (-3.1415629)

statement ok
INSERT into T_double VALUES (null)

query R rowsort
SELECT v FROM T_double ORDER BY v
----
-1.000
-127.000
-2147483647.000
-3.142
-32767.000
0.000
0.120
1.000
127.000
2147483647.000
32767.000
NULL

statement error
SELECT v, convert(v, boolean) from T_double

statement error
SELECT v, convert(v, bit) from T_double

query RI rowsort
SELECT v, convert(v, tinyint) from T_double where v between -127 and 127
----
-1.000
-1
-127.000
-127
-3.142
-3
0.000
0
0.120
0
1.000
1
127.000
127

query RI rowsort
SELECT v, convert(v, smallint) from T_double where v between -32767 and 32767
----
-1.000
-1
-127.000
-127
-3.142
-3
-32767.000
-32767
0.000
0
0.120
0
1.000
1
127.000
127
32767.000
32767

query RI rowsort
SELECT v, convert(v, integer) from T_double
----
-1.000
-1
-127.000
-127
-2147483647.000
-2147483647
-3.142
-3
-32767.000
-32767
0.000
0
0.120
0
1.000
1
127.000
127
2147483647.000
2147483647
32767.000
32767
NULL
NULL

query RI rowsort
SELECT v, convert(v, bigint) from T_double
----
-1.000
-1
-127.000
-127
-2147483647.000
-2147483647
-3.142
-3
-32767.000
-32767
0.000
0
0.120
0
1.000
1
127.000
127
2147483647.000
2147483647
32767.000
32767
NULL
NULL

query RI rowsort
SELECT v, convert(v, hugeint) from T_double
----
-1.000
-1
-127.000
-127
-2147483647.000
-2147483647
-3.142
-3
-32767.000
-32767
0.000
0
0.120
0
1.000
1
127.000
127
2147483647.000
2147483647
32767.000
32767
NULL
NULL

query RR rowsort
SELECT v, convert(v, float) from T_double
----
-1.000
-1.000
-127.000
-127.000
-2147483647.000
-2147483647.000
-3.142
-3.142
-32767.000
-32767.000
0.000
0.000
0.120
0.120
1.000
1.000
127.000
127.000
2147483647.000
2147483647.000
32767.000
32767.000
NULL
NULL

query RT rowsort
SELECT v, convert(v, float(24)) from T_double
----
-1.000
-1.0
-127.000
-127.0
-2147483647.000
-2147483600.0
-3.142
-3.141563
-32767.000
-32767.0
0.000
0.0
0.120
0.12
1.000
1.0
127.000
127.0
2147483647.000
2147483600.0
32767.000
32767.0
NULL
NULL

query RT rowsort
SELECT v, convert(v, real) from T_double
----
-1.000
-1.0
-127.000
-127.0
-2147483647.000
-2147483600.0
-3.142
-3.141563
-32767.000
-32767.0
0.000
0.0
0.120
0.12
1.000
1.0
127.000
127.0
2147483647.000
2147483600.0
32767.000
32767.0
NULL
NULL

query RR rowsort
SELECT v, convert(v, double) from T_double
----
-1.000
-1.000
-127.000
-127.000
-2147483647.000
-2147483647.000
-3.142
-3.142
-32767.000
-32767.000
0.000
0.000
0.120
0.120
1.000
1.000
127.000
127.000
2147483647.000
2147483647.000
32767.000
32767.000
NULL
NULL

query RR rowsort
SELECT v, convert(v, double precision) from T_double
----
-1.000
-1.000
-127.000
-127.000
-2147483647.000
-2147483647.000
-3.142
-3.142
-32767.000
-32767.000
0.000
0.000
0.120
0.120
1.000
1.000
127.000
127.000
2147483647.000
2147483647.000
32767.000
32767.000
NULL
NULL

query RR rowsort
SELECT v, convert(v, numeric) from T_double
----
-1.000
-1.000
-127.000
-127.000
-2147483647.000
-2147483647.000
-3.142
-3.142
-32767.000
-32767.000
0.000
0.000
0.120
0.120
1.000
1.000
127.000
127.000
2147483647.000
2147483647.000
32767.000
32767.000
NULL
NULL

query RR rowsort
SELECT v, convert(v, decimal) from T_double
----
-1.000
-1.000
-127.000
-127.000
-2147483647.000
-2147483647.000
-3.142
-3.142
-32767.000
-32767.000
0.000
0.000
0.120
0.120
1.000
1.000
127.000
127.000
2147483647.000
2147483647.000
32767.000
32767.000
NULL
NULL

query RR rowsort
SELECT v, convert(v, numeric(10)) from T_double
----
-1.000
-1.000
-127.000
-127.000
-2147483647.000
-2147483647.000
-3.142
-3.000
-32767.000
-32767.000
0.000
0.000
0.120
0.000
1.000
1.000
127.000
127.000
2147483647.000
2147483647.000
32767.000
32767.000
NULL
NULL

query RR rowsort
SELECT v, convert(v, decimal(11)) from T_double
----
-1.000
-1.000
-127.000
-127.000
-2147483647.000
-2147483647.000
-3.142
-3.000
-32767.000
-32767.000
0.000
0.000
0.120
0.000
1.000
1.000
127.000
127.000
2147483647.000
2147483647.000
32767.000
32767.000
NULL
NULL

query RR rowsort
SELECT v, convert(v, numeric(12,0)) from T_double
----
-1.000
-1.000
-127.000
-127.000
-2147483647.000
-2147483647.000
-3.142
-3.000
-32767.000
-32767.000
0.000
0.000
0.120
0.000
1.000
1.000
127.000
127.000
2147483647.000
2147483647.000
32767.000
32767.000
NULL
NULL

query RR rowsort
SELECT v, convert(v, decimal(15,3)) from T_double
----
-1.000
-1.000
-127.000
-127.000
-2147483647.000
-2147483647.000
-3.142
-3.142
-32767.000
-32767.000
0.000
0.000
0.120
0.120
1.000
1.000
127.000
127.000
2147483647.000
2147483647.000
32767.000
32767.000
NULL
NULL

statement error
SELECT v, convert(v, char) from T_double where v between 0 and 1

statement error
SELECT v, convert(v, varchar) from T_double

query RT rowsort
SELECT v, convert(v, varchar(16)) from T_double
----
-1.000
-1
-127.000
-127
-2147483647.000
-2147483647
-3.142
-3.1415629
-32767.000
-32767
0.000
0
0.120
0.12
1.000
1
127.000
127
2147483647.000
2147483647
32767.000
32767
NULL
NULL

statement error
SELECT v, convert(v, longvarchar) from T_double

statement error
SELECT v, convert(v, long varchar) from T_double

query RT rowsort
SELECT v, convert(v, CHARACTER LARGE OBJECT) from T_double
----
-1.000
-1
-127.000
-127
-2147483647.000
-2147483647
-3.142
-3.1415629
-32767.000
-32767
0.000
0
0.120
0.12
1.000
1
127.000
127
2147483647.000
2147483647
32767.000
32767
NULL
NULL

query RT rowsort
SELECT v, convert(v, Clob) from T_double
----
-1.000
-1
-127.000
-127
-2147483647.000
-2147483647
-3.142
-3.1415629
-32767.000
-32767
0.000
0
0.120
0.12
1.000
1
127.000
127
2147483647.000
2147483647
32767.000
32767
NULL
NULL

statement error
SELECT v, convert(v, Binary) from T_double

statement error
SELECT v, convert(v, varBinary) from T_double

statement error
SELECT v, convert(v, longvarBinary) from T_double

statement error
SELECT v, convert(v, Blob) from T_double

statement error
SELECT v, convert(v, date) from T_double

statement error
SELECT v, convert(v, time) from T_double

statement error
SELECT v, convert(v, timestamp) from T_double

statement error
SELECT v, convert(v, time with time zone) from T_double

statement error
SELECT v, convert(v, timestamp with time zone) from T_double

statement error
SELECT v, cast(v as boolean) from T_double

statement error
SELECT v, cast(v as bit) from T_double

query RI rowsort
SELECT v, cast(v as tinyint) from T_double where v between -127 and 127
----
-1.000
-1
-127.000
-127
-3.142
-3
0.000
0
0.120
0
1.000
1
127.000
127

query RI rowsort
SELECT v, cast(v as smallint) from T_double where v between -32767 and 32767
----
-1.000
-1
-127.000
-127
-3.142
-3
-32767.000
-32767
0.000
0
0.120
0
1.000
1
127.000
127
32767.000
32767

query RI rowsort
SELECT v, cast(v as integer) from T_double
----
-1.000
-1
-127.000
-127
-2147483647.000
-2147483647
-3.142
-3
-32767.000
-32767
0.000
0
0.120
0
1.000
1
127.000
127
2147483647.000
2147483647
32767.000
32767
NULL
NULL

query RI rowsort
SELECT v, cast(v as bigint) from T_double
----
-1.000
-1
-127.000
-127
-2147483647.000
-2147483647
-3.142
-3
-32767.000
-32767
0.000
0
0.120
0
1.000
1
127.000
127
2147483647.000
2147483647
32767.000
32767
NULL
NULL

query RI rowsort
SELECT v, cast(v as hugeint) from T_double
----
-1.000
-1
-127.000
-127
-2147483647.000
-2147483647
-3.142
-3
-32767.000
-32767
0.000
0
0.120
0
1.000
1
127.000
127
2147483647.000
2147483647
32767.000
32767
NULL
NULL

query RR rowsort
SELECT v, cast(v as float) from T_double
----
-1.000
-1.000
-127.000
-127.000
-2147483647.000
-2147483647.000
-3.142
-3.142
-32767.000
-32767.000
0.000
0.000
0.120
0.120
1.000
1.000
127.000
127.000
2147483647.000
2147483647.000
32767.000
32767.000
NULL
NULL

query RT rowsort
SELECT v, cast(v as float(24)) from T_double
----
-1.000
-1.0
-127.000
-127.0
-2147483647.000
-2147483600.0
-3.142
-3.141563
-32767.000
-32767.0
0.000
0.0
0.120
0.12
1.000
1.0
127.000
127.0
2147483647.000
2147483600.0
32767.000
32767.0
NULL
NULL

query RT rowsort
SELECT v, cast(v as real) from T_double
----
-1.000
-1.0
-127.000
-127.0
-2147483647.000
-2147483600.0
-3.142
-3.141563
-32767.000
-32767.0
0.000
0.0
0.120
0.12
1.000
1.0
127.000
127.0
2147483647.000
2147483600.0
32767.000
32767.0
NULL
NULL

query RR rowsort
SELECT v, cast(v as double) from T_double
----
-1.000
-1.000
-127.000
-127.000
-2147483647.000
-2147483647.000
-3.142
-3.142
-32767.000
-32767.000
0.000
0.000
0.120
0.120
1.000
1.000
127.000
127.000
2147483647.000
2147483647.000
32767.000
32767.000
NULL
NULL

query RR rowsort
SELECT v, cast(v as double precision) from T_double
----
-1.000
-1.000
-127.000
-127.000
-2147483647.000
-2147483647.000
-3.142
-3.142
-32767.000
-32767.000
0.000
0.000
0.120
0.120
1.000
1.000
127.000
127.000
2147483647.000
2147483647.000
32767.000
32767.000
NULL
NULL

query RR rowsort
SELECT v, cast(v as numeric) from T_double
----
-1.000
-1.000
-127.000
-127.000
-2147483647.000
-2147483647.000
-3.142
-3.142
-32767.000
-32767.000
0.000
0.000
0.120
0.120
1.000
1.000
127.000
127.000
2147483647.000
2147483647.000
32767.000
32767.000
NULL
NULL

query RR rowsort
SELECT v, cast(v as decimal) from T_double
----
-1.000
-1.000
-127.000
-127.000
-2147483647.000
-2147483647.000
-3.142
-3.142
-32767.000
-32767.000
0.000
0.000
0.120
0.120
1.000
1.000
127.000
127.000
2147483647.000
2147483647.000
32767.000
32767.000
NULL
NULL

query RR rowsort
SELECT v, cast(v as numeric(10)) from T_double
----
-1.000
-1.000
-127.000
-127.000
-2147483647.000
-2147483647.000
-3.142
-3.000
-32767.000
-32767.000
0.000
0.000
0.120
0.000
1.000
1.000
127.000
127.000
2147483647.000
2147483647.000
32767.000
32767.000
NULL
NULL

query RR rowsort
SELECT v, cast(v as decimal(11)) from T_double
----
-1.000
-1.000
-127.000
-127.000
-2147483647.000
-2147483647.000
-3.142
-3.000
-32767.000
-32767.000
0.000
0.000
0.120
0.000
1.000
1.000
127.000
127.000
2147483647.000
2147483647.000
32767.000
32767.000
NULL
NULL

query RR rowsort
SELECT v, cast(v as numeric(12,0)) from T_double
----
-1.000
-1.000
-127.000
-127.000
-2147483647.000
-2147483647.000
-3.142
-3.000
-32767.000
-32767.000
0.000
0.000
0.120
0.000
1.000
1.000
127.000
127.000
2147483647.000
2147483647.000
32767.000
32767.000
NULL
NULL

query RR rowsort
SELECT v, cast(v as decimal(15,3)) from T_double
----
-1.000
-1.000
-127.000
-127.000
-2147483647.000
-2147483647.000
-3.142
-3.142
-32767.000
-32767.000
0.000
0.000
0.120
0.120
1.000
1.000
127.000
127.000
2147483647.000
2147483647.000
32767.000
32767.000
NULL
NULL

statement error
SELECT v, cast(v as char) from T_double where v between 0 and 1

statement error
SELECT v, cast(v as varchar) from T_double

query RT rowsort
SELECT v, cast(v as varchar(16)) from T_double
----
-1.000
-1
-127.000
-127
-2147483647.000
-2147483647
-3.142
-3.1415629
-32767.000
-32767
0.000
0
0.120
0.12
1.000
1
127.000
127
2147483647.000
2147483647
32767.000
32767
NULL
NULL

statement error
SELECT v, cast(v as longvarchar) from T_double

statement error
SELECT v, cast(v as long varchar) from T_double

query RT rowsort
SELECT v, cast(v as CHARACTER LARGE OBJECT) from T_double
----
-1.000
-1
-127.000
-127
-2147483647.000
-2147483647
-3.142
-3.1415629
-32767.000
-32767
0.000
0
0.120
0.12
1.000
1
127.000
127
2147483647.000
2147483647
32767.000
32767
NULL
NULL

query RT rowsort
SELECT v, cast(v as Clob) from T_double
----
-1.000
-1
-127.000
-127
-2147483647.000
-2147483647
-3.142
-3.1415629
-32767.000
-32767
0.000
0
0.120
0.12
1.000
1
127.000
127
2147483647.000
2147483647
32767.000
32767
NULL
NULL

statement error
SELECT v, cast(v as Binary) from T_double

statement error
SELECT v, cast(v as varBinary) from T_double

statement error
SELECT v, cast(v as longvarBinary) from T_double

statement error
SELECT v, cast(v as Blob) from T_double

statement error
SELECT v, cast(v as date) from T_double

statement error
SELECT v, cast(v as time) from T_double

statement error
SELECT v, cast(v as timestamp) from T_double

statement error
SELECT v, cast(v as time with time zone) from T_double

statement error
SELECT v, cast(v as timestamp with time zone) from T_double

statement ok
DROP TABLE T_double

statement ok
CREATE TABLE T_num (v NUMERIC(10,0))

statement ok
INSERT into T_num VALUES (1.0), (0.0), (-1.0), (-127.0), (127.0), (-32767.0), (32767.0), (-2147483647.0), (2147483647.0), (0.12), (-3.1415629)

statement ok
INSERT into T_num VALUES (null)

query R rowsort
SELECT v FROM T_num ORDER BY v
----
-1.000
-127.000
-2147483647.000
-3.000
-32767.000
0.000
0.000
1.000
127.000
2147483647.000
32767.000
NULL

statement error
SELECT v, convert(v, boolean) from T_num

statement error
SELECT v, convert(v, bit) from T_num

query RI rowsort
SELECT v, convert(v, tinyint) from T_num where v between -127 and 127
----
-1.000
-1
-127.000
-127
-3.000
-3
0.000
0
0.000
0
1.000
1
127.000
127

query RI rowsort
SELECT v, convert(v, smallint) from T_num where v between -32767 and 32767
----
-1.000
-1
-127.000
-127
-3.000
-3
-32767.000
-32767
0.000
0
0.000
0
1.000
1
127.000
127
32767.000
32767

query RI rowsort
SELECT v, convert(v, integer) from T_num
----
-1.000
-1
-127.000
-127
-2147483647.000
-2147483647
-3.000
-3
-32767.000
-32767
0.000
0
0.000
0
1.000
1
127.000
127
2147483647.000
2147483647
32767.000
32767
NULL
NULL

query RI rowsort
SELECT v, convert(v, bigint) from T_num
----
-1.000
-1
-127.000
-127
-2147483647.000
-2147483647
-3.000
-3
-32767.000
-32767
0.000
0
0.000
0
1.000
1
127.000
127
2147483647.000
2147483647
32767.000
32767
NULL
NULL

query RI rowsort
SELECT v, convert(v, hugeint) from T_num
----
-1.000
-1
-127.000
-127
-2147483647.000
-2147483647
-3.000
-3
-32767.000
-32767
0.000
0
0.000
0
1.000
1
127.000
127
2147483647.000
2147483647
32767.000
32767
NULL
NULL

query RR rowsort
SELECT v, convert(v, float) from T_num
----
-1.000
-1.000
-127.000
-127.000
-2147483647.000
-2147483647.000
-3.000
-3.000
-32767.000
-32767.000
0.000
0.000
0.000
0.000
1.000
1.000
127.000
127.000
2147483647.000
2147483647.000
32767.000
32767.000
NULL
NULL

query RT rowsort
SELECT v, convert(v, float(24)) from T_num
----
-1.000
-1.0
-127.000
-127.0
-2147483647.000
-2147483600.0
-3.000
-3.0
-32767.000
-32767.0
0.000
0.0
0.000
0.0
1.000
1.0
127.000
127.0
2147483647.000
2147483600.0
32767.000
32767.0
NULL
NULL

query RT rowsort
SELECT v, convert(v, real) from T_num
----
-1.000
-1.0
-127.000
-127.0
-2147483647.000
-2147483600.0
-3.000
-3.0
-32767.000
-32767.0
0.000
0.0
0.000
0.0
1.000
1.0
127.000
127.0
2147483647.000
2147483600.0
32767.000
32767.0
NULL
NULL

query RR rowsort
SELECT v, convert(v, double) from T_num
----
-1.000
-1.000
-127.000
-127.000
-2147483647.000
-2147483647.000
-3.000
-3.000
-32767.000
-32767.000
0.000
0.000
0.000
0.000
1.000
1.000
127.000
127.000
2147483647.000
2147483647.000
32767.000
32767.000
NULL
NULL

query RR rowsort
SELECT v, convert(v, double precision) from T_num
----
-1.000
-1.000
-127.000
-127.000
-2147483647.000
-2147483647.000
-3.000
-3.000
-32767.000
-32767.000
0.000
0.000
0.000
0.000
1.000
1.000
127.000
127.000
2147483647.000
2147483647.000
32767.000
32767.000
NULL
NULL

query RR rowsort
SELECT v, convert(v, numeric) from T_num
----
-1.000
-1.000
-127.000
-127.000
-2147483647.000
-2147483647.000
-3.000
-3.000
-32767.000
-32767.000
0.000
0.000
0.000
0.000
1.000
1.000
127.000
127.000
2147483647.000
2147483647.000
32767.000
32767.000
NULL
NULL

query RR rowsort
SELECT v, convert(v, decimal) from T_num
----
-1.000
-1.000
-127.000
-127.000
-2147483647.000
-2147483647.000
-3.000
-3.000
-32767.000
-32767.000
0.000
0.000
0.000
0.000
1.000
1.000
127.000
127.000
2147483647.000
2147483647.000
32767.000
32767.000
NULL
NULL

query RR rowsort
SELECT v, convert(v, numeric(10)) from T_num
----
-1.000
-1.000
-127.000
-127.000
-2147483647.000
-2147483647.000
-3.000
-3.000
-32767.000
-32767.000
0.000
0.000
0.000
0.000
1.000
1.000
127.000
127.000
2147483647.000
2147483647.000
32767.000
32767.000
NULL
NULL

query RR rowsort
SELECT v, convert(v, decimal(11)) from T_num
----
-1.000
-1.000
-127.000
-127.000
-2147483647.000
-2147483647.000
-3.000
-3.000
-32767.000
-32767.000
0.000
0.000
0.000
0.000
1.000
1.000
127.000
127.000
2147483647.000
2147483647.000
32767.000
32767.000
NULL
NULL

query RR rowsort
SELECT v, convert(v, numeric(12,0)) from T_num
----
-1.000
-1.000
-127.000
-127.000
-2147483647.000
-2147483647.000
-3.000
-3.000
-32767.000
-32767.000
0.000
0.000
0.000
0.000
1.000
1.000
127.000
127.000
2147483647.000
2147483647.000
32767.000
32767.000
NULL
NULL

query RR rowsort
SELECT v, convert(v, decimal(15,3)) from T_num
----
-1.000
-1.000
-127.000
-127.000
-2147483647.000
-2147483647.000
-3.000
-3.000
-32767.000
-32767.000
0.000
0.000
0.000
0.000
1.000
1.000
127.000
127.000
2147483647.000
2147483647.000
32767.000
32767.000
NULL
NULL

query RT rowsort
SELECT v, convert(v, char) from T_num where v between 0 and 1
----
0.000
0
0.000
0
1.000
1

statement error
SELECT v, convert(v, varchar) from T_num

query RT rowsort
SELECT v, convert(v, varchar(16)) from T_num
----
-1.000
-1
-127.000
-127
-2147483647.000
-2147483647
-3.000
-3
-32767.000
-32767
0.000
0
0.000
0
1.000
1
127.000
127
2147483647.000
2147483647
32767.000
32767
NULL
NULL

statement error
SELECT v, convert(v, longvarchar) from T_num

statement error
SELECT v, convert(v, long varchar) from T_num

query RT rowsort
SELECT v, convert(v, CHARACTER LARGE OBJECT) from T_num
----
-1.000
-1
-127.000
-127
-2147483647.000
-2147483647
-3.000
-3
-32767.000
-32767
0.000
0
0.000
0
1.000
1
127.000
127
2147483647.000
2147483647
32767.000
32767
NULL
NULL

query RT rowsort
SELECT v, convert(v, Clob) from T_num
----
-1.000
-1
-127.000
-127
-2147483647.000
-2147483647
-3.000
-3
-32767.000
-32767
0.000
0
0.000
0
1.000
1
127.000
127
2147483647.000
2147483647
32767.000
32767
NULL
NULL

statement error
SELECT v, convert(v, Binary) from T_num

statement error
SELECT v, convert(v, varBinary) from T_num

statement error
SELECT v, convert(v, longvarBinary) from T_num

statement error
SELECT v, convert(v, Blob) from T_num

statement error
SELECT v, convert(v, date) from T_num

statement error
SELECT v, convert(v, time) from T_num

statement error
SELECT v, convert(v, timestamp) from T_num

statement error
SELECT v, convert(v, time with time zone) from T_num

statement error
SELECT v, convert(v, timestamp with time zone) from T_num

statement error
SELECT v, cast(v as boolean) from T_num

statement error
SELECT v, cast(v as bit) from T_num

query RI rowsort
SELECT v, cast(v as tinyint) from T_num where v between -127 and 127
----
-1.000
-1
-127.000
-127
-3.000
-3
0.000
0
0.000
0
1.000
1
127.000
127

query RI rowsort
SELECT v, cast(v as smallint) from T_num where v between -32767 and 32767
----
-1.000
-1
-127.000
-127
-3.000
-3
-32767.000
-32767
0.000
0
0.000
0
1.000
1
127.000
127
32767.000
32767

query RI rowsort
SELECT v, cast(v as integer) from T_num
----
-1.000
-1
-127.000
-127
-2147483647.000
-2147483647
-3.000
-3
-32767.000
-32767
0.000
0
0.000
0
1.000
1
127.000
127
2147483647.000
2147483647
32767.000
32767
NULL
NULL

query RI rowsort
SELECT v, cast(v as bigint) from T_num
----
-1.000
-1
-127.000
-127
-2147483647.000
-2147483647
-3.000
-3
-32767.000
-32767
0.000
0
0.000
0
1.000
1
127.000
127
2147483647.000
2147483647
32767.000
32767
NULL
NULL

query RI rowsort
SELECT v, cast(v as hugeint) from T_num
----
-1.000
-1
-127.000
-127
-2147483647.000
-2147483647
-3.000
-3
-32767.000
-32767
0.000
0
0.000
0
1.000
1
127.000
127
2147483647.000
2147483647
32767.000
32767
NULL
NULL

query RR rowsort
SELECT v, cast(v as float) from T_num
----
-1.000
-1.000
-127.000
-127.000
-2147483647.000
-2147483647.000
-3.000
-3.000
-32767.000
-32767.000
0.000
0.000
0.000
0.000
1.000
1.000
127.000
127.000
2147483647.000
2147483647.000
32767.000
32767.000
NULL
NULL

query RT rowsort
SELECT v, cast(v as float(24)) from T_num
----
-1.000
-1.0
-127.000
-127.0
-2147483647.000
-2147483600.0
-3.000
-3.0
-32767.000
-32767.0
0.000
0.0
0.000
0.0
1.000
1.0
127.000
127.0
2147483647.000
2147483600.0
32767.000
32767.0
NULL
NULL

query RT rowsort
SELECT v, cast(v as real) from T_num
----
-1.000
-1.0
-127.000
-127.0
-2147483647.000
-2147483600.0
-3.000
-3.0
-32767.000
-32767.0
0.000
0.0
0.000
0.0
1.000
1.0
127.000
127.0
2147483647.000
2147483600.0
32767.000
32767.0
NULL
NULL

query RR rowsort
SELECT v, cast(v as double) from T_num
----
-1.000
-1.000
-127.000
-127.000
-2147483647.000
-2147483647.000
-3.000
-3.000
-32767.000
-32767.000
0.000
0.000
0.000
0.000
1.000
1.000
127.000
127.000
2147483647.000
2147483647.000
32767.000
32767.000
NULL
NULL

query RR rowsort
SELECT v, cast(v as double precision) from T_num
----
-1.000
-1.000
-127.000
-127.000
-2147483647.000
-2147483647.000
-3.000
-3.000
-32767.000
-32767.000
0.000
0.000
0.000
0.000
1.000
1.000
127.000
127.000
2147483647.000
2147483647.000
32767.000
32767.000
NULL
NULL

query RR rowsort
SELECT v, cast(v as numeric) from T_num
----
-1.000
-1.000
-127.000
-127.000
-2147483647.000
-2147483647.000
-3.000
-3.000
-32767.000
-32767.000
0.000
0.000
0.000
0.000
1.000
1.000
127.000
127.000
2147483647.000
2147483647.000
32767.000
32767.000
NULL
NULL

query RR rowsort
SELECT v, cast(v as decimal) from T_num
----
-1.000
-1.000
-127.000
-127.000
-2147483647.000
-2147483647.000
-3.000
-3.000
-32767.000
-32767.000
0.000
0.000
0.000
0.000
1.000
1.000
127.000
127.000
2147483647.000
2147483647.000
32767.000
32767.000
NULL
NULL

query RR rowsort
SELECT v, cast(v as numeric(10)) from T_num
----
-1.000
-1.000
-127.000
-127.000
-2147483647.000
-2147483647.000
-3.000
-3.000
-32767.000
-32767.000
0.000
0.000
0.000
0.000
1.000
1.000
127.000
127.000
2147483647.000
2147483647.000
32767.000
32767.000
NULL
NULL

query RR rowsort
SELECT v, cast(v as decimal(11)) from T_num
----
-1.000
-1.000
-127.000
-127.000
-2147483647.000
-2147483647.000
-3.000
-3.000
-32767.000
-32767.000
0.000
0.000
0.000
0.000
1.000
1.000
127.000
127.000
2147483647.000
2147483647.000
32767.000
32767.000
NULL
NULL

query RR rowsort
SELECT v, cast(v as numeric(12,0)) from T_num
----
-1.000
-1.000
-127.000
-127.000
-2147483647.000
-2147483647.000
-3.000
-3.000
-32767.000
-32767.000
0.000
0.000
0.000
0.000
1.000
1.000
127.000
127.000
2147483647.000
2147483647.000
32767.000
32767.000
NULL
NULL

query RR rowsort
SELECT v, cast(v as decimal(15,3)) from T_num
----
-1.000
-1.000
-127.000
-127.000
-2147483647.000
-2147483647.000
-3.000
-3.000
-32767.000
-32767.000
0.000
0.000
0.000
0.000
1.000
1.000
127.000
127.000
2147483647.000
2147483647.000
32767.000
32767.000
NULL
NULL

query RT rowsort
SELECT v, cast(v as char) from T_num where v between 0 and 1
----
0.000
0
0.000
0
1.000
1

statement error
SELECT v, cast(v as varchar) from T_num

query RT rowsort
SELECT v, cast(v as varchar(16)) from T_num
----
-1.000
-1
-127.000
-127
-2147483647.000
-2147483647
-3.000
-3
-32767.000
-32767
0.000
0
0.000
0
1.000
1
127.000
127
2147483647.000
2147483647
32767.000
32767
NULL
NULL

statement error
SELECT v, cast(v as longvarchar) from T_num

statement error
SELECT v, cast(v as long varchar) from T_num

query RT rowsort
SELECT v, cast(v as CHARACTER LARGE OBJECT) from T_num
----
-1.000
-1
-127.000
-127
-2147483647.000
-2147483647
-3.000
-3
-32767.000
-32767
0.000
0
0.000
0
1.000
1
127.000
127
2147483647.000
2147483647
32767.000
32767
NULL
NULL

query RT rowsort
SELECT v, cast(v as Clob) from T_num
----
-1.000
-1
-127.000
-127
-2147483647.000
-2147483647
-3.000
-3
-32767.000
-32767
0.000
0
0.000
0
1.000
1
127.000
127
2147483647.000
2147483647
32767.000
32767
NULL
NULL

statement error
SELECT v, cast(v as Binary) from T_num

statement error
SELECT v, cast(v as varBinary) from T_num

statement error
SELECT v, cast(v as longvarBinary) from T_num

statement error
SELECT v, cast(v as Blob) from T_num

statement error
SELECT v, cast(v as date) from T_num

statement error
SELECT v, cast(v as time) from T_num

statement error
SELECT v, cast(v as timestamp) from T_num

statement error
SELECT v, cast(v as time with time zone) from T_num

statement error
SELECT v, cast(v as timestamp with time zone) from T_num

statement ok
DROP TABLE T_num

statement ok
CREATE TABLE T_dec (v DECIMAL(17,7))

statement ok
INSERT into T_dec VALUES (1.0), (0.0), (-1.0), (-127.0), (127.0), (-32767.0), (32767.0), (-2147483647.0), (2147483647.0), (0.12), (-3.1415629)

statement ok
INSERT into T_dec VALUES (null)

query R rowsort
SELECT v FROM T_dec ORDER BY v
----
-1.000
-127.000
-2147483647.000
-3.142
-32767.000
0.000
0.120
1.000
127.000
2147483647.000
32767.000
NULL

statement error
SELECT v, convert(v, boolean) from T_dec

statement error
SELECT v, convert(v, bit) from T_dec

query RI rowsort
SELECT v, convert(v, tinyint) from T_dec where v between -127 and 127
----
-1.000
-1
-127.000
-127
-3.142
-3
0.000
0
0.120
0
1.000
1
127.000
127

query RI rowsort
SELECT v, convert(v, smallint) from T_dec where v between -32767 and 32767
----
-1.000
-1
-127.000
-127
-3.142
-3
-32767.000
-32767
0.000
0
0.120
0
1.000
1
127.000
127
32767.000
32767

query RI rowsort
SELECT v, convert(v, integer) from T_dec
----
-1.000
-1
-127.000
-127
-2147483647.000
-2147483647
-3.142
-3
-32767.000
-32767
0.000
0
0.120
0
1.000
1
127.000
127
2147483647.000
2147483647
32767.000
32767
NULL
NULL

query RI rowsort
SELECT v, convert(v, bigint) from T_dec
----
-1.000
-1
-127.000
-127
-2147483647.000
-2147483647
-3.142
-3
-32767.000
-32767
0.000
0
0.120
0
1.000
1
127.000
127
2147483647.000
2147483647
32767.000
32767
NULL
NULL

query RI rowsort
SELECT v, convert(v, hugeint) from T_dec
----
-1.000
-1
-127.000
-127
-2147483647.000
-2147483647
-3.142
-3
-32767.000
-32767
0.000
0
0.120
0
1.000
1
127.000
127
2147483647.000
2147483647
32767.000
32767
NULL
NULL

query RR rowsort
SELECT v, convert(v, float) from T_dec
----
-1.000
-1.000
-127.000
-127.000
-2147483647.000
-2147483647.000
-3.142
-3.142
-32767.000
-32767.000
0.000
0.000
0.120
0.120
1.000
1.000
127.000
127.000
2147483647.000
2147483647.000
32767.000
32767.000
NULL
NULL

query RT rowsort
SELECT v, convert(v, float(24)) from T_dec
----
-1.000
-1.0
-127.000
-127.0
-2147483647.000
-2147483600.0
-3.142
-3.1415627
-32767.000
-32767.0
0.000
0.0
0.120
0.12
1.000
1.0
127.000
127.0
2147483647.000
2147483600.0
32767.000
32767.0
NULL
NULL

query RT rowsort
SELECT v, convert(v, real) from T_dec
----
-1.000
-1.0
-127.000
-127.0
-2147483647.000
-2147483600.0
-3.142
-3.1415627
-32767.000
-32767.0
0.000
0.0
0.120
0.12
1.000
1.0
127.000
127.0
2147483647.000
2147483600.0
32767.000
32767.0
NULL
NULL

query RR rowsort
SELECT v, convert(v, double) from T_dec
----
-1.000
-1.000
-127.000
-127.000
-2147483647.000
-2147483647.000
-3.142
-3.142
-32767.000
-32767.000
0.000
0.000
0.120
0.120
1.000
1.000
127.000
127.000
2147483647.000
2147483647.000
32767.000
32767.000
NULL
NULL

query RR rowsort
SELECT v, convert(v, double precision) from T_dec
----
-1.000
-1.000
-127.000
-127.000
-2147483647.000
-2147483647.000
-3.142
-3.142
-32767.000
-32767.000
0.000
0.000
0.120
0.120
1.000
1.000
127.000
127.000
2147483647.000
2147483647.000
32767.000
32767.000
NULL
NULL

query RR rowsort
SELECT v, convert(v, numeric) from T_dec
----
-1.000
-1.000
-127.000
-127.000
-2147483647.000
-2147483647.000
-3.142
-3.142
-32767.000
-32767.000
0.000
0.000
0.120
0.120
1.000
1.000
127.000
127.000
2147483647.000
2147483647.000
32767.000
32767.000
NULL
NULL

query RR rowsort
SELECT v, convert(v, decimal) from T_dec
----
-1.000
-1.000
-127.000
-127.000
-2147483647.000
-2147483647.000
-3.142
-3.142
-32767.000
-32767.000
0.000
0.000
0.120
0.120
1.000
1.000
127.000
127.000
2147483647.000
2147483647.000
32767.000
32767.000
NULL
NULL

query RR rowsort
SELECT v, convert(v, numeric(10)) from T_dec
----
-1.000
-1.000
-127.000
-127.000
-2147483647.000
-2147483647.000
-3.142
-3.000
-32767.000
-32767.000
0.000
0.000
0.120
0.000
1.000
1.000
127.000
127.000
2147483647.000
2147483647.000
32767.000
32767.000
NULL
NULL

query RR rowsort
SELECT v, convert(v, decimal(11)) from T_dec
----
-1.000
-1.000
-127.000
-127.000
-2147483647.000
-2147483647.000
-3.142
-3.000
-32767.000
-32767.000
0.000
0.000
0.120
0.000
1.000
1.000
127.000
127.000
2147483647.000
2147483647.000
32767.000
32767.000
NULL
NULL

query RR rowsort
SELECT v, convert(v, numeric(12,0)) from T_dec
----
-1.000
-1.000
-127.000
-127.000
-2147483647.000
-2147483647.000
-3.142
-3.000
-32767.000
-32767.000
0.000
0.000
0.120
0.000
1.000
1.000
127.000
127.000
2147483647.000
2147483647.000
32767.000
32767.000
NULL
NULL

query RR rowsort
SELECT v, convert(v, decimal(15,3)) from T_dec
----
-1.000
-1.000
-127.000
-127.000
-2147483647.000
-2147483647.000
-3.142
-3.142
-32767.000
-32767.000
0.000
0.000
0.120
0.120
1.000
1.000
127.000
127.000
2147483647.000
2147483647.000
32767.000
32767.000
NULL
NULL

statement error
SELECT v, convert(v, char) from T_dec where v between 0 and 1

statement error
SELECT v, convert(v, varchar) from T_dec

query RT rowsort
SELECT v, convert(v, varchar(20)) from T_dec
----
-1.000
-1.0000000
-127.000
-127.0000000
-2147483647.000
-2147483647.0000000
-3.142
-3.1415629
-32767.000
-32767.0000000
0.000
0.0000000
0.120
0.1200000
1.000
1.0000000
127.000
127.0000000
2147483647.000
2147483647.0000000
32767.000
32767.0000000
NULL
NULL

statement error
SELECT v, convert(v, longvarchar) from T_dec

statement error
SELECT v, convert(v, long varchar) from T_dec

query RT rowsort
SELECT v, convert(v, CHARACTER LARGE OBJECT) from T_dec
----
-1.000
-1.0000000
-127.000
-127.0000000
-2147483647.000
-2147483647.0000000
-3.142
-3.1415629
-32767.000
-32767.0000000
0.000
0.0000000
0.120
0.1200000
1.000
1.0000000
127.000
127.0000000
2147483647.000
2147483647.0000000
32767.000
32767.0000000
NULL
NULL

query RT rowsort
SELECT v, convert(v, Clob) from T_dec
----
-1.000
-1.0000000
-127.000
-127.0000000
-2147483647.000
-2147483647.0000000
-3.142
-3.1415629
-32767.000
-32767.0000000
0.000
0.0000000
0.120
0.1200000
1.000
1.0000000
127.000
127.0000000
2147483647.000
2147483647.0000000
32767.000
32767.0000000
NULL
NULL

statement error
SELECT v, convert(v, Binary) from T_dec

statement error
SELECT v, convert(v, varBinary) from T_dec

statement error
SELECT v, convert(v, longvarBinary) from T_dec

statement error
SELECT v, convert(v, Blob) from T_dec

statement error
SELECT v, convert(v, date) from T_dec

statement error
SELECT v, convert(v, time) from T_dec

statement error
SELECT v, convert(v, timestamp) from T_dec

statement error
SELECT v, convert(v, time with time zone) from T_dec

statement error
SELECT v, convert(v, timestamp with time zone) from T_dec

statement error
SELECT v, cast(v as boolean) from T_dec

statement error
SELECT v, cast(v as bit) from T_dec

query RI rowsort
SELECT v, cast(v as tinyint) from T_dec where v between -127 and 127
----
-1.000
-1
-127.000
-127
-3.142
-3
0.000
0
0.120
0
1.000
1
127.000
127

query RI rowsort
SELECT v, cast(v as smallint) from T_dec where v between -32767 and 32767
----
-1.000
-1
-127.000
-127
-3.142
-3
-32767.000
-32767
0.000
0
0.120
0
1.000
1
127.000
127
32767.000
32767

query RI rowsort
SELECT v, cast(v as integer) from T_dec
----
-1.000
-1
-127.000
-127
-2147483647.000
-2147483647
-3.142
-3
-32767.000
-32767
0.000
0
0.120
0
1.000
1
127.000
127
2147483647.000
2147483647
32767.000
32767
NULL
NULL

query RI rowsort
SELECT v, cast(v as bigint) from T_dec
----
-1.000
-1
-127.000
-127
-2147483647.000
-2147483647
-3.142
-3
-32767.000
-32767
0.000
0
0.120
0
1.000
1
127.000
127
2147483647.000
2147483647
32767.000
32767
NULL
NULL

query RI rowsort
SELECT v, cast(v as hugeint) from T_dec
----
-1.000
-1
-127.000
-127
-2147483647.000
-2147483647
-3.142
-3
-32767.000
-32767
0.000
0
0.120
0
1.000
1
127.000
127
2147483647.000
2147483647
32767.000
32767
NULL
NULL

query RR rowsort
SELECT v, cast(v as float) from T_dec
----
-1.000
-1.000
-127.000
-127.000
-2147483647.000
-2147483647.000
-3.142
-3.142
-32767.000
-32767.000
0.000
0.000
0.120
0.120
1.000
1.000
127.000
127.000
2147483647.000
2147483647.000
32767.000
32767.000
NULL
NULL

query RT rowsort
SELECT v, cast(v as float(24)) from T_dec
----
-1.000
-1.0
-127.000
-127.0
-2147483647.000
-2147483600.0
-3.142
-3.1415627
-32767.000
-32767.0
0.000
0.0
0.120
0.12
1.000
1.0
127.000
127.0
2147483647.000
2147483600.0
32767.000
32767.0
NULL
NULL

query RT rowsort
SELECT v, cast(v as real) from T_dec
----
-1.000
-1.0
-127.000
-127.0
-2147483647.000
-2147483600.0
-3.142
-3.1415627
-32767.000
-32767.0
0.000
0.0
0.120
0.12
1.000
1.0
127.000
127.0
2147483647.000
2147483600.0
32767.000
32767.0
NULL
NULL

query RR rowsort
SELECT v, cast(v as double) from T_dec
----
-1.000
-1.000
-127.000
-127.000
-2147483647.000
-2147483647.000
-3.142
-3.142
-32767.000
-32767.000
0.000
0.000
0.120
0.120
1.000
1.000
127.000
127.000
2147483647.000
2147483647.000
32767.000
32767.000
NULL
NULL

query RR rowsort
SELECT v, cast(v as double precision) from T_dec
----
-1.000
-1.000
-127.000
-127.000
-2147483647.000
-2147483647.000
-3.142
-3.142
-32767.000
-32767.000
0.000
0.000
0.120
0.120
1.000
1.000
127.000
127.000
2147483647.000
2147483647.000
32767.000
32767.000
NULL
NULL

query RR rowsort
SELECT v, cast(v as numeric) from T_dec
----
-1.000
-1.000
-127.000
-127.000
-2147483647.000
-2147483647.000
-3.142
-3.142
-32767.000
-32767.000
0.000
0.000
0.120
0.120
1.000
1.000
127.000
127.000
2147483647.000
2147483647.000
32767.000
32767.000
NULL
NULL

query RR rowsort
SELECT v, cast(v as decimal) from T_dec
----
-1.000
-1.000
-127.000
-127.000
-2147483647.000
-2147483647.000
-3.142
-3.142
-32767.000
-32767.000
0.000
0.000
0.120
0.120
1.000
1.000
127.000
127.000
2147483647.000
2147483647.000
32767.000
32767.000
NULL
NULL

query RR rowsort
SELECT v, cast(v as numeric(10)) from T_dec
----
-1.000
-1.000
-127.000
-127.000
-2147483647.000
-2147483647.000
-3.142
-3.000
-32767.000
-32767.000
0.000
0.000
0.120
0.000
1.000
1.000
127.000
127.000
2147483647.000
2147483647.000
32767.000
32767.000
NULL
NULL

query RR rowsort
SELECT v, cast(v as decimal(11)) from T_dec
----
-1.000
-1.000
-127.000
-127.000
-2147483647.000
-2147483647.000
-3.142
-3.000
-32767.000
-32767.000
0.000
0.000
0.120
0.000
1.000
1.000
127.000
127.000
2147483647.000
2147483647.000
32767.000
32767.000
NULL
NULL

query RR rowsort
SELECT v, cast(v as numeric(12,0)) from T_dec
----
-1.000
-1.000
-127.000
-127.000
-2147483647.000
-2147483647.000
-3.142
-3.000
-32767.000
-32767.000
0.000
0.000
0.120
0.000
1.000
1.000
127.000
127.000
2147483647.000
2147483647.000
32767.000
32767.000
NULL
NULL

query RR rowsort
SELECT v, cast(v as decimal(15,3)) from T_dec
----
-1.000
-1.000
-127.000
-127.000
-2147483647.000
-2147483647.000
-3.142
-3.142
-32767.000
-32767.000
0.000
0.000
0.120
0.120
1.000
1.000
127.000
127.000
2147483647.000
2147483647.000
32767.000
32767.000
NULL
NULL

statement error
SELECT v, cast(v as char) from T_dec where v between 0 and 1

statement error
SELECT v, cast(v as varchar) from T_dec

query RT rowsort
SELECT v, cast(v as varchar(20)) from T_dec
----
-1.000
-1.0000000
-127.000
-127.0000000
-2147483647.000
-2147483647.0000000
-3.142
-3.1415629
-32767.000
-32767.0000000
0.000
0.0000000
0.120
0.1200000
1.000
1.0000000
127.000
127.0000000
2147483647.000
2147483647.0000000
32767.000
32767.0000000
NULL
NULL

statement error
SELECT v, cast(v as longvarchar) from T_dec

statement error
SELECT v, cast(v as long varchar) from T_dec

query RT rowsort
SELECT v, cast(v as CHARACTER LARGE OBJECT) from T_dec
----
-1.000
-1.0000000
-127.000
-127.0000000
-2147483647.000
-2147483647.0000000
-3.142
-3.1415629
-32767.000
-32767.0000000
0.000
0.0000000
0.120
0.1200000
1.000
1.0000000
127.000
127.0000000
2147483647.000
2147483647.0000000
32767.000
32767.0000000
NULL
NULL

query RT rowsort
SELECT v, cast(v as Clob) from T_dec
----
-1.000
-1.0000000
-127.000
-127.0000000
-2147483647.000
-2147483647.0000000
-3.142
-3.1415629
-32767.000
-32767.0000000
0.000
0.0000000
0.120
0.1200000
1.000
1.0000000
127.000
127.0000000
2147483647.000
2147483647.0000000
32767.000
32767.0000000
NULL
NULL

statement error
SELECT v, cast(v as Binary) from T_dec

statement error
SELECT v, cast(v as varBinary) from T_dec

statement error
SELECT v, cast(v as longvarBinary) from T_dec

statement error
SELECT v, cast(v as Blob) from T_dec

statement error
SELECT v, cast(v as date) from T_dec

statement error
SELECT v, cast(v as time) from T_dec

statement error
SELECT v, cast(v as timestamp) from T_dec

statement error
SELECT v, cast(v as time with time zone) from T_dec

statement error
SELECT v, cast(v as timestamp with time zone) from T_dec

statement ok
DROP TABLE T_dec

statement ok
CREATE TABLE T_char (v CHAR(33))

statement ok
INSERT into T_char VALUES ('0'), ('1'), ('0123456789'), ('AaZz'), (r'~!@#$%^&*('')\_/-+=:;"<.,.>?'), ('')

statement ok
INSERT into T_char VALUES (null)

query T rowsort
SELECT v FROM T_char ORDER BY v
----
(empty)
0
0123456789
1
AaZz
NULL
~!@#$%^&*(')\_/-+=:;"<.,.>?

query TI rowsort
SELECT v, convert(v, boolean) from T_char where v in ('0', '1')
----
0
0
1
1

statement error
SELECT v, convert(v, bit) from T_char where v in ('0', '1')

query TI rowsort
SELECT v, convert(v, tinyint) from T_char where v in ('0', '1')
----
0
0
1
1

query TI rowsort
SELECT v, convert(v, smallint) from T_char where v in ('0', '1')
----
0
0
1
1

query TI rowsort
SELECT v, convert(v, integer) from T_char where v in ('0', '1')
----
0
0
1
1

query TI rowsort
SELECT v, convert(v, bigint) from T_char where v in ('0', '1')
----
0
0
1
1

query TI rowsort
SELECT v, convert(v, hugeint) from T_char where v in ('0', '1')
----
0
0
1
1

query TR rowsort
SELECT v, convert(v, float) from T_char where v in ('0', '1')
----
0
0.000
1
1.000

query TT rowsort
SELECT v, convert(v, float(24)) from T_char where v in ('0', '1')
----
0
0.0
1
1.0

query TT rowsort
SELECT v, convert(v, real) from T_char where v in ('0', '1')
----
0
0.0
1
1.0

query TR rowsort
SELECT v, convert(v, double) from T_char where v in ('0', '1')
----
0
0.000
1
1.000

query TR rowsort
SELECT v, convert(v, double precision) from T_char where v in ('0', '1')
----
0
0.000
1
1.000

query TR rowsort
SELECT v, convert(v, numeric) from T_char where v in ('0', '1')
----
0
0.000
1
1.000

query TR rowsort
SELECT v, convert(v, decimal) from T_char where v in ('0', '1')
----
0
0.000
1
1.000

query TR rowsort
SELECT v, convert(v, numeric(10)) from T_char where v in ('0', '1')
----
0
0.000
1
1.000

query TR rowsort
SELECT v, convert(v, decimal(11)) from T_char where v in ('0', '1')
----
0
0.000
1
1.000

query TR rowsort
SELECT v, convert(v, numeric(12,0)) from T_char where v in ('0', '1')
----
0
0.000
1
1.000

query TR rowsort
SELECT v, convert(v, decimal(15,3)) from T_char where v in ('0', '1')
----
0
0.000
1
1.000

query TT rowsort
SELECT v, convert(v, char) from T_char where v in ('0', '1')
----
0
0
1
1

statement error
SELECT v, convert(v, varchar) from T_char

query TT rowsort
SELECT v, convert(v, varchar(36)) from T_char
----
(empty)
(empty)
0
0
0123456789
0123456789
1
1
AaZz
AaZz
NULL
NULL
~!@#$%^&*(')\_/-+=:;"<.,.>?
~!@#$%^&*(')\_/-+=:;"<.,.>?

statement error
SELECT v, convert(v, longvarchar) from T_char

statement error
SELECT v, convert(v, long varchar) from T_char

query TT rowsort
SELECT v, convert(v, CHARACTER LARGE OBJECT) from T_char
----
(empty)
(empty)
0
0
0123456789
0123456789
1
1
AaZz
AaZz
NULL
NULL
~!@#$%^&*(')\_/-+=:;"<.,.>?
~!@#$%^&*(')\_/-+=:;"<.,.>?

query TT rowsort
SELECT v, convert(v, Clob) from T_char
----
(empty)
(empty)
0
0
0123456789
0123456789
1
1
AaZz
AaZz
NULL
NULL
~!@#$%^&*(')\_/-+=:;"<.,.>?
~!@#$%^&*(')\_/-+=:;"<.,.>?

statement error
SELECT v, convert(v, Binary) from T_char

statement error
SELECT v, convert(v, varBinary) from T_char

statement error
SELECT v, convert(v, longvarBinary) from T_char

query TT rowsort
SELECT v, convert(v, Blob) from T_char where v in ('0123456789')
----
0123456789
0123456789

statement error
SELECT v, convert(v, date) from T_char

statement error
SELECT v, convert(v, time) from T_char

statement error
SELECT v, convert(v, timestamp) from T_char

statement error
SELECT v, convert(v, time with time zone) from T_char

statement error
SELECT v, convert(v, timestamp with time zone) from T_char

query TI rowsort
SELECT v, cast(v as boolean) from T_char where v in ('0', '1')
----
0
0
1
1

statement error
SELECT v, cast(v as bit) from T_char where v in ('0', '1')

query TI rowsort
SELECT v, cast(v as tinyint) from T_char where v in ('0', '1')
----
0
0
1
1

query TI rowsort
SELECT v, cast(v as smallint) from T_char where v in ('0', '1')
----
0
0
1
1

query TI rowsort
SELECT v, cast(v as integer) from T_char where v in ('0', '1')
----
0
0
1
1

query TI rowsort
SELECT v, cast(v as bigint) from T_char where v in ('0', '1')
----
0
0
1
1

query TI rowsort
SELECT v, cast(v as hugeint) from T_char where v in ('0', '1')
----
0
0
1
1

query TR rowsort
SELECT v, cast(v as float) from T_char where v in ('0', '1')
----
0
0.000
1
1.000

query TT rowsort
SELECT v, cast(v as float(24)) from T_char where v in ('0', '1')
----
0
0.0
1
1.0

query TT rowsort
SELECT v, cast(v as real) from T_char where v in ('0', '1')
----
0
0.0
1
1.0

query TR rowsort
SELECT v, cast(v as double) from T_char where v in ('0', '1')
----
0
0.000
1
1.000

query TR rowsort
SELECT v, cast(v as double precision) from T_char where v in ('0', '1')
----
0
0.000
1
1.000

query TR rowsort
SELECT v, cast(v as numeric) from T_char where v in ('0', '1')
----
0
0.000
1
1.000

query TR rowsort
SELECT v, cast(v as decimal) from T_char where v in ('0', '1')
----
0
0.000
1
1.000

query TR rowsort
SELECT v, cast(v as numeric(10)) from T_char where v in ('0', '1')
----
0
0.000
1
1.000

query TR rowsort
SELECT v, cast(v as decimal(11)) from T_char where v in ('0', '1')
----
0
0.000
1
1.000

query TR rowsort
SELECT v, cast(v as numeric(12,0)) from T_char where v in ('0', '1')
----
0
0.000
1
1.000

query TR rowsort
SELECT v, cast(v as decimal(15,3)) from T_char where v in ('0', '1')
----
0
0.000
1
1.000

query TT rowsort
SELECT v, cast(v as char) from T_char where v in ('0', '1')
----
0
0
1
1

statement error
SELECT v, cast(v as varchar) from T_char

query TT rowsort
SELECT v, cast(v as varchar(36)) from T_char
----
(empty)
(empty)
0
0
0123456789
0123456789
1
1
AaZz
AaZz
NULL
NULL
~!@#$%^&*(')\_/-+=:;"<.,.>?
~!@#$%^&*(')\_/-+=:;"<.,.>?

statement error
SELECT v, cast(v as longvarchar) from T_char

statement error
SELECT v, cast(v as long varchar) from T_char

query TT rowsort
SELECT v, cast(v as CHARACTER LARGE OBJECT) from T_char
----
(empty)
(empty)
0
0
0123456789
0123456789
1
1
AaZz
AaZz
NULL
NULL
~!@#$%^&*(')\_/-+=:;"<.,.>?
~!@#$%^&*(')\_/-+=:;"<.,.>?

query TT rowsort
SELECT v, cast(v as Clob) from T_char
----
(empty)
(empty)
0
0
0123456789
0123456789
1
1
AaZz
AaZz
NULL
NULL
~!@#$%^&*(')\_/-+=:;"<.,.>?
~!@#$%^&*(')\_/-+=:;"<.,.>?

statement error
SELECT v, cast(v as Binary) from T_char

statement error
SELECT v, cast(v as varBinary) from T_char

statement error
SELECT v, cast(v as longvarBinary) from T_char

query TT rowsort
SELECT v, cast(v as Blob) from T_char where v in ('0123456789')
----
0123456789
0123456789

statement error
SELECT v, cast(v as date) from T_char

statement error
SELECT v, cast(v as time) from T_char

statement error
SELECT v, cast(v as timestamp) from T_char

statement error
SELECT v, cast(v as time with time zone) from T_char

statement error
SELECT v, cast(v as timestamp with time zone) from T_char

statement ok
DROP TABLE T_char

statement ok
CREATE TABLE T_varchar (v VARCHAR(33))

statement ok
INSERT into T_varchar VALUES ('0'), ('1'), ('0123456789'), ('AaZz'), (r'~!@#$%^&*('')\_/-+=:;"<.,.>?'), ('')

statement ok
INSERT into T_varchar VALUES (null)

query T rowsort
SELECT v FROM T_varchar ORDER BY v
----
(empty)
0
0123456789
1
AaZz
NULL
~!@#$%^&*(')\_/-+=:;"<.,.>?

query TI rowsort
SELECT v, convert(v, boolean) from T_varchar where v in ('0', '1')
----
0
0
1
1

statement error
SELECT v, convert(v, bit) from T_varchar where v in ('0', '1')

query TI rowsort
SELECT v, convert(v, tinyint) from T_varchar where v in ('0', '1')
----
0
0
1
1

query TI rowsort
SELECT v, convert(v, smallint) from T_varchar where v in ('0', '1')
----
0
0
1
1

query TI rowsort
SELECT v, convert(v, integer) from T_varchar where v in ('0', '1')
----
0
0
1
1

query TI rowsort
SELECT v, convert(v, bigint) from T_varchar where v in ('0', '1')
----
0
0
1
1

query TI rowsort
SELECT v, convert(v, hugeint) from T_varchar where v in ('0', '1')
----
0
0
1
1

query TR rowsort
SELECT v, convert(v, float) from T_varchar where v in ('0', '1')
----
0
0.000
1
1.000

query TT rowsort
SELECT v, convert(v, float(24)) from T_varchar where v in ('0', '1')
----
0
0.0
1
1.0

query TT rowsort
SELECT v, convert(v, real) from T_varchar where v in ('0', '1')
----
0
0.0
1
1.0

query TR rowsort
SELECT v, convert(v, double) from T_varchar where v in ('0', '1')
----
0
0.000
1
1.000

query TR rowsort
SELECT v, convert(v, double precision) from T_varchar where v in ('0', '1')
----
0
0.000
1
1.000

query TR rowsort
SELECT v, convert(v, numeric) from T_varchar where v in ('0', '1')
----
0
0.000
1
1.000

query TR rowsort
SELECT v, convert(v, decimal) from T_varchar where v in ('0', '1')
----
0
0.000
1
1.000

query TR rowsort
SELECT v, convert(v, numeric(10)) from T_varchar where v in ('0', '1')
----
0
0.000
1
1.000

query TR rowsort
SELECT v, convert(v, decimal(11)) from T_varchar where v in ('0', '1')
----
0
0.000
1
1.000

query TR rowsort
SELECT v, convert(v, numeric(12,0)) from T_varchar where v in ('0', '1')
----
0
0.000
1
1.000

query TR rowsort
SELECT v, convert(v, decimal(15,3)) from T_varchar where v in ('0', '1')
----
0
0.000
1
1.000

query TT rowsort
SELECT v, convert(v, char) from T_varchar where v in ('0', '1')
----
0
0
1
1

statement error
SELECT v, convert(v, varchar) from T_varchar

query TT rowsort
SELECT v, convert(v, varchar(36)) from T_varchar
----
(empty)
(empty)
0
0
0123456789
0123456789
1
1
AaZz
AaZz
NULL
NULL
~!@#$%^&*(')\_/-+=:;"<.,.>?
~!@#$%^&*(')\_/-+=:;"<.,.>?

statement error
SELECT v, convert(v, longvarchar) from T_varchar

statement error
SELECT v, convert(v, long varchar) from T_varchar

query TT rowsort
SELECT v, convert(v, CHARACTER LARGE OBJECT) from T_varchar
----
(empty)
(empty)
0
0
0123456789
0123456789
1
1
AaZz
AaZz
NULL
NULL
~!@#$%^&*(')\_/-+=:;"<.,.>?
~!@#$%^&*(')\_/-+=:;"<.,.>?

query TT rowsort
SELECT v, convert(v, Clob) from T_varchar
----
(empty)
(empty)
0
0
0123456789
0123456789
1
1
AaZz
AaZz
NULL
NULL
~!@#$%^&*(')\_/-+=:;"<.,.>?
~!@#$%^&*(')\_/-+=:;"<.,.>?

statement error
SELECT v, convert(v, Binary) from T_varchar

statement error
SELECT v, convert(v, varBinary) from T_varchar

statement error
SELECT v, convert(v, longvarBinary) from T_varchar

query TT rowsort
SELECT v, convert(v, Blob) from T_varchar where v in ('0123456789')
----
0123456789
0123456789

statement error
SELECT v, convert(v, date) from T_varchar

statement error
SELECT v, convert(v, time) from T_varchar

statement error
SELECT v, convert(v, timestamp) from T_varchar

statement error
SELECT v, convert(v, time with time zone) from T_varchar

statement error
SELECT v, convert(v, timestamp with time zone) from T_varchar

query TI rowsort
SELECT v, cast(v as boolean) from T_varchar where v in ('0', '1')
----
0
0
1
1

statement error
SELECT v, cast(v as bit) from T_varchar where v in ('0', '1')

query TI rowsort
SELECT v, cast(v as tinyint) from T_varchar where v in ('0', '1')
----
0
0
1
1

query TI rowsort
SELECT v, cast(v as smallint) from T_varchar where v in ('0', '1')
----
0
0
1
1

query TI rowsort
SELECT v, cast(v as integer) from T_varchar where v in ('0', '1')
----
0
0
1
1

query TI rowsort
SELECT v, cast(v as bigint) from T_varchar where v in ('0', '1')
----
0
0
1
1

query TI rowsort
SELECT v, cast(v as hugeint) from T_varchar where v in ('0', '1')
----
0
0
1
1

query TR rowsort
SELECT v, cast(v as float) from T_varchar where v in ('0', '1')
----
0
0.000
1
1.000

query TT rowsort
SELECT v, cast(v as float(24)) from T_varchar where v in ('0', '1')
----
0
0.0
1
1.0

query TT rowsort
SELECT v, cast(v as real) from T_varchar where v in ('0', '1')
----
0
0.0
1
1.0

query TR rowsort
SELECT v, cast(v as double) from T_varchar where v in ('0', '1')
----
0
0.000
1
1.000

query TR rowsort
SELECT v, cast(v as double precision) from T_varchar where v in ('0', '1')
----
0
0.000
1
1.000

query TR rowsort
SELECT v, cast(v as numeric) from T_varchar where v in ('0', '1')
----
0
0.000
1
1.000

query TR rowsort
SELECT v, cast(v as decimal) from T_varchar where v in ('0', '1')
----
0
0.000
1
1.000

query TR rowsort
SELECT v, cast(v as numeric(10)) from T_varchar where v in ('0', '1')
----
0
0.000
1
1.000

query TR rowsort
SELECT v, cast(v as decimal(11)) from T_varchar where v in ('0', '1')
----
0
0.000
1
1.000

query TR rowsort
SELECT v, cast(v as numeric(12,0)) from T_varchar where v in ('0', '1')
----
0
0.000
1
1.000

query TR rowsort
SELECT v, cast(v as decimal(15,3)) from T_varchar where v in ('0', '1')
----
0
0.000
1
1.000

query TT rowsort
SELECT v, cast(v as char) from T_varchar where v in ('0', '1')
----
0
0
1
1

statement error
SELECT v, cast(v as varchar) from T_varchar

query TT rowsort
SELECT v, cast(v as varchar(36)) from T_varchar
----
(empty)
(empty)
0
0
0123456789
0123456789
1
1
AaZz
AaZz
NULL
NULL
~!@#$%^&*(')\_/-+=:;"<.,.>?
~!@#$%^&*(')\_/-+=:;"<.,.>?

statement error
SELECT v, cast(v as longvarchar) from T_varchar

statement error
SELECT v, cast(v as long varchar) from T_varchar

query TT rowsort
SELECT v, cast(v as CHARACTER LARGE OBJECT) from T_varchar
----
(empty)
(empty)
0
0
0123456789
0123456789
1
1
AaZz
AaZz
NULL
NULL
~!@#$%^&*(')\_/-+=:;"<.,.>?
~!@#$%^&*(')\_/-+=:;"<.,.>?

query TT rowsort
SELECT v, cast(v as Clob) from T_varchar
----
(empty)
(empty)
0
0
0123456789
0123456789
1
1
AaZz
AaZz
NULL
NULL
~!@#$%^&*(')\_/-+=:;"<.,.>?
~!@#$%^&*(')\_/-+=:;"<.,.>?

statement error
SELECT v, cast(v as Binary) from T_varchar

statement error
SELECT v, cast(v as varBinary) from T_varchar

statement error
SELECT v, cast(v as longvarBinary) from T_varchar

query TT rowsort
SELECT v, cast(v as Blob) from T_varchar where v in ('0123456789')
----
0123456789
0123456789

statement error
SELECT v, cast(v as date) from T_varchar

statement error
SELECT v, cast(v as time) from T_varchar

statement error
SELECT v, cast(v as timestamp) from T_varchar

statement error
SELECT v, cast(v as time with time zone) from T_varchar

statement error
SELECT v, cast(v as timestamp with time zone) from T_varchar

statement ok
DROP TABLE T_varchar

statement ok
CREATE TABLE T_clob (v CLOB)

statement ok
INSERT into T_clob VALUES ('0'), ('1'), ('0123456789'), ('AaZz'), (r'~!@#$%^&*('')\_/-+=:;"<.,.>?'), ('')

statement ok
INSERT into T_clob VALUES (null)

query T rowsort
SELECT v FROM T_clob ORDER BY v
----
(empty)
0
0123456789
1
AaZz
NULL
~!@#$%^&*(')\_/-+=:;"<.,.>?

query TI rowsort
SELECT v, convert(v, boolean) from T_clob where v in ('0', '1')
----
0
0
1
1

statement error
SELECT v, convert(v, bit) from T_clob where v in ('0', '1')

query TI rowsort
SELECT v, convert(v, tinyint) from T_clob where v in ('0', '1')
----
0
0
1
1

query TI rowsort
SELECT v, convert(v, smallint) from T_clob where v in ('0', '1')
----
0
0
1
1

query TI rowsort
SELECT v, convert(v, integer) from T_clob where v in ('0', '1')
----
0
0
1
1

query TI rowsort
SELECT v, convert(v, bigint) from T_clob where v in ('0', '1')
----
0
0
1
1

query TI rowsort
SELECT v, convert(v, hugeint) from T_clob where v in ('0', '1')
----
0
0
1
1

query TR rowsort
SELECT v, convert(v, float) from T_clob where v in ('0', '1')
----
0
0.000
1
1.000

query TT rowsort
SELECT v, convert(v, float(24)) from T_clob where v in ('0', '1')
----
0
0.0
1
1.0

query TT rowsort
SELECT v, convert(v, real) from T_clob where v in ('0', '1')
----
0
0.0
1
1.0

query TR rowsort
SELECT v, convert(v, double) from T_clob where v in ('0', '1')
----
0
0.000
1
1.000

query TR rowsort
SELECT v, convert(v, double precision) from T_clob where v in ('0', '1')
----
0
0.000
1
1.000

query TR rowsort
SELECT v, convert(v, numeric) from T_clob where v in ('0', '1')
----
0
0.000
1
1.000

query TR rowsort
SELECT v, convert(v, decimal) from T_clob where v in ('0', '1')
----
0
0.000
1
1.000

query TR rowsort
SELECT v, convert(v, numeric(10)) from T_clob where v in ('0', '1')
----
0
0.000
1
1.000

query TR rowsort
SELECT v, convert(v, decimal(11)) from T_clob where v in ('0', '1')
----
0
0.000
1
1.000

query TR rowsort
SELECT v, convert(v, numeric(12,0)) from T_clob where v in ('0', '1')
----
0
0.000
1
1.000

query TR rowsort
SELECT v, convert(v, decimal(15,3)) from T_clob where v in ('0', '1')
----
0
0.000
1
1.000

query TT rowsort
SELECT v, convert(v, char) from T_clob where v in ('0', '1')
----
0
0
1
1

statement error
SELECT v, convert(v, varchar) from T_clob

query TT rowsort
SELECT v, convert(v, varchar(36)) from T_clob
----
(empty)
(empty)
0
0
0123456789
0123456789
1
1
AaZz
AaZz
NULL
NULL
~!@#$%^&*(')\_/-+=:;"<.,.>?
~!@#$%^&*(')\_/-+=:;"<.,.>?

statement error
SELECT v, convert(v, longvarchar) from T_clob

statement error
SELECT v, convert(v, long varchar) from T_clob

query TT rowsort
SELECT v, convert(v, CHARACTER LARGE OBJECT) from T_clob
----
(empty)
(empty)
0
0
0123456789
0123456789
1
1
AaZz
AaZz
NULL
NULL
~!@#$%^&*(')\_/-+=:;"<.,.>?
~!@#$%^&*(')\_/-+=:;"<.,.>?

query TT rowsort
SELECT v, convert(v, Clob) from T_clob
----
(empty)
(empty)
0
0
0123456789
0123456789
1
1
AaZz
AaZz
NULL
NULL
~!@#$%^&*(')\_/-+=:;"<.,.>?
~!@#$%^&*(')\_/-+=:;"<.,.>?

statement error
SELECT v, convert(v, Binary) from T_clob

statement error
SELECT v, convert(v, varBinary) from T_clob

statement error
SELECT v, convert(v, longvarBinary) from T_clob

query TT rowsort
SELECT v, convert(v, Blob) from T_clob where v in ('0123456789')
----
0123456789
0123456789

statement error
SELECT v, convert(v, date) from T_clob

statement error
SELECT v, convert(v, time) from T_clob

statement error
SELECT v, convert(v, timestamp) from T_clob

statement error
SELECT v, convert(v, time with time zone) from T_clob

statement error
SELECT v, convert(v, timestamp with time zone) from T_clob

query TI rowsort
SELECT v, cast(v as boolean) from T_clob where v in ('0', '1')
----
0
0
1
1

statement error
SELECT v, cast(v as bit) from T_clob where v in ('0', '1')

query TI rowsort
SELECT v, cast(v as tinyint) from T_clob where v in ('0', '1')
----
0
0
1
1

query TI rowsort
SELECT v, cast(v as smallint) from T_clob where v in ('0', '1')
----
0
0
1
1

query TI rowsort
SELECT v, cast(v as integer) from T_clob where v in ('0', '1')
----
0
0
1
1

query TI rowsort
SELECT v, cast(v as bigint) from T_clob where v in ('0', '1')
----
0
0
1
1

query TI rowsort
SELECT v, cast(v as hugeint) from T_clob where v in ('0', '1')
----
0
0
1
1

query TR rowsort
SELECT v, cast(v as float) from T_clob where v in ('0', '1')
----
0
0.000
1
1.000

query TT rowsort
SELECT v, cast(v as float(24)) from T_clob where v in ('0', '1')
----
0
0.0
1
1.0

query TT rowsort
SELECT v, cast(v as real) from T_clob where v in ('0', '1')
----
0
0.0
1
1.0

query TR rowsort
SELECT v, cast(v as double) from T_clob where v in ('0', '1')
----
0
0.000
1
1.000

query TR rowsort
SELECT v, cast(v as double precision) from T_clob where v in ('0', '1')
----
0
0.000
1
1.000

query TR rowsort
SELECT v, cast(v as numeric) from T_clob where v in ('0', '1')
----
0
0.000
1
1.000

query TR rowsort
SELECT v, cast(v as decimal) from T_clob where v in ('0', '1')
----
0
0.000
1
1.000

query TR rowsort
SELECT v, cast(v as numeric(10)) from T_clob where v in ('0', '1')
----
0
0.000
1
1.000

query TR rowsort
SELECT v, cast(v as decimal(11)) from T_clob where v in ('0', '1')
----
0
0.000
1
1.000

query TR rowsort
SELECT v, cast(v as numeric(12,0)) from T_clob where v in ('0', '1')
----
0
0.000
1
1.000

query TR rowsort
SELECT v, cast(v as decimal(15,3)) from T_clob where v in ('0', '1')
----
0
0.000
1
1.000

query TT rowsort
SELECT v, cast(v as char) from T_clob where v in ('0', '1')
----
0
0
1
1

statement error
SELECT v, cast(v as varchar) from T_clob

query TT rowsort
SELECT v, cast(v as varchar(36)) from T_clob
----
(empty)
(empty)
0
0
0123456789
0123456789
1
1
AaZz
AaZz
NULL
NULL
~!@#$%^&*(')\_/-+=:;"<.,.>?
~!@#$%^&*(')\_/-+=:;"<.,.>?

statement error
SELECT v, cast(v as longvarchar) from T_clob

statement error
SELECT v, cast(v as long varchar) from T_clob

query TT rowsort
SELECT v, cast(v as CHARACTER LARGE OBJECT) from T_clob
----
(empty)
(empty)
0
0
0123456789
0123456789
1
1
AaZz
AaZz
NULL
NULL
~!@#$%^&*(')\_/-+=:;"<.,.>?
~!@#$%^&*(')\_/-+=:;"<.,.>?

query TT rowsort
SELECT v, cast(v as Clob) from T_clob
----
(empty)
(empty)
0
0
0123456789
0123456789
1
1
AaZz
AaZz
NULL
NULL
~!@#$%^&*(')\_/-+=:;"<.,.>?
~!@#$%^&*(')\_/-+=:;"<.,.>?

statement error
SELECT v, cast(v as Binary) from T_clob

statement error
SELECT v, cast(v as varBinary) from T_clob

statement error
SELECT v, cast(v as longvarBinary) from T_clob

query TT rowsort
SELECT v, cast(v as Blob) from T_clob where v in ('0123456789')
----
0123456789
0123456789

statement error
SELECT v, cast(v as date) from T_clob

statement error
SELECT v, cast(v as time) from T_clob

statement error
SELECT v, cast(v as timestamp) from T_clob

statement error
SELECT v, cast(v as time with time zone) from T_clob

statement error
SELECT v, cast(v as timestamp with time zone) from T_clob

statement ok
DROP TABLE T_clob

statement ok
CREATE TABLE T_date (v DATE)

statement ok
INSERT into T_date VALUES (date '1999-12-31'), (date '2016-01-01'), (date '2016-02-29'), (date '2016-12-31')

statement ok
INSERT into T_date VALUES (null)

query T rowsort
SELECT v FROM T_date ORDER BY v
----
1999-12-31
2016-01-01
2016-02-29
2016-12-31
NULL

statement error
SELECT v, convert(v, boolean) from T_date

statement error
SELECT v, convert(v, bit) from T_date

statement error
SELECT v, convert(v, tinyint) from T_date

statement error
SELECT v, convert(v, smallint) from T_date

statement error
SELECT v, convert(v, integer) from T_date

statement error
SELECT v, convert(v, bigint) from T_date

statement error
SELECT v, convert(v, hugeint) from T_date

statement error
SELECT v, convert(v, float) from T_date

statement error
SELECT v, convert(v, float(24)) from T_date

statement error
SELECT v, convert(v, real) from T_date

statement error
SELECT v, convert(v, double) from T_date

statement error
SELECT v, convert(v, double precision) from T_date

statement error
SELECT v, convert(v, numeric) from T_date

statement error
SELECT v, convert(v, decimal) from T_date

statement error
SELECT v, convert(v, numeric(10)) from T_date

statement error
SELECT v, convert(v, decimal(11)) from T_date

statement error
SELECT v, convert(v, numeric(12,0)) from T_date

statement error
SELECT v, convert(v, decimal(15,3)) from T_date

statement error
SELECT v, convert(v, char) from T_date

statement error
SELECT v, convert(v, varchar) from T_date

query TT rowsort
SELECT v, convert(v, varchar(36)) from T_date
----
1999-12-31
1999-12-31
2016-01-01
2016-01-01
2016-02-29
2016-02-29
2016-12-31
2016-12-31
NULL
NULL

statement error
SELECT v, convert(v, longvarchar) from T_date

statement error
SELECT v, convert(v, long varchar) from T_date

query TT rowsort
SELECT v, convert(v, CHARACTER LARGE OBJECT) from T_date
----
1999-12-31
1999-12-31
2016-01-01
2016-01-01
2016-02-29
2016-02-29
2016-12-31
2016-12-31
NULL
NULL

query TT rowsort
SELECT v, convert(v, Clob) from T_date
----
1999-12-31
1999-12-31
2016-01-01
2016-01-01
2016-02-29
2016-02-29
2016-12-31
2016-12-31
NULL
NULL

statement error
SELECT v, convert(v, Binary) from T_date

statement error
SELECT v, convert(v, varBinary) from T_date

statement error
SELECT v, convert(v, longvarBinary) from T_date

statement error
SELECT v, convert(v, Blob) from T_date where v in (date '2016-01-01')

query TT rowsort
SELECT v, convert(v, date) from T_date
----
1999-12-31
1999-12-31
2016-01-01
2016-01-01
2016-02-29
2016-02-29
2016-12-31
2016-12-31
NULL
NULL

statement error
SELECT v, convert(v, time) from T_date

query TT rowsort
SELECT v, convert(v, timestamp) from T_date
----
1999-12-31
1999-12-31 00:00:00
2016-01-01
2016-01-01 00:00:00
2016-02-29
2016-02-29 00:00:00
2016-12-31
2016-12-31 00:00:00
NULL
NULL

statement error
SELECT v, convert(v, time with time zone) from T_date

query TT rowsort
SELECT v, convert(v, timestamp with time zone) from T_date
----
1999-12-31
1999-12-31 04:00:00
2016-01-01
2016-01-01 04:00:00
2016-02-29
2016-02-29 04:00:00
2016-12-31
2016-12-31 04:00:00
NULL
NULL

statement error
SELECT v, cast(v as boolean) from T_date

statement error
SELECT v, cast(v as bit) from T_date

statement error
SELECT v, cast(v as tinyint) from T_date

statement error
SELECT v, cast(v as smallint) from T_date

statement error
SELECT v, cast(v as integer) from T_date

statement error
SELECT v, cast(v as bigint) from T_date

statement error
SELECT v, cast(v as hugeint) from T_date

statement error
SELECT v, cast(v as float) from T_date

statement error
SELECT v, cast(v as float(24)) from T_date

statement error
SELECT v, cast(v as real) from T_date

statement error
SELECT v, cast(v as double) from T_date

statement error
SELECT v, cast(v as double precision) from T_date

statement error
SELECT v, cast(v as numeric) from T_date

statement error
SELECT v, cast(v as decimal) from T_date

statement error
SELECT v, cast(v as numeric(10)) from T_date

statement error
SELECT v, cast(v as decimal(11)) from T_date

statement error
SELECT v, cast(v as numeric(12,0)) from T_date

statement error
SELECT v, cast(v as decimal(15,3)) from T_date

statement error
SELECT v, cast(v as char) from T_date

statement error
SELECT v, cast(v as varchar) from T_date

query TT rowsort
SELECT v, cast(v as varchar(36)) from T_date
----
1999-12-31
1999-12-31
2016-01-01
2016-01-01
2016-02-29
2016-02-29
2016-12-31
2016-12-31
NULL
NULL

statement error
SELECT v, cast(v as longvarchar) from T_date

statement error
SELECT v, cast(v as long varchar) from T_date

query TT rowsort
SELECT v, cast(v as CHARACTER LARGE OBJECT) from T_date
----
1999-12-31
1999-12-31
2016-01-01
2016-01-01
2016-02-29
2016-02-29
2016-12-31
2016-12-31
NULL
NULL

query TT rowsort
SELECT v, cast(v as Clob) from T_date
----
1999-12-31
1999-12-31
2016-01-01
2016-01-01
2016-02-29
2016-02-29
2016-12-31
2016-12-31
NULL
NULL

statement error
SELECT v, cast(v as Binary) from T_date

statement error
SELECT v, cast(v as varBinary) from T_date

statement error
SELECT v, cast(v as longvarBinary) from T_date

statement error
SELECT v, cast(v as Blob) from T_date where v in (date '2016-01-01')

query TT rowsort
SELECT v, cast(v as date) from T_date
----
1999-12-31
1999-12-31
2016-01-01
2016-01-01
2016-02-29
2016-02-29
2016-12-31
2016-12-31
NULL
NULL

statement error
SELECT v, cast(v as time) from T_date

query TT rowsort
SELECT v, cast(v as timestamp) from T_date
----
1999-12-31
1999-12-31 00:00:00
2016-01-01
2016-01-01 00:00:00
2016-02-29
2016-02-29 00:00:00
2016-12-31
2016-12-31 00:00:00
NULL
NULL

statement error
SELECT v, cast(v as time with time zone) from T_date

query TT rowsort
SELECT v, cast(v as timestamp with time zone) from T_date
----
1999-12-31
1999-12-31 04:00:00
2016-01-01
2016-01-01 04:00:00
2016-02-29
2016-02-29 04:00:00
2016-12-31
2016-12-31 04:00:00
NULL
NULL

statement ok
DROP TABLE T_date

statement ok
CREATE TABLE T_time (v TIME)

statement ok
INSERT into T_time VALUES (time '00:00:00'), (time '23:59:58')

statement ok
INSERT into T_time VALUES (null)

query T rowsort
SELECT v FROM T_time ORDER BY v
----
00:00:00
23:59:58
NULL

statement error
SELECT v, convert(v, boolean) from T_time

statement error
SELECT v, convert(v, bit) from T_time

statement error
SELECT v, convert(v, tinyint) from T_time

statement error
SELECT v, convert(v, smallint) from T_time

statement error
SELECT v, convert(v, integer) from T_time

statement error
SELECT v, convert(v, bigint) from T_time

statement error
SELECT v, convert(v, hugeint) from T_time

statement error
SELECT v, convert(v, float) from T_time

statement error
SELECT v, convert(v, float(24)) from T_time

statement error
SELECT v, convert(v, real) from T_time

statement error
SELECT v, convert(v, double) from T_time

statement error
SELECT v, convert(v, double precision) from T_time

statement error
SELECT v, convert(v, numeric) from T_time

statement error
SELECT v, convert(v, decimal) from T_time

statement error
SELECT v, convert(v, numeric(10)) from T_time

statement error
SELECT v, convert(v, decimal(11)) from T_time

statement error
SELECT v, convert(v, numeric(12,0)) from T_time

statement error
SELECT v, convert(v, decimal(15,3)) from T_time

statement error
SELECT v, convert(v, char) from T_time

statement error
SELECT v, convert(v, varchar) from T_time

query TT rowsort
SELECT v, convert(v, varchar(36)) from T_time
----
00:00:00
00:00:00
23:59:58
23:59:58
NULL
NULL

statement error
SELECT v, convert(v, longvarchar) from T_time

statement error
SELECT v, convert(v, long varchar) from T_time

query TT rowsort
SELECT v, convert(v, CHARACTER LARGE OBJECT) from T_time
----
00:00:00
00:00:00
23:59:58
23:59:58
NULL
NULL

query TT rowsort
SELECT v, convert(v, Clob) from T_time
----
00:00:00
00:00:00
23:59:58
23:59:58
NULL
NULL

statement error
SELECT v, convert(v, Binary) from T_time

statement error
SELECT v, convert(v, varBinary) from T_time

statement error
SELECT v, convert(v, longvarBinary) from T_time

statement error
SELECT v, convert(v, Blob) from T_time

statement error
SELECT v, convert(v, date) from T_time

query TT rowsort
SELECT v, convert(v, time) from T_time
----
00:00:00
00:00:00
23:59:58
23:59:58
NULL
NULL

statement error
SELECT v, convert(v, timestamp) from T_time

query TT rowsort
SELECT v, convert(v, time with time zone) from T_time
----
00:00:00
04:00:00
23:59:58
03:59:58
NULL
NULL

statement error
SELECT v, convert(v, timestamp with time zone) from T_time

statement error
SELECT v, cast(v as boolean) from T_time

statement error
SELECT v, cast(v as bit) from T_time

statement error
SELECT v, cast(v as tinyint) from T_time

statement error
SELECT v, cast(v as smallint) from T_time

statement error
SELECT v, cast(v as integer) from T_time

statement error
SELECT v, cast(v as bigint) from T_time

statement error
SELECT v, cast(v as hugeint) from T_time

statement error
SELECT v, cast(v as float) from T_time

statement error
SELECT v, cast(v as float(24)) from T_time

statement error
SELECT v, cast(v as real) from T_time

statement error
SELECT v, cast(v as double) from T_time

statement error
SELECT v, cast(v as double precision) from T_time

statement error
SELECT v, cast(v as numeric) from T_time

statement error
SELECT v, cast(v as decimal) from T_time

statement error
SELECT v, cast(v as numeric(10)) from T_time

statement error
SELECT v, cast(v as decimal(11)) from T_time

statement error
SELECT v, cast(v as numeric(12,0)) from T_time

statement error
SELECT v, cast(v as decimal(15,3)) from T_time

statement error
SELECT v, cast(v as char) from T_time

statement error
SELECT v, cast(v as varchar) from T_time

query TT rowsort
SELECT v, cast(v as varchar(36)) from T_time
----
00:00:00
00:00:00
23:59:58
23:59:58
NULL
NULL

statement error
SELECT v, cast(v as longvarchar) from T_time

statement error
SELECT v, cast(v as long varchar) from T_time

query TT rowsort
SELECT v, cast(v as CHARACTER LARGE OBJECT) from T_time
----
00:00:00
00:00:00
23:59:58
23:59:58
NULL
NULL

query TT rowsort
SELECT v, cast(v as Clob) from T_time
----
00:00:00
00:00:00
23:59:58
23:59:58
NULL
NULL

statement error
SELECT v, cast(v as Binary) from T_time

statement error
SELECT v, cast(v as varBinary) from T_time

statement error
SELECT v, cast(v as longvarBinary) from T_time

statement error
SELECT v, cast(v as Blob) from T_time

statement error
SELECT v, cast(v as date) from T_time

query TT rowsort
SELECT v, cast(v as time) from T_time
----
00:00:00
00:00:00
23:59:58
23:59:58
NULL
NULL

statement error
SELECT v, cast(v as timestamp) from T_time

query TT rowsort
SELECT v, cast(v as time with time zone) from T_time
----
00:00:00
04:00:00
23:59:58
03:59:58
NULL
NULL

statement error
SELECT v, cast(v as timestamp with time zone) from T_time

statement ok
DROP TABLE T_time

statement ok
CREATE TABLE T_timestamp (v TIMESTAMP)

statement ok
INSERT into T_timestamp VALUES (timestamp '1999-12-31 23:59:59'), (timestamp '2016-01-01 00:00:00'), (timestamp '2016-02-29 00:00:00'), (timestamp '2016-12-31 23:59:58')

statement ok
INSERT into T_timestamp VALUES (null)

query T rowsort
SELECT v FROM T_timestamp ORDER BY v
----
1999-12-31 23:59:59
2016-01-01 00:00:00
2016-02-29 00:00:00
2016-12-31 23:59:58
NULL

statement error
SELECT v, convert(v, boolean) from T_timestamp

statement error
SELECT v, convert(v, bit) from T_timestamp

statement error
SELECT v, convert(v, tinyint) from T_timestamp

statement error
SELECT v, convert(v, smallint) from T_timestamp

statement error
SELECT v, convert(v, integer) from T_timestamp

statement error
SELECT v, convert(v, bigint) from T_timestamp

statement error
SELECT v, convert(v, hugeint) from T_timestamp

statement error
SELECT v, convert(v, float) from T_timestamp

statement error
SELECT v, convert(v, float(24)) from T_timestamp

statement error
SELECT v, convert(v, real) from T_timestamp

statement error
SELECT v, convert(v, double) from T_timestamp

statement error
SELECT v, convert(v, double precision) from T_timestamp

statement error
SELECT v, convert(v, numeric) from T_timestamp

statement error
SELECT v, convert(v, decimal) from T_timestamp

statement error
SELECT v, convert(v, numeric(10)) from T_timestamp

statement error
SELECT v, convert(v, decimal(11)) from T_timestamp

statement error
SELECT v, convert(v, numeric(12,0)) from T_timestamp

statement error
SELECT v, convert(v, decimal(15,3)) from T_timestamp

statement error
SELECT v, convert(v, char) from T_timestamp

statement error
SELECT v, convert(v, varchar) from T_timestamp

query TT rowsort
SELECT v, convert(v, varchar(36)) from T_timestamp
----
1999-12-31 23:59:59
1999-12-31 23:59:59.000000
2016-01-01 00:00:00
2016-01-01 00:00:00.000000
2016-02-29 00:00:00
2016-02-29 00:00:00.000000
2016-12-31 23:59:58
2016-12-31 23:59:58.000000
NULL
NULL

statement error
SELECT v, convert(v, longvarchar) from T_timestamp

statement error
SELECT v, convert(v, long varchar) from T_timestamp

query TT rowsort
SELECT v, convert(v, CHARACTER LARGE OBJECT) from T_timestamp
----
1999-12-31 23:59:59
1999-12-31 23:59:59.000000
2016-01-01 00:00:00
2016-01-01 00:00:00.000000
2016-02-29 00:00:00
2016-02-29 00:00:00.000000
2016-12-31 23:59:58
2016-12-31 23:59:58.000000
NULL
NULL

query TT rowsort
SELECT v, convert(v, Clob) from T_timestamp
----
1999-12-31 23:59:59
1999-12-31 23:59:59.000000
2016-01-01 00:00:00
2016-01-01 00:00:00.000000
2016-02-29 00:00:00
2016-02-29 00:00:00.000000
2016-12-31 23:59:58
2016-12-31 23:59:58.000000
NULL
NULL

statement error
SELECT v, convert(v, Binary) from T_timestamp

statement error
SELECT v, convert(v, varBinary) from T_timestamp

statement error
SELECT v, convert(v, longvarBinary) from T_timestamp

statement error
SELECT v, convert(v, Blob) from T_timestamp

query TT rowsort
SELECT v, convert(v, date) from T_timestamp
----
1999-12-31 23:59:59
1999-12-31
2016-01-01 00:00:00
2016-01-01
2016-02-29 00:00:00
2016-02-29
2016-12-31 23:59:58
2016-12-31
NULL
NULL

query TT rowsort
SELECT v, convert(v, time) from T_timestamp
----
1999-12-31 23:59:59
23:59:59
2016-01-01 00:00:00
00:00:00
2016-02-29 00:00:00
00:00:00
2016-12-31 23:59:58
23:59:58
NULL
NULL

query TT rowsort
SELECT v, convert(v, timestamp) from T_timestamp
----
1999-12-31 23:59:59
1999-12-31 23:59:59
2016-01-01 00:00:00
2016-01-01 00:00:00
2016-02-29 00:00:00
2016-02-29 00:00:00
2016-12-31 23:59:58
2016-12-31 23:59:58
NULL
NULL

query TT rowsort
SELECT v, convert(v, time with time zone) from T_timestamp
----
1999-12-31 23:59:59
03:59:59
2016-01-01 00:00:00
04:00:00
2016-02-29 00:00:00
04:00:00
2016-12-31 23:59:58
03:59:58
NULL
NULL

query TT rowsort
SELECT v, convert(v, timestamp with time zone) from T_timestamp
----
1999-12-31 23:59:59
2000-01-01 03:59:59
2016-01-01 00:00:00
2016-01-01 04:00:00
2016-02-29 00:00:00
2016-02-29 04:00:00
2016-12-31 23:59:58
2017-01-01 03:59:58
NULL
NULL

statement error
SELECT v, cast(v as boolean) from T_timestamp

statement error
SELECT v, cast(v as bit) from T_timestamp

statement error
SELECT v, cast(v as tinyint) from T_timestamp

statement error
SELECT v, cast(v as smallint) from T_timestamp

statement error
SELECT v, cast(v as integer) from T_timestamp

statement error
SELECT v, cast(v as bigint) from T_timestamp

statement error
SELECT v, cast(v as hugeint) from T_timestamp

statement error
SELECT v, cast(v as float) from T_timestamp

statement error
SELECT v, cast(v as float(24)) from T_timestamp

statement error
SELECT v, cast(v as real) from T_timestamp

statement error
SELECT v, cast(v as double) from T_timestamp

statement error
SELECT v, cast(v as double precision) from T_timestamp

statement error
SELECT v, cast(v as numeric) from T_timestamp

statement error
SELECT v, cast(v as decimal) from T_timestamp

statement error
SELECT v, cast(v as numeric(10)) from T_timestamp

statement error
SELECT v, cast(v as decimal(11)) from T_timestamp

statement error
SELECT v, cast(v as numeric(12,0)) from T_timestamp

statement error
SELECT v, cast(v as decimal(15,3)) from T_timestamp

statement error
SELECT v, cast(v as char) from T_timestamp

statement error
SELECT v, cast(v as varchar) from T_timestamp

query TT rowsort
SELECT v, cast(v as varchar(36)) from T_timestamp
----
1999-12-31 23:59:59
1999-12-31 23:59:59.000000
2016-01-01 00:00:00
2016-01-01 00:00:00.000000
2016-02-29 00:00:00
2016-02-29 00:00:00.000000
2016-12-31 23:59:58
2016-12-31 23:59:58.000000
NULL
NULL

statement error
SELECT v, cast(v as longvarchar) from T_timestamp

statement error
SELECT v, cast(v as long varchar) from T_timestamp

query TT rowsort
SELECT v, cast(v as CHARACTER LARGE OBJECT) from T_timestamp
----
1999-12-31 23:59:59
1999-12-31 23:59:59.000000
2016-01-01 00:00:00
2016-01-01 00:00:00.000000
2016-02-29 00:00:00
2016-02-29 00:00:00.000000
2016-12-31 23:59:58
2016-12-31 23:59:58.000000
NULL
NULL

query TT rowsort
SELECT v, cast(v as Clob) from T_timestamp
----
1999-12-31 23:59:59
1999-12-31 23:59:59.000000
2016-01-01 00:00:00
2016-01-01 00:00:00.000000
2016-02-29 00:00:00
2016-02-29 00:00:00.000000
2016-12-31 23:59:58
2016-12-31 23:59:58.000000
NULL
NULL

statement error
SELECT v, cast(v as Binary) from T_timestamp

statement error
SELECT v, cast(v as varBinary) from T_timestamp

statement error
SELECT v, cast(v as longvarBinary) from T_timestamp

statement error
SELECT v, cast(v as Blob) from T_timestamp

query TT rowsort
SELECT v, cast(v as date) from T_timestamp
----
1999-12-31 23:59:59
1999-12-31
2016-01-01 00:00:00
2016-01-01
2016-02-29 00:00:00
2016-02-29
2016-12-31 23:59:58
2016-12-31
NULL
NULL

query TT rowsort
SELECT v, cast(v as time) from T_timestamp
----
1999-12-31 23:59:59
23:59:59
2016-01-01 00:00:00
00:00:00
2016-02-29 00:00:00
00:00:00
2016-12-31 23:59:58
23:59:58
NULL
NULL

query TT rowsort
SELECT v, cast(v as timestamp) from T_timestamp
----
1999-12-31 23:59:59
1999-12-31 23:59:59
2016-01-01 00:00:00
2016-01-01 00:00:00
2016-02-29 00:00:00
2016-02-29 00:00:00
2016-12-31 23:59:58
2016-12-31 23:59:58
NULL
NULL

query TT rowsort
SELECT v, cast(v as time with time zone) from T_timestamp
----
1999-12-31 23:59:59
03:59:59
2016-01-01 00:00:00
04:00:00
2016-02-29 00:00:00
04:00:00
2016-12-31 23:59:58
03:59:58
NULL
NULL

query TT rowsort
SELECT v, cast(v as timestamp with time zone) from T_timestamp
----
1999-12-31 23:59:59
2000-01-01 03:59:59
2016-01-01 00:00:00
2016-01-01 04:00:00
2016-02-29 00:00:00
2016-02-29 04:00:00
2016-12-31 23:59:58
2017-01-01 03:59:58
NULL
NULL

statement ok
DROP TABLE T_timestamp

statement ok
CREATE TABLE T_timetz (v TIME WITH TIME ZONE)

statement ok
INSERT into T_timetz VALUES (time with time zone '00:00:00'), (time with time zone '23:59:58')

statement ok
INSERT into T_timetz VALUES (null)

query T rowsort
SELECT v FROM T_timetz ORDER BY v
----
03:59:58
04:00:00
NULL

statement error
SELECT v, convert(v, boolean) from T_timetz

statement error
SELECT v, convert(v, bit) from T_timetz

statement error
SELECT v, convert(v, tinyint) from T_timetz

statement error
SELECT v, convert(v, smallint) from T_timetz

statement error
SELECT v, convert(v, integer) from T_timetz

statement error
SELECT v, convert(v, bigint) from T_timetz

statement error
SELECT v, convert(v, hugeint) from T_timetz

statement error
SELECT v, convert(v, float) from T_timetz

statement error
SELECT v, convert(v, float(24)) from T_timetz

statement error
SELECT v, convert(v, real) from T_timetz

statement error
SELECT v, convert(v, double) from T_timetz

statement error
SELECT v, convert(v, double precision) from T_timetz

statement error
SELECT v, convert(v, numeric) from T_timetz

statement error
SELECT v, convert(v, decimal) from T_timetz

statement error
SELECT v, convert(v, numeric(10)) from T_timetz

statement error
SELECT v, convert(v, decimal(11)) from T_timetz

statement error
SELECT v, convert(v, numeric(12,0)) from T_timetz

statement error
SELECT v, convert(v, decimal(15,3)) from T_timetz

statement error
SELECT v, convert(v, char) from T_timetz

statement error
SELECT v, convert(v, varchar) from T_timetz

query TT rowsort
SELECT v, convert(v, varchar(36)) from T_timetz
----
03:59:58
01:59:58+02:00
04:00:00
02:00:00+02:00
NULL
NULL

statement error
SELECT v, convert(v, longvarchar) from T_timetz

statement error
SELECT v, convert(v, long varchar) from T_timetz

query TT rowsort
SELECT v, convert(v, CHARACTER LARGE OBJECT) from T_timetz
----
03:59:58
01:59:58+02:00
04:00:00
02:00:00+02:00
NULL
NULL

query TT rowsort
SELECT v, convert(v, Clob) from T_timetz
----
03:59:58
01:59:58+02:00
04:00:00
02:00:00+02:00
NULL
NULL

statement error
SELECT v, convert(v, Binary) from T_timetz

statement error
SELECT v, convert(v, varBinary) from T_timetz

statement error
SELECT v, convert(v, longvarBinary) from T_timetz

statement error
SELECT v, convert(v, Blob) from T_timetz

statement error
SELECT v, convert(v, date) from T_timetz

query TT rowsort
SELECT v, convert(v, time) from T_timetz
----
03:59:58
23:59:58
04:00:00
00:00:00
NULL
NULL

statement error
SELECT v, convert(v, timestamp) from T_timetz

query TT rowsort
SELECT v, convert(v, time with time zone) from T_timetz
----
03:59:58
03:59:58
04:00:00
04:00:00
NULL
NULL

statement error
SELECT v, convert(v, timestamp with time zone) from T_timetz

statement error
SELECT v, cast(v as boolean) from T_timetz

statement error
SELECT v, cast(v as bit) from T_timetz

statement error
SELECT v, cast(v as tinyint) from T_timetz

statement error
SELECT v, cast(v as smallint) from T_timetz

statement error
SELECT v, cast(v as integer) from T_timetz

statement error
SELECT v, cast(v as bigint) from T_timetz

statement error
SELECT v, cast(v as hugeint) from T_timetz

statement error
SELECT v, cast(v as float) from T_timetz

statement error
SELECT v, cast(v as float(24)) from T_timetz

statement error
SELECT v, cast(v as real) from T_timetz

statement error
SELECT v, cast(v as double) from T_timetz

statement error
SELECT v, cast(v as double precision) from T_timetz

statement error
SELECT v, cast(v as numeric) from T_timetz

statement error
SELECT v, cast(v as decimal) from T_timetz

statement error
SELECT v, cast(v as numeric(10)) from T_timetz

statement error
SELECT v, cast(v as decimal(11)) from T_timetz

statement error
SELECT v, cast(v as numeric(12,0)) from T_timetz

statement error
SELECT v, cast(v as decimal(15,3)) from T_timetz

statement error
SELECT v, cast(v as char) from T_timetz

statement error
SELECT v, cast(v as varchar) from T_timetz

query TT rowsort
SELECT v, cast(v as varchar(36)) from T_timetz
----
03:59:58
01:59:58+02:00
04:00:00
02:00:00+02:00
NULL
NULL

statement error
SELECT v, cast(v as longvarchar) from T_timetz

statement error
SELECT v, cast(v as long varchar) from T_timetz

query TT rowsort
SELECT v, cast(v as CHARACTER LARGE OBJECT) from T_timetz
----
03:59:58
01:59:58+02:00
04:00:00
02:00:00+02:00
NULL
NULL

query TT rowsort
SELECT v, cast(v as Clob) from T_timetz
----
03:59:58
01:59:58+02:00
04:00:00
02:00:00+02:00
NULL
NULL

statement error
SELECT v, cast(v as Binary) from T_timetz

statement error
SELECT v, cast(v as varBinary) from T_timetz

statement error
SELECT v, cast(v as longvarBinary) from T_timetz

statement error
SELECT v, cast(v as Blob) from T_timetz

statement error
SELECT v, cast(v as date) from T_timetz

query TT rowsort
SELECT v, cast(v as time) from T_timetz
----
03:59:58
23:59:58
04:00:00
00:00:00
NULL
NULL

statement error
SELECT v, cast(v as timestamp) from T_timetz

query TT rowsort
SELECT v, cast(v as time with time zone) from T_timetz
----
03:59:58
03:59:58
04:00:00
04:00:00
NULL
NULL

statement error
SELECT v, cast(v as timestamp with time zone) from T_timetz

statement ok
DROP TABLE T_timetz

statement ok
CREATE TABLE T_timestamptz (v TIMESTAMP WITH TIME ZONE)

statement ok
INSERT into T_timestamptz VALUES (timestamp with time zone '1999-12-31 23:59:59'), (timestamp with time zone '2016-01-01 00:00:00'), (timestamp with time zone '2016-02-29 00:00:00'), (timestamp with time zone '2016-12-31 23:59:58')

statement ok
INSERT into T_timestamptz VALUES (null)

query T rowsort
SELECT v FROM T_timestamptz ORDER BY v
----
2000-01-01 03:59:59
2016-01-01 04:00:00
2016-02-29 04:00:00
2017-01-01 03:59:58
NULL

statement error
SELECT v, convert(v, boolean) from T_timestamptz

statement error
SELECT v, convert(v, bit) from T_timestamptz

statement error
SELECT v, convert(v, tinyint) from T_timestamptz

statement error
SELECT v, convert(v, smallint) from T_timestamptz

statement error
SELECT v, convert(v, integer) from T_timestamptz

statement error
SELECT v, convert(v, bigint) from T_timestamptz

statement error
SELECT v, convert(v, hugeint) from T_timestamptz

statement error
SELECT v, convert(v, float) from T_timestamptz

statement error
SELECT v, convert(v, float(24)) from T_timestamptz

statement error
SELECT v, convert(v, real) from T_timestamptz

statement error
SELECT v, convert(v, double) from T_timestamptz

statement error
SELECT v, convert(v, double precision) from T_timestamptz

statement error
SELECT v, convert(v, numeric) from T_timestamptz

statement error
SELECT v, convert(v, decimal) from T_timestamptz

statement error
SELECT v, convert(v, numeric(10)) from T_timestamptz

statement error
SELECT v, convert(v, decimal(11)) from T_timestamptz

statement error
SELECT v, convert(v, numeric(12,0)) from T_timestamptz

statement error
SELECT v, convert(v, decimal(15,3)) from T_timestamptz

statement error
SELECT v, convert(v, char) from T_timestamptz

statement error
SELECT v, convert(v, varchar) from T_timestamptz

query TT rowsort
SELECT v, convert(v, varchar(36)) from T_timestamptz
----
2000-01-01 03:59:59
2000-01-01 01:59:59.000000+02:00
2016-01-01 04:00:00
2016-01-01 02:00:00.000000+02:00
2016-02-29 04:00:00
2016-02-29 02:00:00.000000+02:00
2017-01-01 03:59:58
2017-01-01 01:59:58.000000+02:00
NULL
NULL

statement error
SELECT v, convert(v, longvarchar) from T_timestamptz

statement error
SELECT v, convert(v, long varchar) from T_timestamptz

query TT rowsort
SELECT v, convert(v, CHARACTER LARGE OBJECT) from T_timestamptz
----
2000-01-01 03:59:59
2000-01-01 01:59:59.000000+02:00
2016-01-01 04:00:00
2016-01-01 02:00:00.000000+02:00
2016-02-29 04:00:00
2016-02-29 02:00:00.000000+02:00
2017-01-01 03:59:58
2017-01-01 01:59:58.000000+02:00
NULL
NULL

query TT rowsort
SELECT v, convert(v, Clob) from T_timestamptz
----
2000-01-01 03:59:59
2000-01-01 01:59:59.000000+02:00
2016-01-01 04:00:00
2016-01-01 02:00:00.000000+02:00
2016-02-29 04:00:00
2016-02-29 02:00:00.000000+02:00
2017-01-01 03:59:58
2017-01-01 01:59:58.000000+02:00
NULL
NULL

statement error
SELECT v, convert(v, Binary) from T_timestamptz

statement error
SELECT v, convert(v, varBinary) from T_timestamptz

statement error
SELECT v, convert(v, longvarBinary) from T_timestamptz

statement error
SELECT v, convert(v, Blob) from T_timestamptz

query TT rowsort
SELECT v, convert(v, date) from T_timestamptz
----
2000-01-01 03:59:59
1999-12-31
2016-01-01 04:00:00
2016-01-01
2016-02-29 04:00:00
2016-02-29
2017-01-01 03:59:58
2016-12-31
NULL
NULL

query TT rowsort
SELECT v, convert(v, time) from T_timestamptz
----
2000-01-01 03:59:59
23:59:59
2016-01-01 04:00:00
00:00:00
2016-02-29 04:00:00
00:00:00
2017-01-01 03:59:58
23:59:58
NULL
NULL

query TT rowsort
SELECT v, convert(v, timestamp) from T_timestamptz
----
2000-01-01 03:59:59
1999-12-31 23:59:59
2016-01-01 04:00:00
2016-01-01 00:00:00
2016-02-29 04:00:00
2016-02-29 00:00:00
2017-01-01 03:59:58
2016-12-31 23:59:58
NULL
NULL

query TT rowsort
SELECT v, convert(v, time with time zone) from T_timestamptz
----
2000-01-01 03:59:59
03:59:59
2016-01-01 04:00:00
04:00:00
2016-02-29 04:00:00
04:00:00
2017-01-01 03:59:58
03:59:58
NULL
NULL

query TT rowsort
SELECT v, convert(v, timestamp with time zone) from T_timestamptz
----
2000-01-01 03:59:59
2000-01-01 03:59:59
2016-01-01 04:00:00
2016-01-01 04:00:00
2016-02-29 04:00:00
2016-02-29 04:00:00
2017-01-01 03:59:58
2017-01-01 03:59:58
NULL
NULL

statement error
SELECT v, cast(v as boolean) from T_timestamptz

statement error
SELECT v, cast(v as bit) from T_timestamptz

statement error
SELECT v, cast(v as tinyint) from T_timestamptz

statement error
SELECT v, cast(v as smallint) from T_timestamptz

statement error
SELECT v, cast(v as integer) from T_timestamptz

statement error
SELECT v, cast(v as bigint) from T_timestamptz

statement error
SELECT v, cast(v as hugeint) from T_timestamptz

statement error
SELECT v, cast(v as float) from T_timestamptz

statement error
SELECT v, cast(v as float(24)) from T_timestamptz

statement error
SELECT v, cast(v as real) from T_timestamptz

statement error
SELECT v, cast(v as double) from T_timestamptz

statement error
SELECT v, cast(v as double precision) from T_timestamptz

statement error
SELECT v, cast(v as numeric) from T_timestamptz

statement error
SELECT v, cast(v as decimal) from T_timestamptz

statement error
SELECT v, cast(v as numeric(10)) from T_timestamptz

statement error
SELECT v, cast(v as decimal(11)) from T_timestamptz

statement error
SELECT v, cast(v as numeric(12,0)) from T_timestamptz

statement error
SELECT v, cast(v as decimal(15,3)) from T_timestamptz

statement error
SELECT v, cast(v as char) from T_timestamptz

statement error
SELECT v, cast(v as varchar) from T_timestamptz

query TT rowsort
SELECT v, cast(v as varchar(36)) from T_timestamptz
----
2000-01-01 03:59:59
2000-01-01 01:59:59.000000+02:00
2016-01-01 04:00:00
2016-01-01 02:00:00.000000+02:00
2016-02-29 04:00:00
2016-02-29 02:00:00.000000+02:00
2017-01-01 03:59:58
2017-01-01 01:59:58.000000+02:00
NULL
NULL

statement error
SELECT v, cast(v as longvarchar) from T_timestamptz

statement error
SELECT v, cast(v as long varchar) from T_timestamptz

query TT rowsort
SELECT v, cast(v as CHARACTER LARGE OBJECT) from T_timestamptz
----
2000-01-01 03:59:59
2000-01-01 01:59:59.000000+02:00
2016-01-01 04:00:00
2016-01-01 02:00:00.000000+02:00
2016-02-29 04:00:00
2016-02-29 02:00:00.000000+02:00
2017-01-01 03:59:58
2017-01-01 01:59:58.000000+02:00
NULL
NULL

query TT rowsort
SELECT v, cast(v as Clob) from T_timestamptz
----
2000-01-01 03:59:59
2000-01-01 01:59:59.000000+02:00
2016-01-01 04:00:00
2016-01-01 02:00:00.000000+02:00
2016-02-29 04:00:00
2016-02-29 02:00:00.000000+02:00
2017-01-01 03:59:58
2017-01-01 01:59:58.000000+02:00
NULL
NULL

statement error
SELECT v, cast(v as Binary) from T_timestamptz

statement error
SELECT v, cast(v as varBinary) from T_timestamptz

statement error
SELECT v, cast(v as longvarBinary) from T_timestamptz

statement error
SELECT v, cast(v as Blob) from T_timestamptz

query TT rowsort
SELECT v, cast(v as date) from T_timestamptz
----
2000-01-01 03:59:59
1999-12-31
2016-01-01 04:00:00
2016-01-01
2016-02-29 04:00:00
2016-02-29
2017-01-01 03:59:58
2016-12-31
NULL
NULL

query TT rowsort
SELECT v, cast(v as time) from T_timestamptz
----
2000-01-01 03:59:59
23:59:59
2016-01-01 04:00:00
00:00:00
2016-02-29 04:00:00
00:00:00
2017-01-01 03:59:58
23:59:58
NULL
NULL

query TT rowsort
SELECT v, cast(v as timestamp) from T_timestamptz
----
2000-01-01 03:59:59
1999-12-31 23:59:59
2016-01-01 04:00:00
2016-01-01 00:00:00
2016-02-29 04:00:00
2016-02-29 00:00:00
2017-01-01 03:59:58
2016-12-31 23:59:58
NULL
NULL

query TT rowsort
SELECT v, cast(v as time with time zone) from T_timestamptz
----
2000-01-01 03:59:59
03:59:59
2016-01-01 04:00:00
04:00:00
2016-02-29 04:00:00
04:00:00
2017-01-01 03:59:58
03:59:58
NULL
NULL

query TT rowsort
SELECT v, cast(v as timestamp with time zone) from T_timestamptz
----
2000-01-01 03:59:59
2000-01-01 03:59:59
2016-01-01 04:00:00
2016-01-01 04:00:00
2016-02-29 04:00:00
2016-02-29 04:00:00
2017-01-01 03:59:58
2017-01-01 03:59:58
NULL
NULL

statement ok
DROP TABLE T_timestamptz

statement ok
set optimizer = 'default_pipe'

