statement ok
create table t (f1 int, f2 int)

statement ok
COPY 1 RECORDS INTO t(f2,f1) from STDIN USING DELIMITERS ','
<COPY_INTO_DATA>
1,2

query II rowsort
SELECT * from t
----
1
2

statement ok
COPY 1 RECORDS INTO t from STDIN (f2,f1) USING DELIMITERS ','
<COPY_INTO_DATA>
1,2

query II rowsort
SELECT * from t
----
1
2
2
1

statement ok
COPY 1 RECORDS INTO t(f1,f2) from STDIN (f2,f1) USING DELIMITERS ','
<COPY_INTO_DATA>
1,2

query II rowsort
SELECT * from t
----
1
2
2
1
2
1

statement ok
drop table t

