statement ok
SET TIME ZONE INTERVAL '+00:00' HOUR TO MINUTE

query T rowsort
SELECT epoch((1460453860-300) * 1000)
----
2016-04-12 09:32:40

query T rowsort
SELECT epoch(CAST(1460453860-300 AS INTEGER))
----
2016-04-12 09:32:40

query T rowsort
SELECT epoch(CAST(1460453860-300 AS INTEGER))
----
2016-04-12 09:32:40

