statement ok
start transaction

statement ok
create table test1 (a int, b int, d int)

statement ok
create table test_dic1 (a int, c int)

statement ok
insert into test_dic1 values (1, 1), (1, 2)

statement ok
insert into test1 values (1, 2, 1), (1, 3, 2), (2, 2, 1), (2, 3, 2)

query II rowsort
select dd.*
 from test_dic1 as dd
inner join test1 as d1 on d1.a = dd.a and d1.d = 1
 left join test1 as d2 on d2.a = dd.a and d2.d = 2
where dd.c = 1
----
1
1

query II rowsort
select dd.*
 from test_dic1 as dd
inner join test1 as d1 on d1.a = dd.a and d1.d = 1
 left join test1 as d2 on d2.a = dd.a and d2.d = 2
where dd.c = 1
   or dd.c = 3
----
1
1

query IIIIIIII rowsort
select *
 from test_dic1 as dd
inner join test1 as d1 on d1.a = dd.a and d1.d = 1
 left join test1 as d2 on d2.a = dd.a and d2.d = 2
where dd.c = 1
   or dd.c = 3
----
1
1
1
2
1
1
3
2

query IIIIIIII rowsort
select *
 from test_dic1 as dd
inner join test1 as d1 on d1.a = dd.a and d1.d = 1
 left join test1 as d2 on d2.a = dd.a and d2.d = 2
where dd.c in (1, 3)
----
1
1
1
2
1
1
3
2

query IIIIIIII rowsort
select *
 from test_dic1 as dd
inner join test1 as d1 on d1.a = dd.a
 left join test1 as d2 on d2.a = dd.a and d2.d = 2
where dd.c = 1
   or dd.c = 3
  and d1.d = 1
  and (((dd.c = 1 or dd.c = 3) and d2.d is null) or ((dd.c = 1 or dd.c = 3) and d2.d = 2))
----
1
1
1
2
1
1
3
2
1
1
1
3
2
1
3
2

query IIIIIIII rowsort
select *
 from test_dic1 as dd
inner join test1 as d1 on d1.a = dd.a and d1.d = 1
inner join test1 as d2 on d2.a = dd.a and d2.d = 2
where dd.c = 1
   or dd.c = 3
----
1
1
1
2
1
1
3
2

statement ok
drop table test1

statement ok
drop table test_dic1

statement ok
rollback

