statement ok
CREATE TABLE testUUID (s varchar(36), u UUID)

statement ok
INSERT INTO testUUID (s, u) VALUES ('ad887b3d-08f7-c308-7285-354a1857cbc8', convert('ad887b3d-08f7-c308-7285-354a1857cbc8', uuid))

statement ok
INSERT INTO testUUID (s, u) VALUES ('7393ad7e-4fcf-461a-856e-b70027fe1a9e', convert('7393ad7e-4fcf-461a-856e-b70027fe1a9e', uuid))

statement ok
INSERT INTO testUUID (s, u) VALUES ('c005d6fd-20c3-4d01-91a5-bbe676593530', convert('c005d6fd-20c3-4d01-91a5-bbe676593530', uuid))

query TT rowsort
SELECT * FROM testUUID ORDER BY s
----
7393ad7e-4fcf-461a-856e-b70027fe1a9e
7393ad7e-4fcf-461a-856e-b70027fe1a9e
ad887b3d-08f7-c308-7285-354a1857cbc8
ad887b3d-08f7-c308-7285-354a1857cbc8
c005d6fd-20c3-4d01-91a5-bbe676593530
c005d6fd-20c3-4d01-91a5-bbe676593530

query TTI rowsort
SELECT s, u, isaUUID(s) as a_isa_UUID FROM testUUID ORDER BY s
----
7393ad7e-4fcf-461a-856e-b70027fe1a9e
7393ad7e-4fcf-461a-856e-b70027fe1a9e
1
ad887b3d-08f7-c308-7285-354a1857cbc8
ad887b3d-08f7-c308-7285-354a1857cbc8
1
c005d6fd-20c3-4d01-91a5-bbe676593530
c005d6fd-20c3-4d01-91a5-bbe676593530
1

query TTI rowsort
SELECT s, u, isaUUID(u) as u_isa_UUID FROM testUUID ORDER BY s
----
7393ad7e-4fcf-461a-856e-b70027fe1a9e
7393ad7e-4fcf-461a-856e-b70027fe1a9e
1
ad887b3d-08f7-c308-7285-354a1857cbc8
ad887b3d-08f7-c308-7285-354a1857cbc8
1
c005d6fd-20c3-4d01-91a5-bbe676593530
c005d6fd-20c3-4d01-91a5-bbe676593530
1

query TT rowsort
SELECT * FROM testUUID WHERE isaUUID(s) = TRUE ORDER BY s
----
7393ad7e-4fcf-461a-856e-b70027fe1a9e
7393ad7e-4fcf-461a-856e-b70027fe1a9e
ad887b3d-08f7-c308-7285-354a1857cbc8
ad887b3d-08f7-c308-7285-354a1857cbc8
c005d6fd-20c3-4d01-91a5-bbe676593530
c005d6fd-20c3-4d01-91a5-bbe676593530

query TT rowsort
SELECT * FROM testUUID WHERE isaUUID(u) = TRUE ORDER BY s
----
7393ad7e-4fcf-461a-856e-b70027fe1a9e
7393ad7e-4fcf-461a-856e-b70027fe1a9e
ad887b3d-08f7-c308-7285-354a1857cbc8
ad887b3d-08f7-c308-7285-354a1857cbc8
c005d6fd-20c3-4d01-91a5-bbe676593530
c005d6fd-20c3-4d01-91a5-bbe676593530

query TTII rowsort
SELECT MIN(u) AS mn, MAX(u) AS mx, COUNT(u) AS cnt, COUNT(DISTINCT u) AS cnt_d FROM testUUID
----
7393ad7e-4fcf-461a-856e-b70027fe1a9e
c005d6fd-20c3-4d01-91a5-bbe676593530
3
3

statement error
SELECT SUM(u) AS sumu FROM testUUID

statement error
SELECT AVG(u) AS sumu FROM testUUID

statement ok
DROP TABLE testUUID

