statement ok
CREATE TABLE test (c UUID)

statement ok
INSERT INTO test (SELECT CAST('1e1a9c62-d656-11e5-9fd7-9b884ad020cd' AS UUID) FROM generate_series(CAST(0 AS INTEGER), 200000, 1))

query TT rowsort
SELECT MIN(c) AS mn, MAX(c) AS mx FROM test
----
1e1a9c62-d656-11e5-9fd7-9b884ad020cd
1e1a9c62-d656-11e5-9fd7-9b884ad020cd

query TT rowsort
SELECT MIN(c) AS mn, MAX(c) AS mx FROM test
----
1e1a9c62-d656-11e5-9fd7-9b884ad020cd
1e1a9c62-d656-11e5-9fd7-9b884ad020cd

query TT rowsort
SELECT MIN(c) AS mn, MAX(c) AS mx FROM test
----
1e1a9c62-d656-11e5-9fd7-9b884ad020cd
1e1a9c62-d656-11e5-9fd7-9b884ad020cd

statement ok
DROP TABLE test

