statement ok
CREATE TABLE t111 (id INT, name VARCHAR(1024))

statement ok
INSERT INTO t111 VALUES(10, 'monetdb')

statement ok
INSERT INTO t111 VALUES(20, 'monet')

statement ok
CREATE TRIGGER
   test5
BEFORE INSERT ON t111
FOR EACH ROW
  INSERT INTO t111 VALUES(4, 'update_when_statement_true')

statement error
INSERT INTO t111 SELECT * FROM t111

query IT rowsort
SELECT * FROM t111
----
10
monetdb
20
monet

statement error
INSERT INTO t111 VALUES(30,'single')

query IT rowsort
SELECT * FROM t111
----
10
monetdb
20
monet

statement error
DROP TABLE t111

statement ok
DROP TABLE t111 CASCADE

