statement ok
START TRANSACTION

query T rowsort
select null
----
NULL

query T rowsort
select null as v
----
NULL

statement ok
create table t (i integer)

statement ok
insert into t values (null)

query I rowsort
select * from t where i is null
----
NULL

statement ok
rollback

