statement ok
CREATE TABLE foo(f string)

statement ok
CREATE TABLE bar(b string)

-- TRIGGERS NESTED LOOP JOIN
statement ok
INSERT INTO foo VALUES ('JOHNLEFT'),('TRASH1'),('TRASH2'),(NULL),(NULL),('TRASH3'),('TRASH4'),('JANERIGHT'),('robertright'),('timup'),(NULL),('lexleft'),('JOELEFT'),(NULL),('TRASH5'),('TRASH6'),('TRASH7'),('TRASH8'),('TRASH9'),('TRASH10')

statement ok
INSERT INTO bar VALUES ('left'),('right'),('up')

query TT rowsort
SELECT * FROM foo,bar WHERE [foo.f] endswith [bar.b, false]
----
lexleft
left
robertright
right
timup
up

query TT rowsort
SELECT * FROM foo,bar WHERE [foo.f] endswith [bar.b, true]
----
JANERIGHT
right
JOELEFT
left
JOHNLEFT
left
lexleft
left
robertright
right
timup
up

statement ok
TRUNCATE TABLE foo

statement ok
TRUNCATE TABLE bar

-- TRIGGERS SORT BASED JOIN
statement ok
INSERT INTO foo VALUES ('Καλή'),('srauschenFrühling'),('Monokel Das grüne'),('Χρονιά Καλή'),('bom dia, Olá'),('Risør'),('Wenn der Ölhahn versiegt'),('Punch-Out!! WITH LYRICS'),('Super Mario Bros. 3 WITH LYRICS'),('καταλαβαίνω Δεν'),('boa tarde, Adeus')

statement ok
INSERT INTO bar VALUES ('Δεν'),('Frühling'),(NULL),('Καλή'),('kαλή'),(NULL),('olá'),('Das grüne'),('WITH LYRICS'),('adeus'),('früh'),('sør')

query TT rowsort
SELECT * FROM foo,bar WHERE [foo.f] endswith [bar.b, false]
----
Monokel Das grüne
Das grüne
Punch-Out!! WITH LYRICS
WITH LYRICS
Risør
sør
Super Mario Bros. 3 WITH LYRICS
WITH LYRICS
srauschenFrühling
Frühling
Καλή
Καλή
Χρονιά Καλή
Καλή
καταλαβαίνω Δεν
Δεν

query TT rowsort
SELECT * FROM foo,bar WHERE [foo.f] endswith [bar.b, true]
----
Monokel Das grüne
Das grüne
Punch-Out!! WITH LYRICS
WITH LYRICS
Risør
sør
Super Mario Bros. 3 WITH LYRICS
WITH LYRICS
boa tarde, Adeus
adeus
bom dia, Olá
olá
srauschenFrühling
Frühling
Καλή
Καλή
Χρονιά Καλή
Καλή
καταλαβαίνω Δεν
Δεν

statement ok
DROP TABLE foo

statement ok
DROP TABLE bar
