statement ok
start transaction

statement ok
create table analytics (aa int, bb int)

statement ok
insert into analytics values (15, 3), (3, 1), (2, 1), (5, 3), (NULL, 2), (3, 2), (4, 1), (6, 3), (8, 2), (NULL, 4)

query RRRR rowsort
select covar_samp(aa, aa),
       covar_samp(bb, bb),
       covar_samp(aa, bb),
       covar_samp(bb, aa) from analytics
----
17.643
1.067
2.429
2.429

query RRRR rowsort
select covar_pop(aa, aa),
       covar_pop(bb, bb),
       covar_pop(aa, bb),
       covar_pop(bb, aa) from analytics
----
15.437
0.960
2.125
2.125

query RRRR rowsort
select corr(aa, aa),
       corr(bb, bb),
       corr(aa, bb),
       corr(bb, aa) from analytics
----
1.000
1.000
0.625
0.625

query RRRR rowsort
select covar_samp(aa, aa),
       covar_samp(bb, bb),
       covar_samp(aa, bb),
       covar_samp(bb, aa) from analytics group by aa
----
0.000
0.500
0.000
0.000
NULL
2.000
NULL
NULL
NULL
NULL
NULL
NULL
NULL
NULL
NULL
NULL
NULL
NULL
NULL
NULL
NULL
NULL
NULL
NULL
NULL
NULL
NULL
NULL
NULL
NULL
NULL
NULL

query RRRR rowsort
select covar_pop(aa, aa),
       covar_pop(bb, bb),
       covar_pop(aa, bb),
       covar_pop(bb, aa) from analytics group by aa
----
0.000
0.000
0.000
0.000
0.000
0.000
0.000
0.000
0.000
0.000
0.000
0.000
0.000
0.000
0.000
0.000
0.000
0.000
0.000
0.000
0.000
0.000
0.000
0.000
0.000
0.250
0.000
0.000
NULL
1.000
NULL
NULL

query RRRR rowsort
select corr(aa, aa),
       corr(bb, bb),
       corr(aa, bb),
       corr(bb, aa) from analytics group by aa
----
NULL
1.000
NULL
NULL
NULL
1.000
NULL
NULL
NULL
NULL
NULL
NULL
NULL
NULL
NULL
NULL
NULL
NULL
NULL
NULL
NULL
NULL
NULL
NULL
NULL
NULL
NULL
NULL
NULL
NULL
NULL
NULL

query RRRR rowsort
select covar_samp(aa, aa),
       covar_samp(bb, bb),
       covar_samp(aa, bb),
       covar_samp(bb, aa) from analytics group by bb
----
1.000
0.000
0.000
0.000
12.500
0.000
0.000
0.000
30.333
0.000
0.000
0.000
NULL
NULL
NULL
NULL

query RRRR rowsort
select covar_pop(aa, aa),
       covar_pop(bb, bb),
       covar_pop(aa, bb),
       covar_pop(bb, aa) from analytics group by bb
----
0.667
0.000
0.000
0.000
20.222
0.000
0.000
0.000
6.250
0.000
0.000
0.000
NULL
0.000
NULL
NULL

query RRRR rowsort
select corr(aa, aa),
       corr(bb, bb),
       corr(aa, bb),
       corr(bb, aa) from analytics group by bb
----
1.000
NULL
NULL
NULL
1.000
NULL
NULL
NULL
1.000
NULL
NULL
NULL
NULL
NULL
NULL
NULL

query RRRR rowsort
select covar_samp(aa, aa),
       covar_samp(bb, bb),
       covar_samp(aa, bb),
       covar_samp(bb, aa) from analytics group by aa, bb
----
NULL
NULL
NULL
NULL
NULL
NULL
NULL
NULL
NULL
NULL
NULL
NULL
NULL
NULL
NULL
NULL
NULL
NULL
NULL
NULL
NULL
NULL
NULL
NULL
NULL
NULL
NULL
NULL
NULL
NULL
NULL
NULL
NULL
NULL
NULL
NULL
NULL
NULL
NULL
NULL

query RRRR rowsort
select covar_pop(aa, aa),
       covar_pop(bb, bb),
       covar_pop(aa, bb),
       covar_pop(bb, aa) from analytics group by aa, bb
----
0.000
0.000
0.000
0.000
0.000
0.000
0.000
0.000
0.000
0.000
0.000
0.000
0.000
0.000
0.000
0.000
0.000
0.000
0.000
0.000
0.000
0.000
0.000
0.000
0.000
0.000
0.000
0.000
0.000
0.000
0.000
0.000
NULL
0.000
NULL
NULL
NULL
0.000
NULL
NULL

query RRRR rowsort
select corr(aa, aa),
       corr(bb, bb),
       corr(aa, bb),
       corr(bb, aa) from analytics group by aa, bb
----
NULL
NULL
NULL
NULL
NULL
NULL
NULL
NULL
NULL
NULL
NULL
NULL
NULL
NULL
NULL
NULL
NULL
NULL
NULL
NULL
NULL
NULL
NULL
NULL
NULL
NULL
NULL
NULL
NULL
NULL
NULL
NULL
NULL
NULL
NULL
NULL
NULL
NULL
NULL
NULL

query RRR rowsort
select covar_samp(aa, 1),
       covar_pop(aa, 1),
       corr(aa, 1) from analytics group by aa
----
0.000
0.000
NULL
NULL
0.000
NULL
NULL
0.000
NULL
NULL
0.000
NULL
NULL
0.000
NULL
NULL
0.000
NULL
NULL
0.000
NULL
NULL
NULL
NULL

query RRR rowsort
select covar_samp(aa, 1),
       covar_pop(aa, 1),
       corr(aa, 1) from analytics group by bb
----
0.000
0.000
NULL
0.000
0.000
NULL
0.000
0.000
NULL
NULL
NULL
NULL

query RRR rowsort
select covar_samp(aa, 1),
       covar_pop(bb, 1),
       corr(bb, 1) from analytics group by aa, bb
----
NULL
0.000
NULL
NULL
0.000
NULL
NULL
0.000
NULL
NULL
0.000
NULL
NULL
0.000
NULL
NULL
0.000
NULL
NULL
0.000
NULL
NULL
0.000
NULL
NULL
0.000
NULL
NULL
0.000
NULL

query RRR rowsort
select covar_samp(1, aa),
       covar_pop(1, aa),
       corr(1, aa) from analytics group by aa
----
0.000
0.000
NULL
NULL
0.000
NULL
NULL
0.000
NULL
NULL
0.000
NULL
NULL
0.000
NULL
NULL
0.000
NULL
NULL
0.000
NULL
NULL
NULL
NULL

query RRR rowsort
select covar_samp(1, aa),
       covar_pop(1, aa),
       corr(1, aa) from analytics group by bb
----
0.000
0.000
NULL
0.000
0.000
NULL
0.000
0.000
NULL
NULL
NULL
NULL

query RRR rowsort
select covar_samp(1, aa),
       covar_pop(1, aa),
       corr(1, aa) from analytics group by aa, bb
----
NULL
0.000
NULL
NULL
0.000
NULL
NULL
0.000
NULL
NULL
0.000
NULL
NULL
0.000
NULL
NULL
0.000
NULL
NULL
0.000
NULL
NULL
0.000
NULL
NULL
NULL
NULL
NULL
NULL
NULL

query RRR rowsort
select covar_samp(1, 1),
       covar_pop(1, 1),
       corr(1, 1) from analytics group by aa
----
0.000
0.000
NULL
0.000
0.000
NULL
NULL
0.000
NULL
NULL
0.000
NULL
NULL
0.000
NULL
NULL
0.000
NULL
NULL
0.000
NULL
NULL
0.000
NULL

query RRR rowsort
select covar_samp(1, 1),
       covar_pop(1, 1),
       corr(1, 1) from analytics group by bb
----
0.000
0.000
NULL
0.000
0.000
NULL
0.000
0.000
NULL
NULL
0.000
NULL

query RRR rowsort
select covar_samp(1, 1),
       covar_pop(1, 1),
       corr(1, 1) from analytics group by aa, bb
----
NULL
0.000
NULL
NULL
0.000
NULL
NULL
0.000
NULL
NULL
0.000
NULL
NULL
0.000
NULL
NULL
0.000
NULL
NULL
0.000
NULL
NULL
0.000
NULL
NULL
0.000
NULL
NULL
0.000
NULL

query RRR rowsort
select covar_samp(NULL, aa),
       covar_pop(NULL, aa),
       corr(NULL, aa) from analytics group by aa
----
NULL
NULL
NULL
NULL
NULL
NULL
NULL
NULL
NULL
NULL
NULL
NULL
NULL
NULL
NULL
NULL
NULL
NULL
NULL
NULL
NULL
NULL
NULL
NULL

query RRR rowsort
select covar_samp(NULL, aa),
       covar_pop(NULL, aa),
       corr(NULL, aa) from analytics group by bb
----
NULL
NULL
NULL
NULL
NULL
NULL
NULL
NULL
NULL
NULL
NULL
NULL

query RRR rowsort
select covar_samp(NULL, aa),
       covar_pop(NULL, aa),
       corr(NULL, aa) from analytics group by aa, bb
----
NULL
NULL
NULL
NULL
NULL
NULL
NULL
NULL
NULL
NULL
NULL
NULL
NULL
NULL
NULL
NULL
NULL
NULL
NULL
NULL
NULL
NULL
NULL
NULL
NULL
NULL
NULL
NULL
NULL
NULL

query RRR rowsort
select covar_samp(aa, NULL),
       covar_pop(aa, NULL),
       corr(aa, NULL) from analytics group by aa
----
NULL
NULL
NULL
NULL
NULL
NULL
NULL
NULL
NULL
NULL
NULL
NULL
NULL
NULL
NULL
NULL
NULL
NULL
NULL
NULL
NULL
NULL
NULL
NULL

query RRR rowsort
select covar_samp(aa, NULL),
       covar_pop(aa, NULL),
       corr(aa, NULL) from analytics group by bb
----
NULL
NULL
NULL
NULL
NULL
NULL
NULL
NULL
NULL
NULL
NULL
NULL

query RRR rowsort
select covar_samp(aa, NULL),
       covar_pop(aa, NULL),
       corr(aa, NULL) from analytics group by aa, bb
----
NULL
NULL
NULL
NULL
NULL
NULL
NULL
NULL
NULL
NULL
NULL
NULL
NULL
NULL
NULL
NULL
NULL
NULL
NULL
NULL
NULL
NULL
NULL
NULL
NULL
NULL
NULL
NULL
NULL
NULL

query RRR rowsort
select covar_samp(NULL, NULL),
       covar_pop(NULL, NULL),
       corr(NULL, NULL) from analytics group by aa
----
NULL
NULL
NULL
NULL
NULL
NULL
NULL
NULL
NULL
NULL
NULL
NULL
NULL
NULL
NULL
NULL
NULL
NULL
NULL
NULL
NULL
NULL
NULL
NULL

query RRR rowsort
select covar_samp(NULL, NULL),
       covar_pop(NULL, NULL),
       corr(NULL, NULL) from analytics group by bb
----
NULL
NULL
NULL
NULL
NULL
NULL
NULL
NULL
NULL
NULL
NULL
NULL

query RRR rowsort
select covar_samp(NULL, NULL),
       covar_pop(NULL, NULL),
       corr(NULL, NULL) from analytics group by aa, bb
----
NULL
NULL
NULL
NULL
NULL
NULL
NULL
NULL
NULL
NULL
NULL
NULL
NULL
NULL
NULL
NULL
NULL
NULL
NULL
NULL
NULL
NULL
NULL
NULL
NULL
NULL
NULL
NULL
NULL
NULL

query R rowsort
select (select corr(a1.aa, a2.aa) + corr(a2.aa, a1.aa) from analytics a2) from analytics a1
----
NULL
NULL
NULL
NULL
NULL
NULL
NULL
NULL
NULL
NULL

query R rowsort
select (select corr(a1.aa + a2.aa, a1.aa + a2.aa) from analytics a2) from analytics a1
----
1.000
1.000
1.000
1.000
1.000
1.000
1.000
1.000
NULL
NULL

query R rowsort
select corr(a1.aa, a1.bb) from analytics a1 where a1.bb > (select corr(a1.aa, a2.aa) + corr(a2.aa, a1.aa) from analytics a2)
----
NULL

query R rowsort
select corr(a1.aa, a1.bb) from analytics a1 where a1.bb > (select corr(a1.aa + a2.aa, a1.aa + a2.aa) from analytics a2)
----
0.376

query R rowsort
select corr(a1.aa, a1.bb) from analytics a1 where a1.bb > (select corr(a1.aa, a2.aa) + corr(a2.aa, a1.aa) from analytics a2) group by bb
----

query R rowsort
select corr(a1.aa, a1.bb) from analytics a1 where a1.bb > (select corr(a1.aa + a2.aa, a1.aa + a2.aa) from analytics a2) group by bb
----
NULL
NULL

query R rowsort
select corr(a1.aa, a1.bb) from analytics a1 group by bb having a1.bb > (select corr(MAX(a1.aa) + a2.aa, MIN(a1.aa) + a2.aa) from analytics a2)
----
NULL
NULL

statement ok
rollback

statement ok
CREATE TABLE t0(c0 DOUBLE, c1 INT)

statement ok
INSERT INTO t0(c0,c1) VALUES(1E200, 1), (0, 1)

statement error
SELECT VAR_POP(c0) FROM t0

statement error
SELECT STDDEV_POP(c0) FROM t0

statement error
SELECT COVAR_POP(c0,c0) FROM t0

statement error
SELECT CORR(c0,c0) FROM t0

query R rowsort
SELECT VAR_POP(c0) FROM t0 GROUP BY c0
----
0.000
0.000

query R rowsort
SELECT STDDEV_POP(c0) FROM t0 GROUP BY c0
----
0.000
0.000

query R rowsort
SELECT CORR(c0,c0) FROM t0 GROUP BY c0
----
NULL
NULL

statement error
SELECT VAR_POP(c0) FROM t0 GROUP BY c1

statement error
SELECT STDDEV_POP(c0) FROM t0 GROUP BY c1

statement error
SELECT CORR(c0,c0) FROM t0 GROUP BY c1

statement error
SELECT VAR_SAMP(c0) OVER () FROM t0

statement error
SELECT STDDEV_SAMP(c0) OVER () FROM t0

statement error
SELECT COVAR_SAMP(c0,c0) OVER () FROM t0

statement error
SELECT CORR(c0,c0) OVER () FROM t0

statement ok
DROP TABLE T0

