statement ok
create table analytics (aa int, bb int, cc bigint)

statement ok
insert into analytics values (15, 3, 15), (3, 1, 3), (2, 1, 2), (5, 3, 5), (NULL, 2, NULL), (3, 2, 3), (4, 1, 4), (6, 3, 6), (8, 2, 8), (NULL, 4, NULL)

statement ok
start transaction

query R rowsort
select percent_rank() over (partition by aa) from analytics
----
0.000
0.000
0.000
0.000
0.000
0.000
0.000
0.000
0.000
0.000

query R rowsort
select percent_rank() over (partition by aa order by aa asc) from analytics
----
0.000
0.000
0.000
0.000
0.000
0.000
0.000
0.000
0.000
0.000

query R rowsort
select percent_rank() over (partition by aa order by aa desc) from analytics
----
0.000
0.000
0.000
0.000
0.000
0.000
0.000
0.000
0.000
0.000

query R rowsort
select percent_rank() over (order by aa) from analytics
----
0.000
0.000
0.222
0.333
0.333
0.556
0.667
0.778
0.889
1.000

query R rowsort
select percent_rank() over (order by aa desc) from analytics
----
0.000
0.111
0.222
0.333
0.444
0.556
0.556
0.778
0.889
0.889

query R rowsort
select percent_rank() over (partition by bb) from analytics
----
0.000
0.000
0.000
0.000
0.000
0.000
0.000
0.000
0.000
0.000

query R rowsort
select percent_rank() over (partition by bb order by bb asc) from analytics
----
0.000
0.000
0.000
0.000
0.000
0.000
0.000
0.000
0.000
0.000

query R rowsort
select percent_rank() over (partition by bb order by bb desc) from analytics
----
0.000
0.000
0.000
0.000
0.000
0.000
0.000
0.000
0.000
0.000

query R rowsort
select percent_rank() over (order by bb) from analytics
----
0.000
0.000
0.000
0.333
0.333
0.333
0.667
0.667
0.667
1.000

query R rowsort
select percent_rank() over (order by bb desc) from analytics
----
0.000
0.111
0.111
0.111
0.444
0.444
0.444
0.778
0.778
0.778

query R rowsort
select cume_dist() over (partition by aa) from analytics
----
1.000
1.000
1.000
1.000
1.000
1.000
1.000
1.000
1.000
1.000

query R rowsort
select cume_dist() over (partition by aa order by aa asc) from analytics
----
1.000
1.000
1.000
1.000
1.000
1.000
1.000
1.000
1.000
1.000

query R rowsort
select cume_dist() over (partition by aa order by aa desc) from analytics
----
1.000
1.000
1.000
1.000
1.000
1.000
1.000
1.000
1.000
1.000

query R rowsort
select cume_dist() over (order by aa) from analytics
----
0.200
0.200
0.300
0.500
0.500
0.600
0.700
0.800
0.900
1.000

query R rowsort
select cume_dist() over (order by aa desc) from analytics
----
0.100
0.200
0.300
0.400
0.500
0.700
0.700
0.800
1.000
1.000

query R rowsort
select cume_dist() over (partition by bb) from analytics
----
1.000
1.000
1.000
1.000
1.000
1.000
1.000
1.000
1.000
1.000

query R rowsort
select cume_dist() over (partition by bb order by bb asc) from analytics
----
1.000
1.000
1.000
1.000
1.000
1.000
1.000
1.000
1.000
1.000

query R rowsort
select cume_dist() over (partition by bb order by bb desc) from analytics
----
1.000
1.000
1.000
1.000
1.000
1.000
1.000
1.000
1.000
1.000

query R rowsort
select cume_dist() over (order by bb) from analytics
----
0.300
0.300
0.300
0.600
0.600
0.600
0.900
0.900
0.900
1.000

query R rowsort
select cume_dist() over (order by bb desc) from analytics
----
0.100
0.400
0.400
0.400
0.700
0.700
0.700
1.000
1.000
1.000

query I rowsort
select ntile(1) over (partition by aa) from analytics
----
1
1
1
1
1
1
1
1
1
1

query I rowsort
select ntile(1) over (partition by aa order by aa asc) from analytics
----
1
1
1
1
1
1
1
1
1
1

query I rowsort
select ntile(1) over (partition by aa order by aa desc) from analytics
----
1
1
1
1
1
1
1
1
1
1

query I rowsort
select ntile(1) over (order by aa) from analytics
----
1
1
1
1
1
1
1
1
1
1

query I rowsort
select ntile(1) over (order by aa desc) from analytics
----
1
1
1
1
1
1
1
1
1
1

query I rowsort
select ntile(3) over (partition by bb) from analytics
----
1
1
1
1
2
2
2
3
3
3

query I rowsort
select ntile(3) over (partition by bb order by bb asc) from analytics
----
1
1
1
1
2
2
2
3
3
3

query I rowsort
select ntile(3) over (partition by bb order by bb desc) from analytics
----
1
1
1
1
2
2
2
3
3
3

query I rowsort
select ntile(3) over (order by bb) from analytics
----
1
1
1
1
2
2
2
3
3
3

query I rowsort
select ntile(3) over (order by bb desc) from analytics
----
1
1
1
1
2
2
2
3
3
3

query I rowsort
select ntile(10) over (partition by aa) from analytics
----
1
1
1
1
1
1
1
1
2
2

query I rowsort
select ntile(10) over (partition by aa order by aa asc) from analytics
----
1
1
1
1
1
1
1
1
2
2

query I rowsort
select ntile(10) over (partition by aa order by aa desc) from analytics
----
1
1
1
1
1
1
1
1
2
2

query I rowsort
select ntile(10) over (order by aa) from analytics
----
1
10
2
3
4
5
6
7
8
9

query I rowsort
select ntile(10) over (order by aa desc) from analytics
----
1
10
2
3
4
5
6
7
8
9

query I rowsort
select ntile(aa) over (partition by aa) from analytics
----
1
1
1
1
1
1
1
2
NULL
NULL

query I rowsort
select ntile(aa) over (partition by aa order by aa asc) from analytics
----
1
1
1
1
1
1
1
2
NULL
NULL

query I rowsort
select ntile(aa) over (partition by aa order by aa desc) from analytics
----
1
1
1
1
1
1
1
2
NULL
NULL

query I rowsort
select ntile(aa) over (order by aa) from analytics
----
1
1
10
2
2
4
4
7
NULL
NULL

query I rowsort
select ntile(aa) over (order by aa desc) from analytics
----
1
1
2
2
2
2
2
2
NULL
NULL

query I rowsort
select ntile(aa) over (partition by bb) from analytics
----
1
1
1
2
2
3
3
3
NULL
NULL

query I rowsort
select ntile(aa) over (partition by bb order by bb asc) from analytics
----
1
1
1
2
2
3
3
3
NULL
NULL

query I rowsort
select ntile(aa) over (partition by bb order by bb desc) from analytics
----
1
1
1
2
2
3
3
3
NULL
NULL

query I rowsort
select ntile(aa) over (order by bb) from analytics
----
1
1
1
2
4
4
5
7
NULL
NULL

query I rowsort
select ntile(aa) over (order by bb desc) from analytics
----
2
2
2
2
2
3
4
5
NULL
NULL

query I rowsort
select ntile(bb) over (partition by aa) from analytics
----
1
1
1
1
1
1
1
1
2
2

query I rowsort
select ntile(bb) over (partition by aa order by aa asc) from analytics
----
1
1
1
1
1
1
1
1
2
2

query I rowsort
select ntile(bb) over (partition by aa order by aa desc) from analytics
----
1
1
1
1
1
1
1
1
2
2

query I rowsort
select ntile(bb) over (order by aa) from analytics
----
1
1
1
1
1
1
2
2
3
3

query I rowsort
select ntile(bb) over (order by aa desc) from analytics
----
1
1
1
1
1
1
1
2
2
4

query I rowsort
select ntile(bb) over (partition by bb) from analytics
----
1
1
1
1
1
1
1
2
2
3

query I rowsort
select ntile(bb) over (partition by bb order by bb asc) from analytics
----
1
1
1
1
1
1
1
2
2
3

query I rowsort
select ntile(bb) over (partition by bb order by bb desc) from analytics
----
1
1
1
1
1
1
1
2
2
3

query I rowsort
select ntile(bb) over (order by bb) from analytics
----
1
1
1
1
1
2
2
3
3
4

query I rowsort
select ntile(bb) over (order by bb desc) from analytics
----
1
1
1
1
1
1
1
1
2
2

query I rowsort
select first_value(aa) over (partition by aa) from analytics
----
15
2
3
3
4
5
6
8
NULL
NULL

query I rowsort
select first_value(aa) over (partition by aa order by aa asc) from analytics
----
15
2
3
3
4
5
6
8
NULL
NULL

query I rowsort
select first_value(aa) over (partition by aa order by aa desc) from analytics
----
15
2
3
3
4
5
6
8
NULL
NULL

query I rowsort
select first_value(aa) over (order by aa) from analytics
----
NULL
NULL
NULL
NULL
NULL
NULL
NULL
NULL
NULL
NULL

query I rowsort
select first_value(aa) over (order by aa desc) from analytics
----
15
15
15
15
15
15
15
15
15
15

query I rowsort
select first_value(aa) over (partition by bb) from analytics
----
15
15
15
3
3
3
NULL
NULL
NULL
NULL

query I rowsort
select first_value(aa) over (partition by bb order by bb asc) from analytics
----
15
15
15
3
3
3
NULL
NULL
NULL
NULL

query I rowsort
select first_value(aa) over (partition by bb order by bb desc) from analytics
----
15
15
15
3
3
3
NULL
NULL
NULL
NULL

query I rowsort
select first_value(aa) over (order by bb) from analytics
----
3
3
3
3
3
3
3
3
3
3

query I rowsort
select first_value(aa) over (order by bb desc) from analytics
----
NULL
NULL
NULL
NULL
NULL
NULL
NULL
NULL
NULL
NULL

query I rowsort
select nth_value(aa, 1) over (partition by bb) from analytics
----
15
15
15
3
3
3
NULL
NULL
NULL
NULL

query I rowsort
select nth_value(aa, 1) over (partition by bb order by bb asc) from analytics
----
15
15
15
3
3
3
NULL
NULL
NULL
NULL

query I rowsort
select nth_value(aa, 1) over (partition by bb order by bb desc) from analytics
----
15
15
15
3
3
3
NULL
NULL
NULL
NULL

query I rowsort
select nth_value(aa, 1) over (order by bb) from analytics
----
3
3
3
3
3
3
3
3
3
3

query I rowsort
select nth_value(aa, 1) over (order by bb desc) from analytics
----
NULL
NULL
NULL
NULL
NULL
NULL
NULL
NULL
NULL
NULL

query I rowsort
select last_value(bb) over (partition by aa) from analytics
----
1
1
2
2
2
3
3
3
4
4

query I rowsort
select last_value(bb) over (partition by aa order by aa asc) from analytics
----
1
1
2
2
2
3
3
3
4
4

query I rowsort
select last_value(bb) over (partition by aa order by aa desc) from analytics
----
1
1
2
2
2
3
3
3
4
4

query I rowsort
select last_value(bb) over (order by aa) from analytics
----
1
1
2
2
2
3
3
3
4
4

query I rowsort
select last_value(bb) over (order by aa desc) from analytics
----
1
1
2
2
2
3
3
3
4
4

query I rowsort
select last_value(bb) over (partition by bb) from analytics
----
1
1
1
2
2
2
3
3
3
4

query I rowsort
select last_value(bb) over (partition by bb order by bb asc) from analytics
----
1
1
1
2
2
2
3
3
3
4

query I rowsort
select last_value(bb) over (partition by bb order by bb desc) from analytics
----
1
1
1
2
2
2
3
3
3
4

query I rowsort
select last_value(bb) over (order by bb) from analytics
----
1
1
1
2
2
2
3
3
3
4

query I rowsort
select last_value(bb) over (order by bb desc) from analytics
----
1
1
1
2
2
2
3
3
3
4

query I rowsort
select nth_value(bb, 3) over (partition by bb) from analytics
----
1
1
1
2
2
2
3
3
3
NULL

query I rowsort
select nth_value(bb, 3) over (partition by bb order by bb asc) from analytics
----
1
1
1
2
2
2
3
3
3
NULL

query I rowsort
select nth_value(bb, 3) over (partition by bb order by bb desc) from analytics
----
1
1
1
2
2
2
3
3
3
NULL

query I rowsort
select nth_value(bb, 3) over (order by bb) from analytics
----
1
1
1
1
1
1
1
1
1
1

query I rowsort
select nth_value(bb, 3) over (order by bb desc) from analytics
----
3
3
3
3
3
3
3
3
3
NULL

query I rowsort
select lag(bb) over (partition by aa) from analytics
----
1
2
NULL
NULL
NULL
NULL
NULL
NULL
NULL
NULL

query I rowsort
select lag(bb) over (partition by aa order by aa asc) from analytics
----
1
2
NULL
NULL
NULL
NULL
NULL
NULL
NULL
NULL

query I rowsort
select lag(bb) over (partition by aa order by aa desc) from analytics
----
1
2
NULL
NULL
NULL
NULL
NULL
NULL
NULL
NULL

query I rowsort
select lag(bb) over (order by aa) from analytics
----
1
1
1
2
2
2
3
3
4
NULL

query I rowsort
select lag(bb) over (order by aa desc) from analytics
----
1
1
1
2
2
2
3
3
3
NULL

query I rowsort
select lead(bb) over (partition by bb) from analytics
----
1
1
2
2
3
3
NULL
NULL
NULL
NULL

query I rowsort
select lead(bb) over (partition by bb order by bb asc) from analytics
----
1
1
2
2
3
3
NULL
NULL
NULL
NULL

query I rowsort
select lead(bb) over (partition by bb order by bb desc) from analytics
----
1
1
2
2
3
3
NULL
NULL
NULL
NULL

query I rowsort
select lead(bb) over (order by bb) from analytics
----
1
1
2
2
2
3
3
3
4
NULL

query I rowsort
select lead(bb) over (order by bb desc) from analytics
----
1
1
1
2
2
2
3
3
3
NULL

query I nosort
select row_number() over () from analytics
----
1
2
3
4
5
6
7
8
9
10

query I nosort
select rank() over () from analytics
----
1
1
1
1
1
1
1
1
1
1

query I nosort
select dense_rank() over () from analytics
----
1
1
1
1
1
1
1
1
1
1

query R rowsort
select percent_rank() over () from analytics
----
0.000
0.000
0.000
0.000
0.000
0.000
0.000
0.000
0.000
0.000

query R rowsort
select cume_dist() over () from analytics
----
1.000
1.000
1.000
1.000
1.000
1.000
1.000
1.000
1.000
1.000

query I rowsort
select ntile(1) over () from analytics
----
1
1
1
1
1
1
1
1
1
1

query I rowsort
select ntile(2) over () from analytics
----
1
1
1
1
1
2
2
2
2
2

query I rowsort
select ntile(5) over () from analytics
----
1
1
2
2
3
3
4
4
5
5

query I rowsort
select ntile(11) over () from analytics
----
1
10
2
3
4
5
6
7
8
9

query I rowsort
select ntile(100) over () from analytics
----
1
10
2
3
4
5
6
7
8
9

query I rowsort
select first_value(aa) over () from analytics
----
15
15
15
15
15
15
15
15
15
15

query I rowsort
select first_value(bb) over () from analytics
----
3
3
3
3
3
3
3
3
3
3

query I rowsort
select last_value(aa) over () from analytics
----
NULL
NULL
NULL
NULL
NULL
NULL
NULL
NULL
NULL
NULL

query I rowsort
select last_value(bb) over () from analytics
----
4
4
4
4
4
4
4
4
4
4

query I rowsort
select nth_value(aa, 2) over () from analytics
----
3
3
3
3
3
3
3
3
3
3

query I rowsort
select nth_value(bb, 1) over () from analytics
----
3
3
3
3
3
3
3
3
3
3

query I rowsort
select nth_value(bb, 1000) over () from analytics
----
NULL
NULL
NULL
NULL
NULL
NULL
NULL
NULL
NULL
NULL

query I rowsort
select lag(aa) over () from analytics
----
15
2
3
3
4
5
6
8
NULL
NULL

query I rowsort
select lead(bb) over () from analytics
----
1
1
1
2
2
2
3
3
4
NULL

query I rowsort
select lag(aa) over () from analytics
----
15
2
3
3
4
5
6
8
NULL
NULL

query I rowsort
select lead(bb) over () from analytics
----
1
1
1
2
2
2
3
3
4
NULL

query I rowsort
select ntile(null) over () from analytics
----
NULL
NULL
NULL
NULL
NULL
NULL
NULL
NULL
NULL
NULL

query I rowsort
select first_value(null) over () from analytics
----
NULL
NULL
NULL
NULL
NULL
NULL
NULL
NULL
NULL
NULL

query I rowsort
select last_value(null) over () from analytics
----
NULL
NULL
NULL
NULL
NULL
NULL
NULL
NULL
NULL
NULL

query I rowsort
select nth_value(null, 1) over () from analytics
----
NULL
NULL
NULL
NULL
NULL
NULL
NULL
NULL
NULL
NULL

query I rowsort
select nth_value(aa, null) over () from analytics
----
NULL
NULL
NULL
NULL
NULL
NULL
NULL
NULL
NULL
NULL

query I rowsort
select nth_value(1, null) over () from analytics
----
NULL
NULL
NULL
NULL
NULL
NULL
NULL
NULL
NULL
NULL

query I rowsort
select nth_value(null, null) over () from analytics
----
NULL
NULL
NULL
NULL
NULL
NULL
NULL
NULL
NULL
NULL

query I rowsort
select lag(null) over () from analytics
----
NULL
NULL
NULL
NULL
NULL
NULL
NULL
NULL
NULL
NULL

query I rowsort
select lag(null, null) over () from analytics
----
NULL
NULL
NULL
NULL
NULL
NULL
NULL
NULL
NULL
NULL

query I rowsort
select lag(null, null, null) over () from analytics
----
NULL
NULL
NULL
NULL
NULL
NULL
NULL
NULL
NULL
NULL

query I rowsort
select lead(null) over () from analytics
----
NULL
NULL
NULL
NULL
NULL
NULL
NULL
NULL
NULL
NULL

query I rowsort
select lead(null, null) over () from analytics
----
NULL
NULL
NULL
NULL
NULL
NULL
NULL
NULL
NULL
NULL

query I rowsort
select lead(null, null, null) over () from analytics
----
NULL
NULL
NULL
NULL
NULL
NULL
NULL
NULL
NULL
NULL

statement ok
create table stressme (aa varchar(64), bb int)

statement ok
insert into stressme values ('one', 1), ('another', 1), ('stress', 1), (NULL, 2), ('ok', 2), ('check', 3), ('me', 3), ('please', 3), (NULL, 4)

query T rowsort
select first_value(aa) over (partition by bb) from stressme
----
NULL
NULL
NULL
check
check
check
one
one
one

query T rowsort
select first_value(aa) over (partition by bb order by bb asc) from stressme
----
NULL
NULL
NULL
check
check
check
one
one
one

query T rowsort
select first_value(aa) over (partition by bb order by bb desc) from stressme
----
NULL
NULL
NULL
check
check
check
one
one
one

query T rowsort
select first_value(aa) over (order by bb) from stressme
----
one
one
one
one
one
one
one
one
one

query T rowsort
select first_value(aa) over (order by bb desc) from stressme
----
NULL
NULL
NULL
NULL
NULL
NULL
NULL
NULL
NULL

query I rowsort
select first_value(bb) over (partition by aa) from stressme
----
1
1
1
2
2
2
3
3
3

query I rowsort
select first_value(bb) over (partition by aa order by aa asc) from stressme
----
1
1
1
2
2
2
3
3
3

query I rowsort
select first_value(bb) over (partition by aa order by aa desc) from stressme
----
1
1
1
2
2
2
3
3
3

query I rowsort
select first_value(bb) over (order by aa) from stressme
----
2
2
2
2
2
2
2
2
2

query I rowsort
select first_value(bb) over (order by aa desc) from stressme
----
1
1
1
1
1
1
1
1
1

query T rowsort
select last_value(aa) over (partition by bb) from stressme
----
NULL
ok
ok
please
please
please
stress
stress
stress

query T rowsort
select last_value(aa) over (partition by bb order by bb asc) from stressme
----
NULL
ok
ok
please
please
please
stress
stress
stress

query T rowsort
select last_value(aa) over (partition by bb order by bb desc) from stressme
----
NULL
ok
ok
please
please
please
stress
stress
stress

query T rowsort
select last_value(aa) over (order by bb) from stressme
----
NULL
ok
ok
please
please
please
stress
stress
stress

query T rowsort
select last_value(aa) over (order by bb desc) from stressme
----
NULL
ok
ok
please
please
please
stress
stress
stress

query I rowsort
select last_value(bb) over (partition by aa) from stressme
----
1
1
1
2
3
3
3
4
4

query I rowsort
select last_value(bb) over (partition by aa order by aa asc) from stressme
----
1
1
1
2
3
3
3
4
4

query I rowsort
select last_value(bb) over (partition by aa order by aa desc) from stressme
----
1
1
1
2
3
3
3
4
4

query I rowsort
select last_value(bb) over (order by aa) from stressme
----
1
1
1
2
3
3
3
4
4

query I rowsort
select last_value(bb) over (order by aa desc) from stressme
----
1
1
1
2
3
3
3
4
4

query T rowsort
select nth_value(aa, 1) over (partition by bb) from stressme
----
NULL
NULL
NULL
check
check
check
one
one
one

query T rowsort
select nth_value(aa, 1) over (partition by bb order by bb asc) from stressme
----
NULL
NULL
NULL
check
check
check
one
one
one

query T rowsort
select nth_value(aa, 1) over (partition by bb order by bb desc) from stressme
----
NULL
NULL
NULL
check
check
check
one
one
one

query T rowsort
select nth_value(aa, 1) over (order by bb) from stressme
----
one
one
one
one
one
one
one
one
one

query T rowsort
select nth_value(aa, 1) over (order by bb desc) from stressme
----
NULL
NULL
NULL
NULL
NULL
NULL
NULL
NULL
NULL

query T rowsort
select nth_value(aa, 5) over (partition by bb) from stressme
----
NULL
NULL
NULL
NULL
NULL
NULL
NULL
NULL
NULL

query T rowsort
select nth_value(aa, 5) over (partition by bb order by bb asc) from stressme
----
NULL
NULL
NULL
NULL
NULL
NULL
NULL
NULL
NULL

query T rowsort
select nth_value(aa, 5) over (partition by bb order by bb desc) from stressme
----
NULL
NULL
NULL
NULL
NULL
NULL
NULL
NULL
NULL

query T rowsort
select nth_value(aa, 5) over (order by bb) from stressme
----
NULL
NULL
NULL
ok
ok
ok
ok
ok
ok

query T rowsort
select nth_value(aa, 5) over (order by bb desc) from stressme
----
NULL
NULL
NULL
NULL
NULL
NULL
NULL
NULL
NULL

query I rowsort
select nth_value(bb, 1) over (partition by aa) from stressme
----
1
1
1
2
2
2
3
3
3

query I rowsort
select nth_value(bb, 1) over (partition by aa order by aa asc) from stressme
----
1
1
1
2
2
2
3
3
3

query I rowsort
select nth_value(bb, 1) over (partition by aa order by aa desc) from stressme
----
1
1
1
2
2
2
3
3
3

query I rowsort
select nth_value(bb, 1) over (order by aa) from stressme
----
2
2
2
2
2
2
2
2
2

query I rowsort
select nth_value(bb, 1) over (order by aa desc) from stressme
----
1
1
1
1
1
1
1
1
1

query I rowsort
select nth_value(bb, 5) over (partition by aa) from stressme
----
NULL
NULL
NULL
NULL
NULL
NULL
NULL
NULL
NULL

query I rowsort
select nth_value(bb, 5) over (partition by aa order by aa asc) from stressme
----
NULL
NULL
NULL
NULL
NULL
NULL
NULL
NULL
NULL

query I rowsort
select nth_value(bb, 5) over (partition by aa order by aa desc) from stressme
----
NULL
NULL
NULL
NULL
NULL
NULL
NULL
NULL
NULL

query I rowsort
select nth_value(bb, 5) over (order by aa) from stressme
----
3
3
3
3
3
NULL
NULL
NULL
NULL

query I rowsort
select nth_value(bb, 5) over (order by aa desc) from stressme
----
3
3
3
3
3
NULL
NULL
NULL
NULL

query T rowsort
select lag(aa) over (partition by bb) from stressme
----
NULL
NULL
NULL
NULL
NULL
another
check
me
one

query T rowsort
select lag(aa) over (partition by bb order by bb asc) from stressme
----
NULL
NULL
NULL
NULL
NULL
another
check
me
one

query T rowsort
select lag(aa) over (partition by bb order by bb desc) from stressme
----
NULL
NULL
NULL
NULL
NULL
another
check
me
one

query T rowsort
select lag(aa) over (order by bb) from stressme
----
NULL
NULL
another
check
me
ok
one
please
stress

query T rowsort
select lag(aa) over (order by bb desc) from stressme
----
NULL
NULL
NULL
another
check
me
ok
one
please

query T rowsort
select lead(aa) over (partition by bb) from stressme
----
NULL
NULL
NULL
NULL
another
me
ok
please
stress

query T rowsort
select lead(aa) over (partition by bb order by bb asc) from stressme
----
NULL
NULL
NULL
NULL
another
me
ok
please
stress

query T rowsort
select lead(aa) over (partition by bb order by bb desc) from stressme
----
NULL
NULL
NULL
NULL
another
me
ok
please
stress

query T rowsort
select lead(aa) over (order by bb) from stressme
----
NULL
NULL
NULL
another
check
me
ok
please
stress

query T rowsort
select lead(aa) over (order by bb desc) from stressme
----
NULL
NULL
another
check
me
ok
one
please
stress

query I rowsort
select lag(bb) over (partition by aa) from stressme
----
2
NULL
NULL
NULL
NULL
NULL
NULL
NULL
NULL

query I rowsort
select lag(bb) over (partition by aa order by aa asc) from stressme
----
2
NULL
NULL
NULL
NULL
NULL
NULL
NULL
NULL

query I rowsort
select lag(bb) over (partition by aa order by aa desc) from stressme
----
2
NULL
NULL
NULL
NULL
NULL
NULL
NULL
NULL

query I rowsort
select lag(bb) over (order by aa) from stressme
----
1
1
2
2
3
3
3
4
NULL

query I rowsort
select lag(bb) over (order by aa desc) from stressme
----
1
1
1
2
2
3
3
3
NULL

query I rowsort
select lead(bb) over (partition by aa) from stressme
----
4
NULL
NULL
NULL
NULL
NULL
NULL
NULL
NULL

query I rowsort
select lead(bb) over (partition by aa order by aa asc) from stressme
----
4
NULL
NULL
NULL
NULL
NULL
NULL
NULL
NULL

query I rowsort
select lead(bb) over (partition by aa order by aa desc) from stressme
----
4
NULL
NULL
NULL
NULL
NULL
NULL
NULL
NULL

query I rowsort
select lead(bb) over (order by aa) from stressme
----
1
1
1
2
3
3
3
4
NULL

query I rowsort
select lead(bb) over (order by aa desc) from stressme
----
1
1
2
2
3
3
3
4
NULL

query IIII rowsort
select aa, bb, lead(aa, 2, 100) over (partition by bb), lead(aa, 1, '100') over (partition by bb) from analytics
----
15
3
6
5
2
1
100
4
3
1
4
2
3
2
100
8
4
1
100
100
5
3
100
6
6
3
100
100
8
2
100
100
NULL
2
8
3
NULL
4
100
100

query I rowsort
select nth_value(aa, aa) over () from analytics
----
2
2
3
3
5
6
NULL
NULL
NULL
NULL

query I rowsort
select nth_value(1, aa) over () from analytics
----
1
1
1
1
1
1
1
NULL
NULL
NULL

statement ok
create table t1 (col1 int, col2 int)

statement ok
insert into t1 values (8481, 0), (8489, 0), (8489, 1), (8498, 0), (8498, 1), (8498, 2), (8507, 0), (8507, 1), (8507, 2)

query IIIII rowsort
select col1, col2, lag(col2) over (partition by col1 ORDER BY col2), lag(col2, 2) over (partition by col1 ORDER BY col2), lag(col2, 3) over (partition by col1 ORDER BY col2) from t1
----
8481
0
NULL
NULL
NULL
8489
0
NULL
NULL
NULL
8489
1
0
NULL
NULL
8498
0
NULL
NULL
NULL
8498
1
0
NULL
NULL
8498
2
1
0
NULL
8507
0
NULL
NULL
NULL
8507
1
0
NULL
NULL
8507
2
1
0
NULL

query III rowsort
select lag(col2, -1) over (partition by col1 ORDER BY col2), lag(col2, 1) over (partition by col1 ORDER BY col2), lag(col2, 2) over (partition by col1 ORDER BY col2) from t1
----
1
NULL
NULL
1
NULL
NULL
1
NULL
NULL
2
0
NULL
2
0
NULL
NULL
0
NULL
NULL
1
0
NULL
1
0
NULL
NULL
NULL

query III rowsort
select lead(col2, -1) over (partition by col1 ORDER BY col2), lead(col2, 1) over (partition by col1 ORDER BY col2), lead(col2, 2) over (partition by col1 ORDER BY col2) from t1
----
0
2
NULL
0
2
NULL
0
NULL
NULL
1
NULL
NULL
1
NULL
NULL
NULL
1
2
NULL
1
2
NULL
1
NULL
NULL
NULL
NULL

statement ok
CREATE TABLE "sys"."test1" (
	"name"       VARCHAR(100),
	"points"     DOUBLE,
	"start_time" TIMESTAMP
)

statement ok
COPY 8 RECORDS INTO "sys"."test1" FROM stdin USING DELIMITERS E'\t',E'\n','"'
<COPY_INTO_DATA>
"Hello"	20	"2017-12-01 00:00:00.000000"
"Hello"	40	"2017-12-01 01:00:00.000000"
"Hello"	60	"2017-12-01 00:00:00.000000"
"World"	10	"2017-12-01 00:00:00.000000"
"World"	50	"2017-12-01 01:00:00.000000"
"World"	90	"2017-12-01 00:00:00.000000"
"World"	11	"2017-12-02 01:02:00.000000"
"World"	15	"2017-12-02 02:02:00.000000"

query TRR rowsort
SELECT CAST(t0.start_time AS DATE) AS start_time,
FIRST_VALUE(t0.points) OVER (PARTITION BY CAST(t0.start_time AS DATE) ORDER BY t0.start_time) AS first_point,
LAST_VALUE(t0.points) OVER (PARTITION BY CAST(t0.start_time AS DATE) ORDER BY t0.start_time) AS last_point
FROM test1 t0
WHERE (t0.start_time >= '2017/12/01 00:00:00' AND t0.start_time <= '2017/12/02 00:00:00')
----
2017-12-01
20.000
50.000
2017-12-01
20.000
50.000
2017-12-01
20.000
90.000
2017-12-01
20.000
90.000
2017-12-01
20.000
90.000
2017-12-01
20.000
90.000

query TRR rowsort
SELECT DISTINCT CAST(t0.start_time AS DATE) AS start_time,
FIRST_VALUE(t0.points) OVER (PARTITION BY CAST(t0.start_time AS DATE) ORDER BY t0.start_time) AS first_point,
LAST_VALUE(t0.points) OVER (PARTITION BY CAST(t0.start_time AS DATE) ORDER BY t0.start_time) AS last_point
FROM test1 t0
WHERE (t0.start_time >= '2017/12/01 00:00:00' AND t0.start_time <= '2017/12/02 00:00:00')
----
2017-12-01
20.000
50.000
2017-12-01
20.000
90.000

statement ok
CREATE TABLE "sys"."test2" (
	"name"       VARCHAR(100),
	"points"     INT,
	"start_time" TIMESTAMP
)

statement ok
COPY 8 RECORDS INTO "sys"."test2" FROM stdin USING DELIMITERS E'\t',E'\n','"'
<COPY_INTO_DATA>
"Ashish"	20	"2017-12-01 00:00:00.000000"
"Ashish"	40	"2017-12-01 01:00:00.000000"
"Ashish"	60	"2017-12-01 00:00:00.000000"
"Prashant"	10	"2017-12-01 00:00:00.000000"
"Prashant"	50	"2017-12-01 01:00:00.000000"
"Prashant"	90	"2017-12-01 00:00:00.000000"
"Prashant"	11	"2017-12-02 01:02:00.000000"
"Prashant"	15	"2017-12-02 02:02:00.000000"

query TI rowsort
SELECT distinct "name" ,
first_value("points") over (partition by cast("start_time" as date) order by cast("start_time" as date))
FROM test2
order by "name"
----
Ashish
20
Prashant
11
Prashant
20

query TI rowsort
SELECT distinct "name" ,
first_value("points") over (partition by cast("start_time" as date), "name" order by cast("start_time" as date))
FROM test2
order by "name"
----
Ashish
20
Prashant
10
Prashant
11

statement ok
rollback

statement error
select ntile(1) from analytics

statement error
select ntile(distinct aa) over () from analytics

statement error
select nth_value(distinct aa, bb) over () from analytics

statement error
select lead(aa, 34, 1000000000000) over (partition by bb) from analytics

statement ok
drop table analytics

