statement ok
CREATE TABLE tbl_ProductSales (ColID int, Product_Category  varchar(64), Product_Name  varchar(64), TotalSales int)

statement ok
CREATE TABLE another_T (col1 INT, col2 INT, col3 INT, col4 INT, col5 INT, col6 INT, col7 INT, col8 INT)

statement ok
INSERT INTO tbl_ProductSales VALUES (1,'Game','Mobo Game',200),(2,'Game','PKO Game',400),(3,'Fashion','Shirt',500),(4,'Fashion','Shorts',100)

statement ok
INSERT INTO another_T VALUES (1,2,3,4,5,6,7,8), (11,22,33,44,55,66,77,88), (111,222,333,444,555,666,777,888), (1111,2222,3333,4444,5555,6666,7777,8888)

query I rowsort
SELECT
    (SELECT GROUPING(colID) FROM tbl_ProductSales)
FROM another_T t1
----
0
0
0
0

query I rowsort
SELECT
    col1 IN (SELECT ColID FROM tbl_ProductSales)
FROM another_T
GROUP BY ROLLUP(col1)
----
0
0
0
1
NULL

query I rowsort
SELECT
    col1 IN (SELECT ColID + col1 FROM tbl_ProductSales)
FROM another_T
GROUP BY ROLLUP(col1)
----
0
0
0
0
NULL

query I rowsort
SELECT
    col1 IN (SELECT SUM(ColID + col1) FROM tbl_ProductSales)
FROM another_T
GROUP BY ROLLUP(col1)
----
0
0
0
0
NULL

query I rowsort
SELECT
    col3 > ALL (SELECT 1 FROM tbl_ProductSales HAVING MIN(col4) > 30)
FROM another_T
GROUP BY ROLLUP(col3, col4)
----
1
1
1
1
1
1
1
1
1

query I rowsort
SELECT
    col1 = ALL (SELECT 1 FROM tbl_ProductSales HAVING MIN(col2) IS NULL)
FROM another_T
GROUP BY CUBE(col1, col2)
----
1
1
1
1
1
1
1
1
1
1
1
1
1

query I rowsort
SELECT
    SUM(col1) IN (SELECT DISTINCT col2 FROM another_T GROUP BY col2)
FROM another_T
GROUP BY CUBE(col4)
----
0
0
0
0
0

query I rowsort
SELECT
    CASE WHEN NOT col1 NOT IN (SELECT (SELECT MAX(col7)) UNION (SELECT MIN(ColID) FROM tbl_ProductSales LEFT JOIN another_T t2 ON t2.col5 = t2.col1)) THEN 1 ELSE 2 END
FROM another_T t1
GROUP BY col1
----
1
2
2
2

query I rowsort
SELECT
    1 IN (SELECT 1 FROM tbl_ProductSales GROUP BY CUBE(t1.col1, tbl_ProductSales.ColID))
FROM another_T t1
----
1
1
1
1

query I rowsort
SELECT
    t1.col1 IN (SELECT ColID FROM tbl_ProductSales GROUP BY CUBE(t1.col1, tbl_ProductSales.ColID))
FROM another_T t1
GROUP BY CUBE(col1, col2)
----
1
1
NULL
NULL
NULL
NULL
NULL
NULL
NULL
NULL
NULL
NULL
NULL

query IIIIIII rowsort
SELECT
    NOT GROUPING(t1.col6) IN (SELECT SUM(t1.col6) FROM tbl_ProductSales tp HAVING MAX(t1.col1) > MIN(tp.colID)),
    GROUPING(t1.col6) IN (SELECT SUM(t1.col7) HAVING GROUPING(t1.col7) < SUM(t1.col4)),
    GROUPING(t1.col6) = ALL (SELECT 1),
    GROUPING(t1.col6) = ALL (SELECT SUM(t1.col7)),
    SUM(t1.col6) = ALL (SELECT GROUPING(t1.col7)),
    GROUPING(t1.col6) = ALL (SELECT GROUPING(t1.col7)),
    GROUPING(t1.col6) = ALL (SELECT GROUPING(t1.col7) FROM tbl_ProductSales)
FROM another_T t1
GROUP BY CUBE(t1.col6, t1.col7)
----
1
0
0
0
0
0
0
1
0
0
0
0
0
0
1
0
0
0
0
0
0
1
0
0
0
0
0
0
1
0
0
0
0
1
1
1
0
0
0
0
1
1
1
0
0
0
0
1
1
1
0
0
0
0
1
1
1
0
1
0
0
0
0
1
0
1
0
0
0
0
1
0
1
0
0
0
0
1
0
1
0
0
0
0
1
0
1
0
0
1
1

query IIIIIII rowsort
SELECT
    DISTINCT
    NOT GROUPING(t1.col6) IN (SELECT SUM(t1.col6) FROM tbl_ProductSales tp HAVING MAX(t1.col1) > MIN(tp.colID)),
    GROUPING(t1.col6) IN (SELECT SUM(t1.col7) HAVING GROUPING(t1.col7) < SUM(t1.col4)),
    GROUPING(t1.col6) = ALL (SELECT 1),
    GROUPING(t1.col6) = ALL (SELECT SUM(t1.col7)),
    SUM(t1.col6) = ALL (SELECT GROUPING(t1.col7)),
    GROUPING(t1.col6) = ALL (SELECT GROUPING(t1.col7)),
    GROUPING(t1.col6) = ALL (SELECT GROUPING(t1.col7) FROM tbl_ProductSales)
FROM another_T t1
GROUP BY CUBE(t1.col6, t1.col7)
----
1
0
0
0
0
0
0
1
0
0
0
0
1
1
1
0
1
0
0
0
0
1
0
1
0
0
1
1

query IIIII rowsort
SELECT
    NOT col1 * col5 = ALL (SELECT 1 FROM tbl_ProductSales HAVING MAX(col2) > 2),
    NOT AVG(col2) * col1 <> ANY (SELECT 20 FROM tbl_ProductSales HAVING MAX(col1) IS NULL),
    NOT EXISTS (SELECT ColID - 12 FROM tbl_ProductSales GROUP BY ColID HAVING MAX(col1) IS NOT NULL OR MIN(col1) < MIN(col2)),
    CAST (NOT col1 IN (SELECT col2 FROM another_T GROUP BY col2) AS INTEGER) | CAST (col2 IN (SELECT col2 FROM another_T GROUP BY col2) AS INTEGER),
    CAST (EXISTS (SELECT MAX(col5) * MAX(col4) FROM another_T GROUP BY col5, col4) AS INTEGER) & CAST (GROUPING(col1, col5) IN (SELECT DISTINCT col2 FROM another_T GROUP BY col2) AS INTEGER)
FROM another_T
GROUP BY CUBE(col1, col2, col5)
----
145 values hashing to 2180373d9debdb69ad704a767deb2e0a

query IIIII rowsort
SELECT
    NOT col1 * col5 = ALL (SELECT 1 FROM tbl_ProductSales HAVING MAX(col2) > 2) AS a1,
    NOT AVG(col2) * col1 <> ANY (SELECT 20 FROM tbl_ProductSales HAVING MAX(col1) IS NULL) AS a2,
    NOT EXISTS (SELECT ColID - 12 FROM tbl_ProductSales GROUP BY ColID HAVING MAX(col1) IS NOT NULL OR MIN(col1) < MIN(col2)) AS a3,
    CAST (NOT col1 IN (SELECT col2 FROM another_T GROUP BY col2) AS INTEGER) | CAST (col2 IN (SELECT col2 FROM another_T GROUP BY col2) AS INTEGER) AS a4,
    CAST (EXISTS (SELECT MAX(col5) * MAX(col4) FROM another_T GROUP BY col5, col4) AS INTEGER) & CAST (GROUPING(col1, col5) IN (SELECT DISTINCT col2 FROM another_T GROUP BY col2) AS INTEGER) AS a5
FROM another_T
GROUP BY CUBE(col1, col2, col5)
ORDER BY a1 NULLS FIRST, a2 NULLS FIRST, a3 NULLS FIRST, a4 NULLS FIRST, a5 NULLS FIRST
----
145 values hashing to 2180373d9debdb69ad704a767deb2e0a

query IRIIIIII rowsort
SELECT
    GROUPING(col1, col2, col3, col4, col5, col6, col7, col8), AVG(col1), CAST(SUM(col2) * 3 AS BIGINT), col3 + col4,
    CAST(MAX(col5) * MIN(col6) AS BIGINT), col7, col1 IN (SELECT ColID FROM tbl_ProductSales), col2 IN (SELECT ColID + col3 FROM tbl_ProductSales)
FROM another_T
GROUP BY ROLLUP(col1, col2, col3, col4, col5, col6, col7, col8)
ORDER BY GROUPING(col1, col2, col3, col4, col5, col6, col7, col8)
----
264 values hashing to d0905fd084d3f4a80c43f4a39006486b

query I rowsort
SELECT
    DISTINCT
    NOT col1 IN (SELECT col2 FROM another_T GROUP BY col2)
FROM another_T
GROUP BY ROLLUP(col1)
----
1
NULL

query I rowsort
SELECT
    LAST_VALUE(col5) OVER (PARTITION BY AVG(col8) ORDER BY SUM(col7) NULLS FIRST)
FROM another_T
GROUP BY CUBE(col1, col2, col5, col8)
----
5555
5555
5555
5555
5555
5555
5555
5555
5555
5555
5555
5555
5555
5555
5555
NULL
NULL
NULL
NULL
NULL
NULL
NULL
NULL
NULL
NULL
NULL
NULL
NULL
NULL
NULL
NULL
NULL
NULL
NULL
NULL
NULL
NULL
NULL
NULL
NULL
NULL
NULL
NULL
NULL
NULL
NULL
NULL
NULL
NULL
NULL
NULL
NULL
NULL
NULL
NULL
NULL
NULL
NULL
NULL
NULL
NULL

query IIIII rowsort
SELECT
    DISTINCT
    NOT col1 * col5 = ALL (SELECT 1 FROM tbl_ProductSales HAVING MAX(col2) > 2),
    NOT AVG(col2) * col1 <> ANY (SELECT 20 FROM tbl_ProductSales HAVING MAX(col1) IS NULL),
    NOT EXISTS (SELECT ColID - 12 FROM tbl_ProductSales GROUP BY ColID HAVING MAX(col1) IS NOT NULL OR MIN(col1) < MIN(col2)),
    CAST (NOT col1 IN (SELECT col2 FROM another_T GROUP BY col2) AS INTEGER) | CAST (col2 IN (SELECT col2 FROM another_T GROUP BY col2) AS INTEGER),
    CAST (EXISTS (SELECT MAX(col5) * MAX(col4) FROM another_T GROUP BY col5, col4) AS INTEGER) & CAST (GROUPING(col1, col5) IN (SELECT DISTINCT col2 FROM another_T GROUP BY col2) AS INTEGER)
FROM another_T
GROUP BY CUBE(col1, col2, col5)
----
0
1
0
1
0
0
1
0
NULL
0
0
1
0
NULL
1
1
1
0
1
0
1
1
0
NULL
0
NULL
1
0
1
0
NULL
1
0
NULL
0
NULL
1
0
NULL
1

query IIIII rowsort
SELECT
    DISTINCT
    NOT col1 * col5 = ALL (SELECT 1 FROM tbl_ProductSales HAVING MAX(col2) > 2) AS a1,
    NOT AVG(col2) * col1 <> ANY (SELECT 20 FROM tbl_ProductSales HAVING MAX(col1) IS NULL) AS a2,
    NOT EXISTS (SELECT ColID - 12 FROM tbl_ProductSales GROUP BY ColID HAVING MAX(col1) IS NOT NULL OR MIN(col1) < MIN(col2)) AS a3,
    CAST (NOT col1 IN (SELECT col2 FROM another_T GROUP BY col2) AS INTEGER) | CAST (col2 IN (SELECT col2 FROM another_T GROUP BY col2) AS INTEGER) AS a4,
    CAST (EXISTS (SELECT MAX(col5) * MAX(col4) FROM another_T GROUP BY col5, col4) AS INTEGER) & CAST (GROUPING(col1, col5) IN (SELECT DISTINCT col2 FROM another_T GROUP BY col2) AS INTEGER) AS a5
FROM another_T
GROUP BY CUBE(col1, col2, col5)
ORDER BY a1 NULLS FIRST, a2 NULLS FIRST, a3 NULLS FIRST, a4 NULLS FIRST, a5 NULLS FIRST
----
0
1
0
1
0
0
1
0
NULL
0
0
1
0
NULL
1
1
1
0
1
0
1
1
0
NULL
0
NULL
1
0
1
0
NULL
1
0
NULL
0
NULL
1
0
NULL
1

query IIIIIIIIIIITI rowsort
SELECT
    GROUPING(col1, col2, col5, col8) a1,
    col1 IN (SELECT ColID + col2 FROM tbl_ProductSales) a2,
    col1 < ANY (SELECT MAX(ColID + col2) FROM tbl_ProductSales) a3,
    LAST_VALUE(col5) OVER (PARTITION BY AVG(CASE WHEN col8 IS NULL THEN 0 ELSE col8 END) ORDER BY SUM(col7) NULLS FIRST) a4,
    col5 = ALL (SELECT 1 FROM tbl_ProductSales HAVING MIN(col8) IS NULL) a5,
    EXISTS (SELECT col2 FROM tbl_ProductSales WHERE tbl_ProductSales.ColID = another_T.col1) a6,
    col1 + col5 = (SELECT MIN(ColID) FROM tbl_ProductSales) a7,
    CAST(SUM(DISTINCT CASE WHEN col5 - col8 = (SELECT MIN(ColID / col2) FROM tbl_ProductSales) THEN col2 - 5 ELSE ABS(col1) END) AS BIGINT) a8,
    CAST((SELECT MAX(ColID + col2) FROM tbl_ProductSales) * DENSE_RANK() OVER (PARTITION BY AVG(DISTINCT col5)) AS BIGINT) a9,
    GROUPING(col1, col5, col8) * MIN(col8) OVER (PARTITION BY col5 ORDER BY col1 NULLS LAST ROWS UNBOUNDED PRECEDING) a10,
    MAX(col3) / 10 + GROUPING(col1, col5, col2) * 10 a11,
    GROUP_CONCAT(CAST(col4 AS VARCHAR(32)), '-sep-') || ' plus ' || GROUPING(col1) a12,
    CAST(col2 * NULL AS BIGINT) a14
FROM another_T
GROUP BY CUBE(col1, col2, col5, col8), GROUPING SETS (())
ORDER BY
    a1 ASC NULLS FIRST, a2 ASC NULLS LAST, a3 DESC NULLS FIRST, a4 DESC NULLS LAST, a5 ASC NULLS FIRST,
    a6 DESC NULLS LAST, a7 ASC NULLS FIRST, a8 ASC NULLS LAST, a9 ASC NULLS FIRST, a10 DESC NULLS LAST,
    a11 ASC NULLS FIRST, a12 DESC NULLS LAST,
    a14 DESC NULLS LAST
----
793 values hashing to b203a4a5e17a727140e5fcdff19d5b8e

statement error
SELECT
    NOT t1.col1 BETWEEN (SELECT MAX(t1.col7) EXCEPT SELECT tp.ColID FROM tbl_ProductSales tp) AND (SELECT MIN(t1.col5) EXCEPT SELECT t1.col2) a1,
    NOT GROUPING(t1.col1, t1.col2, t1.col4) * RANK() OVER (PARTITION BY AVG(DISTINCT t1.col5)) NOT
        BETWEEN (SELECT tp2.proj * t1.col1 + MAX(t1.col5) FROM LATERAL (SELECT tp.ColID + MIN(t1.col6) - t1.col1 as proj FROM tbl_ProductSales tp) AS tp2)
        AND
        (SELECT SUM(t1.col7) FROM tbl_ProductSales tp HAVING t1.col2 < ALL(SELECT MAX(tp.ColID))) a2
FROM another_T t1
GROUP BY CUBE(t1.col1, t1.col2), GROUPING SETS ((t1.col4))
ORDER BY a1 ASC NULLS FIRST, a2 ASC NULLS LAST

query I rowsort
SELECT
    CAST((SELECT tp2.proj * t1.col1 + MAX(t1.col5) FROM LATERAL (SELECT MAX(tp.ColID) + MIN(t1.col6) - t1.col1 as proj FROM tbl_ProductSales tp HAVING NULL IS NOT NULL) AS tp2) AS BIGINT) AS a1
FROM another_T t1
GROUP BY ROLLUP(t1.col1, t1.col2), GROUPING SETS ((t1.col4))
ORDER BY a1 ASC NULLS FIRST
----
NULL
NULL
NULL
NULL
NULL
NULL
NULL
NULL
NULL
NULL
NULL
NULL

query I rowsort
SELECT
    DISTINCT
    CAST((SELECT tp2.proj * t1.col1 + MAX(t1.col5) FROM LATERAL (SELECT MAX(tp.ColID) + MIN(t1.col6) - t1.col1 as proj FROM tbl_ProductSales tp HAVING NULL IS NOT NULL) AS tp2) AS BIGINT) AS a1
FROM another_T t1
GROUP BY ROLLUP(t1.col1, t1.col2), GROUPING SETS ((t1.col4))
ORDER BY a1 ASC NULLS FIRST
----
NULL

query I rowsort
SELECT
    NOT GROUPING(t1.col2, t1.col4) <> ALL (SELECT t1.col2 FROM tbl_ProductSales tp WHERE tp.colID = 1) a1
FROM another_T t1
GROUP BY ROLLUP(t1.col1, t1.col2), GROUPING SETS ((t1.col4))
HAVING (t1.col1 = ANY (SELECT MAX(ColID + col2) FROM tbl_ProductSales)) NOT IN
    ((SELECT NOT EXISTS (SELECT t1.col2 FROM tbl_ProductSales WHERE tbl_ProductSales.ColID = t1.col1)) UNION ALL
     (SELECT NOT GROUPING(t1.col1) BETWEEN (SELECT MAX(t1.col7) EXCEPT SELECT tp.ColID FROM tbl_ProductSales tp) AND (SELECT MIN(t1.col5) EXCEPT SELECT t1.col2)))
ORDER BY a1 DESC NULLS FIRST
----
0
0
0

query IIIIII rowsort
SELECT
    GROUPING(t1.col6, t1.col7) IN (SELECT SUM(t2.col2) FROM another_T t2 GROUP BY t2.col5),
    NOT 32 * GROUPING(t1.col7, t1.col6) IN (SELECT MAX(t2.col2) FROM another_T t2),
    GROUPING(t1.col6, t1.col7) NOT IN (SELECT MIN(t2.col2) FROM another_T t2 GROUP BY t1.col6),
    NOT SUM(t1.col2) * GROUPING(t1.col6, t1.col6, t1.col6, t1.col6) NOT IN (SELECT MAX(t2.col6) FROM another_T t2 GROUP BY t1.col6 HAVING t1.col7 + MIN(t2.col8) < MAX(t2.col7 - t1.col6)),
    GROUPING(t1.col6) <> ANY (SELECT t1.col7 INTERSECT SELECT t1.col6),
    GROUPING(t1.col7) = ALL (SELECT GROUPING(t1.col6) UNION ALL SELECT 10 * MIN(t1.col8))
FROM another_T t1
GROUP BY CUBE(t1.col7, t1.col6)
----
0
1
1
0
0
0
0
1
1
0
0
0
0
1
1
0
0
0
0
1
1
0
0
0
0
1
1
0
0
0
0
1
1
0
0
0
0
1
1
0
0
0
0
1
1
0
0
0
0
1
1
0
NULL
0
1
1
0
0
0
0
1
1
0
0
0
0
1
1
0
0
0
0
1
1
0
0
0
0

query III rowsort
SELECT
    CASE WHEN t1.col1 IN (SELECT 1 FROM tbl_ProductSales tp LEFT JOIN another_T t2 ON tp.ColID = t1.col1) THEN 1 ELSE 2 END,
    CASE WHEN SUM(t1.col3) IN (SELECT MAX(t1.col3) FROM tbl_ProductSales tp LEFT JOIN another_T t2 ON tp.ColID = t1.col1) THEN 1 ELSE 2 END,
    CASE WHEN t1.col2 IN (SELECT MAX(MAX(t1.col3)) OVER (PARTITION BY t1.col2 ORDER BY tp.ColID) FROM tbl_ProductSales tp LEFT JOIN another_T t2 ON tp.ColID = t1.col1) THEN 1 ELSE 2 END
FROM another_T t1
GROUP BY ROLLUP(t1.col1, t1.col2)
----
1
1
2
1
1
2
2
1
2
2
1
2
2
1
2
2
1
2
2
1
2
2
1
2
2
2
2

query IIII rowsort
SELECT
    CASE WHEN t1.col2 IN (SELECT MIN(ColID) FROM tbl_ProductSales tp INNER JOIN another_T t2 ON tp.ColID = t1.col1 AND tp.ColID = t2.col2) THEN 1 ELSE 2 END,
    CASE WHEN t1.col2 IN (SELECT MIN(ColID) FROM tbl_ProductSales tp LEFT JOIN another_T t2 ON tp.ColID = t1.col1 AND tp.ColID = t2.col2) THEN 1 ELSE 2 END,
    CASE WHEN t1.col2 IN (SELECT MIN(ColID) FROM tbl_ProductSales tp RIGHT JOIN another_T t2 ON tp.ColID = t1.col1 AND tp.ColID = t2.col2) THEN 1 ELSE 2 END,
    CASE WHEN t1.col2 IN (SELECT MIN(ColID) FROM tbl_ProductSales tp FULL OUTER JOIN another_T t2 ON tp.ColID = t1.col1 AND tp.ColID = t2.col2) THEN 1 ELSE 2 END
FROM another_T t1
GROUP BY ROLLUP(t1.col1, t1.col2)
----
2
2
2
2
2
2
2
2
2
2
2
2
2
2
2
2
2
2
2
2
2
2
2
2
2
2
2
2
2
2
2
2
2
2
2
2

query III rowsort
SELECT
    CASE WHEN NOT t1.col2 NOT IN (SELECT (SELECT MAX(t1.col7)) UNION (SELECT MIN(ColID) FROM tbl_ProductSales LEFT JOIN another_T t2 ON t2.col5 = t1.col1)) THEN 1 ELSE 2 END,
    CASE WHEN NOT t1.col2 NOT IN (SELECT (SELECT MAX(t1.col7)) UNION (SELECT MIN(ColID) FROM tbl_ProductSales LEFT JOIN another_T t2 ON MIN(t1.col5) = t1.col1)) THEN 1 ELSE 2 END,
    CASE WHEN NOT t1.col2 NOT IN (SELECT (SELECT MAX(t1.col7)) UNION (SELECT MIN(ColID) FROM tbl_ProductSales tp LEFT JOIN another_T t2 ON tp.ColID = t1.col1 AND tp.ColID = t2.col2)) THEN 1 ELSE 2 END
FROM another_T t1
GROUP BY CUBE(t1.col1, t1.col2)
----
2
2
2
2
2
2
2
2
2
2
2
2
2
2
2
2
2
2
2
2
2
2
2
2
2
2
2
2
2
2
2
2
2
2
2
2
2
2
2

statement ok
DROP TABLE tbl_ProductSales

statement ok
DROP TABLE another_T

