statement ok
create table testintervals (aa date, bb int)

statement ok
insert into testintervals values (date '2018-01-02', -1), (date '2018-02-04', 3), (date '2018-04-19', 2),
    (date '2018-05-03', 10), (date '2018-06-06', -12), (date '2018-07-12', 1), (date '2018-08-29', 1131)

statement ok
create table testintervals2 (aa timestamp, bb int)

statement ok
insert into testintervals2 values (timestamp '2018-01-02 08:00:10', -1), (timestamp '2018-02-04 19:02:01', 3),
    (timestamp '2018-04-19 15:49:45', 2), (timestamp '2018-05-03 05:12:04', 10), (timestamp '2018-06-06 02:45:03', -12),
    (timestamp '2018-07-12 18:26:01', 1), (timestamp '2018-08-29 14:56:33', 1131)

statement ok
create table testintervals3 (aa time, bb int)

statement ok
insert into testintervals3 values (time '08:00:10', -1), (time '19:02:01', 3), (time '15:49:45', 2),
    (time '05:12:04', 10), (time '02:45:03', -12), (time '18:26:01', 1), (time '14:56:33', 1131)

statement ok
start transaction

query IIIIII rowsort
select count(*) over (order by aa range unbounded preceding),
       count(*) over (order by aa range between unbounded preceding and current row),
       count(*) over (order by aa range between current row and unbounded following),
       count(*) over (order by aa range between interval '1' month preceding and current row),
       count(*) over (order by aa range between current row and interval '30000' second following),
       count(*) over (order by aa range between unbounded preceding and unbounded following) from testintervals
----
1
1
7
1
1
7
2
2
6
1
1
7
3
3
5
1
1
7
4
4
4
2
1
7
5
5
3
1
1
7
6
6
2
1
1
7
7
7
1
1
1
7

query IIIIII rowsort
select count(*) over (order by aa range between interval '0' month preceding and interval '0' month following),
       count(*) over (order by aa range between interval '1' month preceding and interval '1' month following),
       count(*) over (order by aa range between interval '2' month preceding and interval '1' month following),
       count(*) over (order by aa range between interval '0' second preceding and interval '0' second following),
       count(*) over (order by aa range between interval '2629800' second preceding and interval '2629800' second following),
       count(*) over (order by aa range between current row and current row) from testintervals
----
1
1
1
1
1
1
1
1
2
1
1
1
1
1
2
1
1
1
1
1
2
1
1
1
1
1
3
1
1
1
1
2
2
1
2
1
1
2
2
1
2
1

query IIIIII rowsort
select count(*) over (order by aa desc range between interval '0' month preceding and interval '0' month following),
       count(*) over (order by aa desc range between interval '1' month preceding and interval '1' month following),
       count(*) over (order by aa desc range between interval '2' month preceding and interval '1' month following),
       count(*) over (order by aa desc range between interval '0' second preceding and interval '0' second following),
       count(*) over (order by aa desc range between interval '2629800' second preceding and interval '2629800' second following),
       count(*) over (order by aa desc range between current row and current row) from testintervals
----
1
1
1
1
1
1
1
1
1
1
1
1
1
1
2
1
1
1
1
1
2
1
1
1
1
1
2
1
1
1
1
2
3
1
2
1
1
2
3
1
2
1

query IIIIII rowsort
select count(*) over (order by aa range between interval '0' month preceding and interval '0' month following),
       count(*) over (order by aa range between interval '1' month preceding and interval '1' month following),
       count(*) over (order by aa range between interval '2' month preceding and interval '1' month following),
       count(*) over (order by aa range between interval '0' second preceding and interval '0' second following),
       count(*) over (order by aa range between interval '2629800' second preceding and interval '2629800' second following),
       count(*) over (order by aa range between current row and current row) from testintervals2
----
1
1
1
1
1
1
1
1
2
1
1
1
1
1
2
1
1
1
1
1
2
1
1
1
1
1
3
1
1
1
1
2
2
1
2
1
1
2
2
1
2
1

query IIIIII rowsort
select count(*) over (order by aa desc range between interval '0' month preceding and interval '0' month following),
       count(*) over (order by aa desc range between interval '1' month preceding and interval '1' month following),
       count(*) over (order by aa desc range between interval '2' month preceding and interval '1' month following),
       count(*) over (order by aa desc range between interval '0' second preceding and interval '0' second following),
       count(*) over (order by aa desc range between interval '2629800' second preceding and interval '2629800' second following),
       count(*) over (order by aa desc range between current row and current row) from testintervals2
----
1
1
1
1
1
1
1
1
1
1
1
1
1
1
2
1
1
1
1
1
2
1
1
1
1
1
2
1
1
1
1
2
3
1
2
1
1
2
3
1
2
1

query IIII rowsort
select count(*) over (order by aa range between interval '0' second preceding and interval '0' second following),
       count(*) over (order by aa range between interval '3' hour preceding and interval '3' hour following),
       count(*) over (order by aa range between interval '60' minute preceding and interval '60' minute following),
       count(*) over (order by aa range between current row and current row) from testintervals3
----
1
2
1
1
1
2
1
1
1
2
2
1
1
2
2
1
1
3
1
1
1
3
2
1
1
3
2
1

query IIII rowsort
select count(*) over (order by aa desc range between interval '0' second preceding and interval '0' second following),
       count(*) over (order by aa desc range between interval '3' hour preceding and interval '3' hour following),
       count(*) over (order by aa desc range between interval '60' minute preceding and interval '60' minute following),
       count(*) over (order by aa desc range between current row and current row) from testintervals3
----
1
2
1
1
1
2
1
1
1
2
2
1
1
2
2
1
1
3
1
1
1
3
2
1
1
3
2
1

statement ok
rollback

statement error
select count(*) over (order by aa range between interval '-1' month preceding and interval '1' month following) from testintervals

statement error
select count(*) over (order by aa range between interval '3' month preceding and interval '5' month following) from testintervals3

statement ok
drop table testintervals

statement ok
drop table testintervals2

statement ok
drop table testintervals3

