statement ok
start transaction

statement ok
create table analytics (aa int, bb int, cc bigint)

statement ok
insert into analytics values (15, 3, 15), (3, 1, 3), (2, 1, 2), (5, 3, 5), (NULL, 2, NULL), (3, 2, 3), (4, 1, 4), (6, 3, 6), (8, 2, 8), (NULL, 4, NULL)

statement ok
create table stressme (aa varchar(64), bb int)

statement ok
insert into stressme values ('one', 1), ('another', 1), ('stress', 1), (NULL, 2), ('ok', 2), ('check', 3), ('me', 3), ('please', 3), (NULL, 4)

query TIITTT nosort
prepare select count(*) over (rows ? preceding) from analytics
----
bigint
63
0
(empty)
%1
%1
bigint
63
0
NULL
NULL
NULL

query I rowsort
exec <LAST_PREPARE_ID>(2)
----
1
2
3
3
3
3
3
3
3
3

query TIITTT nosort
prepare select max(aa) over (rows between 5 preceding and ? following) from stressme
----
varchar
64
0
(empty)
%1
%1
bigint
63
0
NULL
NULL
NULL

query T rowsort
exec <LAST_PREPARE_ID>(2)
----
please
stress
stress
stress
stress
stress
stress
stress
stress

query TIITTT nosort
prepare select max(aa) over (order by bb range between ? preceding and 10 following) from stressme
----
varchar
64
0
(empty)
%2
%2
int
3
0
NULL
NULL
NULL

query T rowsort
exec <LAST_PREPARE_ID>(2)
----
please
stress
stress
stress
stress
stress
stress
stress
stress

statement ok
rollback

