statement ok
start transaction

statement ok
create table analytics (aa interval second, bb interval month)

statement ok
insert into analytics values (interval '15' second, interval '3' month), (interval '3' second, interval '1' month), (interval '2' second, interval '1' month),
                             (interval '5' second, interval '3' month), (NULL, interval '2' month), (interval '3' second, interval '2' month),
                             (interval '4' second, interval '1' month), (interval '6' second, interval '3' month), (interval '8' second, interval '2' month), (NULL, interval '4' month)

query TTTT rowsort
select avg(aa) over (partition by bb),
       avg(aa) over (partition by bb order by bb asc),
       avg(aa) over (partition by bb order by bb desc),
       avg(aa) over (order by bb desc) from analytics
----
0:00:03
0:00:03
0:00:03
0:00:05
0:00:03
0:00:03
0:00:03
0:00:05
0:00:03
0:00:03
0:00:03
0:00:05
0:00:05
0:00:05
0:00:05
0:00:07
0:00:05
0:00:05
0:00:05
0:00:07
0:00:05
0:00:05
0:00:05
0:00:07
0:00:08
0:00:08
0:00:08
0:00:08
0:00:08
0:00:08
0:00:08
0:00:08
0:00:08
0:00:08
0:00:08
0:00:08
NULL
NULL
NULL
NULL

query TTTT rowsort
select avg(bb) over (partition by bb),
       avg(bb) over (partition by bb order by bb asc),
       avg(bb) over (partition by bb order by bb desc),
       avg(bb) over (order by bb desc) from analytics
----
1
1
1
2
1
1
1
2
1
1
1
2
2
2
2
3
2
2
2
3
2
2
2
3
3
3
3
3
3
3
3
3
3
3
3
3
4
4
4
4

query TTTT rowsort
select avg(aa) over (partition by aa),
       avg(aa) over (partition by aa order by aa asc),
       avg(aa) over (partition by aa order by aa desc),
       avg(aa) over (order by aa desc) from analytics
----
0:00:02
0:00:02
0:00:02
0:00:05
0:00:03
0:00:03
0:00:03
0:00:06
0:00:03
0:00:03
0:00:03
0:00:06
0:00:04
0:00:04
0:00:04
0:00:07
0:00:05
0:00:05
0:00:05
0:00:08
0:00:06
0:00:06
0:00:06
0:00:09
0:00:08
0:00:08
0:00:08
0:00:11
0:00:15
0:00:15
0:00:15
0:00:15
NULL
NULL
NULL
0:00:05
NULL
NULL
NULL
0:00:05

query TTTT rowsort
select avg(bb) over (partition by aa),
       avg(bb) over (partition by aa order by aa asc),
       avg(bb) over (partition by aa order by aa desc),
       avg(bb) over (order by aa desc) from analytics
----
1
1
1
2
1
1
1
2
2
2
2
2
2
2
2
2
2
2
2
3
3
3
3
2
3
3
3
2
3
3
3
3
3
3
3
3
3
3
3
3

query TTTT rowsort
select avg(interval '1' second) over (partition by bb),
       avg(interval '1' second) over (partition by bb order by bb asc),
       avg(interval '1' month) over (partition by bb order by bb desc),
       avg(interval '1' month) over (order by bb desc) from analytics
----
0:00:01
0:00:01
1
1
0:00:01
0:00:01
1
1
0:00:01
0:00:01
1
1
0:00:01
0:00:01
1
1
0:00:01
0:00:01
1
1
0:00:01
0:00:01
1
1
0:00:01
0:00:01
1
1
0:00:01
0:00:01
1
1
0:00:01
0:00:01
1
1
0:00:01
0:00:01
1
1

query TTTT rowsort
select avg(interval '-1' second) over (partition by bb),
       avg(interval '-1' second) over (partition by bb order by bb asc),
       avg(interval '-100' month) over (partition by bb order by bb desc),
       avg(interval '-100' month) over (order by bb desc) from analytics
----
-1 day, 23:59:59
-1 day, 23:59:59
-100
-100
-1 day, 23:59:59
-1 day, 23:59:59
-100
-100
-1 day, 23:59:59
-1 day, 23:59:59
-100
-100
-1 day, 23:59:59
-1 day, 23:59:59
-100
-100
-1 day, 23:59:59
-1 day, 23:59:59
-100
-100
-1 day, 23:59:59
-1 day, 23:59:59
-100
-100
-1 day, 23:59:59
-1 day, 23:59:59
-100
-100
-1 day, 23:59:59
-1 day, 23:59:59
-100
-100
-1 day, 23:59:59
-1 day, 23:59:59
-100
-100
-1 day, 23:59:59
-1 day, 23:59:59
-100
-100

query TTTTTT rowsort
select avg(aa) over (),
       avg(bb) over (),
       avg(aa) over (),
       avg(bb) over (),
       avg(interval '1' second) over (),
       avg(interval '1' month) over () from analytics
----
0:00:05
2
0:00:05
2
0:00:01
1
0:00:05
2
0:00:05
2
0:00:01
1
0:00:05
2
0:00:05
2
0:00:01
1
0:00:05
2
0:00:05
2
0:00:01
1
0:00:05
2
0:00:05
2
0:00:01
1
0:00:05
2
0:00:05
2
0:00:01
1
0:00:05
2
0:00:05
2
0:00:01
1
0:00:05
2
0:00:05
2
0:00:01
1
0:00:05
2
0:00:05
2
0:00:01
1
0:00:05
2
0:00:05
2
0:00:01
1

query TT rowsort
select avg(CAST(NULL as interval second)) over (),
       avg(CAST(NULL as interval month)) over () from analytics
----
NULL
NULL
NULL
NULL
NULL
NULL
NULL
NULL
NULL
NULL
NULL
NULL
NULL
NULL
NULL
NULL
NULL
NULL
NULL
NULL

query TTTT rowsort
select avg(aa) over (order by bb rows between 5 preceding and 0 following),
       avg(aa) over (order by bb rows between 5 preceding and 2 following),
       avg(aa) over (partition by bb order by bb rows between 5 preceding and 0 following),
       avg(aa) over (partition by bb order by bb rows between 5 preceding and 2 following) from analytics
----
0:00:02
0:00:03
0:00:02
0:00:03
0:00:03
0:00:03
0:00:03
0:00:03
0:00:03
0:00:03
0:00:03
0:00:03
0:00:03
0:00:04
NULL
0:00:05
0:00:03
0:00:05
0:00:03
0:00:05
0:00:04
0:00:05
0:00:05
0:00:05
0:00:06
0:00:06
0:00:15
0:00:08
0:00:07
0:00:06
0:00:10
0:00:08
0:00:07
0:00:07
0:00:08
0:00:08
0:00:07
0:00:07
NULL
NULL

query TTT rowsort
select avg(aa) over (order by bb rows 2 preceding),
       avg(aa) over (partition by bb order by bb rows 2 preceding),
       avg(aa) over (order by bb nulls last, aa nulls last rows 2 preceding) from analytics
----
0:00:02
0:00:02
0:00:02
0:00:03
0:00:03
0:00:02
0:00:03
0:00:03
0:00:03
0:00:03
0:00:03
0:00:03
0:00:03
NULL
0:00:05
0:00:05
0:00:05
0:00:05
0:00:05
NULL
0:00:10
0:00:08
0:00:08
0:00:05
0:00:08
0:00:15
0:00:08
0:00:09
0:00:10
0:00:06

query TTTT rowsort
select avg(bb) over (order by bb groups between 5 preceding and 0 following),
       avg(bb) over (order by bb groups between 5 preceding and 2 following),
       avg(bb) over (partition by bb order by bb groups between 5 preceding and 0 following),
       avg(bb) over (partition by bb order by bb groups between 5 preceding and 2 following) from analytics
----
1
2
1
1
1
2
1
1
1
2
1
1
2
2
2
2
2
2
2
2
2
2
2
2
2
2
3
3
2
2
3
3
2
2
3
3
2
2
4
4

query TT rowsort
select avg(bb) over (order by bb groups 2 preceding),
       avg(bb) over (partition by bb order by bb groups 2 preceding) from analytics
----
1
1
1
1
1
1
2
2
2
2
2
2
2
3
2
3
2
3
3
4

statement ok
rollback

