statement ok
start transaction

statement ok
create table bug2718 (time timestamp, val int)

statement ok
insert into bug2718 values (timestamp '2010-11-17 13:37:55', 1)

statement ok
insert into bug2718 values (timestamp '2010-11-17 13:37:56', 2)

statement ok
insert into bug2718 values (timestamp '2010-11-17 13:37:57', 3)

query TI rowsort
select * from bug2718
----
2010-11-17 13:37:55
1
2010-11-17 13:37:56
2
2010-11-17 13:37:57
3

query TI rowsort
select t1.time, count(t2.val)
from bug2718 t1, bug2718 t2
where t2.time between (t1.time - interval '1' second) and (t1.time + interval '1' second)
group by t1.time
order by t1.time
----
2010-11-17 13:37:55
2
2010-11-17 13:37:56
3
2010-11-17 13:37:57
2

statement ok
rollback

