statement ok
create table test2(a varchar(256), b int, c varchar(16))

statement ok
insert into test2 values ('testaaaaaaaaaaaaaaaaaaaaaaaaaaaaaaaaaaaaaaaaaaaaaaaaaaaaaaaaaaaaaaaaaaaaaaaaaaaaaaaa', 1, 'test')

query T rowsort
select a||' '||b||' '||c from test2
----
testaaaaaaaaaaaaaaaaaaaaaaaaaaaaaaaaaaaaaaaaaaaaaaaaaaaaaaaaaaaaaaaaaaaaaaaaaaaaaaaa 1 test

query T rowsort
select cast(a||' '||b as varchar(256))||' '||c from test2
----
testaaaaaaaaaaaaaaaaaaaaaaaaaaaaaaaaaaaaaaaaaaaaaaaaaaaaaaaaaaaaaaaaaaaaaaaaaaaaaaaa 1 test

statement ok
drop table test2

statement ok
create table testmore2(test1 varchar(1), test2 int, test3 varchar(3))

statement ok
insert into testmore2 values ('1', 23, '456')

query I rowsort
select length(test1||' '||test2||' '||test3) from testmore2 
----
8

statement ok
drop table testmore2

