statement ok
CREATE VIEW x AS SELECT 1.0 as score, 'a' as avalue, 'b' AS displayname

query RTT rowsort
SELECT * FROM x
----
1.000
a
b

query RTT rowsort
SELECT * FROM x ORDER BY score
----
1.000
a
b

query R rowsort
SELECT * FROM (SELECT 1.0 as score) AS x ORDER BY x.score
----
1.000

statement ok
drop view x

