statement ok
start transaction

statement ok
create table t2676 (id int)

statement ok
insert into t2676 values (1)

statement ok
insert into t2676 values (1)

statement ok
insert into t2676 values (2)

statement ok
insert into t2676 values (2)

statement ok
insert into t2676 values (3)

statement ok
insert into t2676 values (3)

statement ok
insert into t2676 values (4)

statement ok
insert into t2676 values (4)

query I rowsort
select distinct id from t2676
----
1
2
3
4

query I rowsort
select distinct id from t2676 limit 2
----
1
2

statement ok
rollback

