statement ok
create sequence testseq_2648 as integer start with 1

statement ok
create table testtbl_2648 (id integer)

query I rowsort
select next value for testseq_2648
----
1

statement error
alter sequence testseq_2648 restart with null no cycle

statement error
alter sequence testseq_2648 restart with (select max(id) from testtbl_2648)

query I rowsort
select next value for testseq_2648
----
2

statement ok
drop table testtbl_2648

statement ok
drop sequence testseq_2648

