statement ok
CREATE TABLE Image (ImageId integer, imageBinaries string)

statement ok
INSERT INTO Image VALUES (1, 'A')

query IT rowsort
SELECT * from Image
----
1
A

statement error
INSERT INTO Image
       (ImageId
       ,imageBinaries)
VALUES
       (MAX(ImageId)+1,'data')

query IT rowsort
SELECT * from Image
----
1
A

statement ok
INSERT INTO Image
       (ImageId
       ,imageBinaries)
VALUES
       ( (SELECT MAX(ImageId)+1 from Image),'data')

query IT rowsort
SELECT * from Image
----
1
A
2
data

statement ok
DROP TABLE Image

