statement ok
create table table_b (
    column_a int,
    column_b int
)

statement ok
create function next_b()
returns integer
begin
    declare col_a integer;
    set col_a = null;
    set col_a = ( select min(column_a)
                     from   table_b
                     where  column_b is null );
    if col_a is not null then
        update table_b
            set column_b = 1
        where  column_a = col_a;
    end if;
    return col_a;
end

statement ok
insert into table_b (
    column_a,
    column_b )
values (
   1,
   null
)

query II rowsort
select * from table_b
----
1
NULL

query I rowsort
select next_b()
----
1

query II rowsort
select * from table_b
----
1
1

statement ok
drop function next_b

statement ok
drop table table_b

