statement ok
create table _t2631 as select * from sys._tables limit 20 with data

statement ok
create table _tt2631 as select * from tmp._tables with no data

statement ok
create view t2631 as SELECT * FROM (SELECT p.*, 0 AS "temporary" FROM "sys"."_t2631" AS p UNION ALL SELECT t.*, 1 AS "temporary" FROM "_tt2631" AS t) AS t2631 where t2631.type < 2

query I rowsort
WITH t2 (i) AS (SELECT ROW_NUMBER () OVER (ORDER BY id ASC) AS i FROM t2631) select i from t2
----
1
10
11
12
13
14
15
16
17
18
19
2
20
3
4
5
6
7
8
9

query I rowsort
WITH t1 (i) AS (SELECT ROW_NUMBER () OVER (ORDER BY id ASC) AS i FROM _t2631) select i from t1
----
1
10
11
12
13
14
15
16
17
18
19
2
20
3
4
5
6
7
8
9

statement ok
drop view t2631

statement ok
drop table _tt2631

statement ok
drop table _t2631

