statement ok
start transaction

statement ok
create table "t1" (
    "id" int,
    "c1" varchar(100),
    "d1" int,
    "d2" int
)

statement ok
insert into "t1" values
(1, 'A', 50, 80),
(2, 'A', 200, 350),
(3, 'A', 89, 125),
(4, 'B', 4845, 13),
(5, 'B', 194, 597),
(6, 'C', 5636, 5802),
(7, 'C', 375, 3405),
(7, 'D', 365, 0),
(7, 'D', 87, 0)

query TII rowsort
select
    "c1",
    cast(sum("d1") as bigint) as "d1",
    cast(sum("d2") as bigint) as "d2"
from "t1"
group by "c1"
having sum("d1") < case when 5 > 10 then 500 else 400 end
----
A
339
555

query TIIR rowsort
select
    "c1",
    cast(sum("d1")as bigint)as "d1",
    cast(sum("d2") as bigint) as "d2",
    cast(1.0 * sum("d1") / (1.0 * case when sum("d2") > 0 then sum("d2") else null end) as decimal(18,3)) as "formula"
from "t1"
group by "c1"
----
A
339
555
0.610
B
5039
610
8.260
C
6011
9207
0.652
D
452
0
NULL

query TIIR rowsort
select
    "c1",
    cast(sum("d1")as bigint)as "d1",
    cast(sum("d2") as bigint) as "d2",
    cast(1.0 * sum("d1") / (1.0 * case when sum("d2") > 0 then sum("d2") else null end) as decimal(18,3)) as "formula"
from "t1"
group by "c1"
having (1.0 * sum("d1") / (1.0 * case when sum("d2") > 0 then sum("d2") else null end)) > 1
----
B
5039
610
8.260

statement ok
rollback

