query T rowsort
select remark from comments where id in (select id from sys._tables where name = 'abc_6639')
----

statement ok
create table abc_6639 (nr int)

statement ok
comment on table abc_6639 is 'abc_rem'

query T rowsort
select remark from comments where id in (select id from sys._tables where name = 'abc_6639')
----
abc_rem

query TTTT rowsort
select "name", "query", "type", "remark" from describe_table('sys', 'abc_6639')
----
abc_6639
NULL
TABLE
abc_rem

statement ok
comment on table abc_6639 is null

query T rowsort
select remark from comments where id in (select id from sys._tables where name = 'abc_6639')
----

query TTTT rowsort
select "name", "query", "type", "remark" from describe_table('sys', 'abc_6639')
----
abc_6639
NULL
TABLE
NULL

query ITTII rowsort
select number, name, type, type_digits, "null" from sys._columns where table_id in (select id from sys._tables where name = 'comments' and system)
----
0
id
int
32
0
1
remark
varchar
65000
0

query TTTT rowsort
select "name", "query", "type", "remark" from describe_table('sys', 'comments')
----
comments
NULL
TABLE
NULL

statement ok
comment on table abc_6639 is ''

query T rowsort
select remark from comments where id in (select id from sys._tables where name = 'abc_6639')
----

query TTTT rowsort
select "name", "query", "type", "remark" from describe_table('sys', 'abc_6639')
----
abc_6639
NULL
TABLE
NULL

statement ok
comment on table abc_6639 is null

query T rowsort
select remark from comments where id in (select id from sys._tables where name = 'abc_6639')
----

query TTTT rowsort
select "name", "query", "type", "remark" from describe_table('sys', 'abc_6639')
----
abc_6639
NULL
TABLE
NULL

statement ok
comment on table abc_6639 is 'abc_rem2'

query T rowsort
select remark from comments where id in (select id from sys._tables where name = 'abc_6639')
----
abc_rem2

query TTTT rowsort
select "name", "query", "type", "remark" from describe_table('sys', 'abc_6639')
----
abc_6639
NULL
TABLE
abc_rem2

statement ok
drop table abc_6639

query T rowsort
select remark from comments where id in (select id from sys._tables where name = 'abc_6639')
----

