statement ok
create table "t1" ("d1" int)

statement ok
insert into "t1" values (1), (2), (3), (4), (5)

query I rowsort
select
    "d1" as "value"
from "t1"
order by "value"
----
1
2
3
4
5

query I rowsort
select
    a."value"
from (
    select
        "d1" as "value"
    from "t1"
    order by "d1"
) as a
----
1
2
3
4
5

query I rowsort
select
    a."value"
from (
    select
        "d1" as "value"
    from "t1"
    order by "value"
) as a
----
1
2
3
4
5

statement ok
drop table t1

