statement ok
START TRANSACTION

statement ok
CREATE TABLE T1 (
  C1 INTEGER,
  C2 INTEGER,
  C3 INTEGER
)

statement ok
INSERT INTO T1
VALUES (1, 2, 3),
       (1, 2, 4),
       (2, 2, 5),
       (1, 3, 6)

query III rowsort
SELECT C1, C2, COUNT(*)
  FROM T1
 GROUP BY C1, C2
HAVING COUNT(*) > 1
----
1
2
2

query III rowsort
SELECT T1.C1, T1.C2, T1.C3
  FROM T1,
       (
	 SELECT C1, C2
	   FROM T1
	  GROUP BY C1, C2
	 HAVING COUNT(*) > 1
       ) X
 WHERE T1.C1 = X.C1 AND T1.C2 = X.C2
----
1
2
3
1
2
4

query III rowsort
SELECT C1, C2, C3
  FROM T1
 WHERE (C1, C2) IN
       (
	 SELECT C1, C2
	   FROM T1
	  GROUP BY C1, C2
	 HAVING COUNT(*) > 1
       )
----
1
2
3
1
2
4

query III rowsort
SELECT C1, C2, C3
  FROM T1
 WHERE (C2, C1) IN
       (
	 SELECT C2, C1
	   FROM T1
	  GROUP BY C1, C2
	 HAVING COUNT(*) > 1
       )
----
1
2
3
1
2
4

query III rowsort
SELECT C1, C2, C3
  FROM T1
 WHERE (C1, C2) IN
       (
	 SELECT T1.C1, T1.C2
	   FROM T1
	  GROUP BY T1.C1, T1.C2
	 HAVING COUNT(*) > 1
       )
----
1
2
3
1
2
4

query III rowsort
SELECT C1, C2, C3
  FROM T1
 WHERE (C1, C2) IN
       (
	 SELECT T.C1, T.C2
	   FROM T1 AS T
	  GROUP BY T.C1, T.C2
	 HAVING COUNT(*) > 1
       )
----
1
2
3
1
2
4

query III rowsort
SELECT C1, C2, C3
  FROM T1
 WHERE (C1, C2) NOT IN
       (
	 SELECT C1, C2
	   FROM T1
	  GROUP BY C1, C2
	 HAVING COUNT(*) = 1
       )
----
1
2
3
1
2
4

statement ok
INSERT INTO T1
VALUES (21, 22, 3),
       (21, 22, 4),
       (22, 22, 5),
       (21, 23, 6)

query III rowsort
SELECT C1, C2, C3
  FROM T1
 WHERE (C1, C2) IN
       (
	 SELECT C1, C2
	   FROM T1
	  GROUP BY C1, C2
	 HAVING COUNT(*) > 1
       )
----
1
2
3
1
2
4
21
22
3
21
22
4

query III rowsort
SELECT C1, C2, C3
  FROM T1
 WHERE (C2, C1) IN
       (
	 SELECT C2, C1
	   FROM T1
	  GROUP BY C1, C2
	 HAVING COUNT(*) > 1
       )
----
1
2
3
1
2
4
21
22
3
21
22
4

query III rowsort
SELECT C1, C2, C3
  FROM T1
 WHERE (C1, C2) IN
       (
	 SELECT T1.C1, T1.C2
	   FROM T1
	  GROUP BY T1.C1, T1.C2
	 HAVING COUNT(*) > 1
       )
----
1
2
3
1
2
4
21
22
3
21
22
4

statement ok
ROLLBACK

