statement ok
CREATE TABLE testnullsa (a boolean, b text, c tinyint, d smallint, e int, f bigint, g real, h double, i blob)

statement ok
INSERT INTO testnullsa VALUES (NULL, NULL, NULL, NULL, NULL, NULL, NULL, NULL, NULL)

query ITIIIITRT rowsort
SELECT a, b, c, d, e, f, g, h, i FROM testnullsa
----
NULL
NULL
NULL
NULL
NULL
NULL
NULL
NULL
NULL

statement ok
DROP TABLE testnullsa

statement ok
CREATE TABLE testnullsb (a date, b time, c time with time zone, d timestamp, e timestamp with time zone, f INTERVAL year to month, g INTERVAL minute to second, h decimal)

statement ok
INSERT INTO testnullsb VALUES (NULL, NULL, NULL, NULL, NULL, NULL, NULL, NULL)

query TTTTTTTR rowsort
SELECT a, b, c, d, e, f, g, h FROM testnullsb
----
NULL
NULL
NULL
NULL
NULL
NULL
NULL
NULL

statement ok
DROP TABLE testnullsb

