statement ok
START TRANSACTION

statement ok
CREATE TABLE "x" (
	"a1"   CHARACTER LARGE OBJECT,
	"a2"   CHARACTER LARGE OBJECT
)

statement ok
COPY 5 RECORDS INTO "x" FROM stdin USING DELIMITERS '|',E'\n','"'
<COPY_INTO_DATA>
"fiets"|"damesfiets"
"fiets"|"herenfiets"
"auto"|"personenwag"
"auto"|"bedrijfsauto"
"auto"|"personenauto"

statement ok
COMMIT

statement ok
START TRANSACTION

statement ok
CREATE TABLE "y" (
	"paramname" CHARACTER LARGE OBJECT,
	"value"     CHARACTER LARGE OBJECT
)

statement ok
COPY 1 RECORDS INTO "y" FROM stdin USING DELIMITERS '|',E'\n','"'
<COPY_INTO_DATA>
"1"|"something"

statement ok
COMMIT

statement ok
start transaction

statement ok
insert into y values ('0','boot')

statement ok
insert into y values ('0','auto')

query I rowsort
select count(*)
from x,
     (select value as a1 from y where paramname='0') as v
where x.a1 = v.a1
----
3

statement ok
rollback

statement ok
start transaction

statement ok
insert into y values ('0','boot'), ('0','auto')

query I rowsort
select count(*)
from x,
     (select value as a1 from y where paramname='0') as v
where x.a1 = v.a1
----
3

statement ok
rollback

statement ok
drop table x

statement ok
drop table y

