statement ok
start transaction

statement ok
create table r2 (a bigint, b bigint, x bigint generated always as identity primary key)

statement ok
insert into r2 (a,b) values (11,21),(12,22),(13,23),(2199023255552,0),(0,2199023255552),(6597069766656,1),(1,6597069766656),(4398046511104,-9223372036854775807),(-9223372036854775807,4398046511104),(1,-9223372036850581504),(-9223372036850581504,1),(-1,9223372036854775807),(9223372036854775807,-1)

statement ok
create table s2 as (select a, b, -x as y from r2 order by x desc) with data

query III rowsort
select * from r2
----
-1
9223372036854775807
12
-9223372036850581504
1
11
-9223372036854775807
4398046511104
9
0
2199023255552
5
1
-9223372036850581504
10
1
6597069766656
7
11
21
1
12
22
2
13
23
3
2199023255552
0
4
4398046511104
-9223372036854775807
8
6597069766656
1
6
9223372036854775807
-1
13

query III rowsort
select * from s2
----
-1
9223372036854775807
-12
-9223372036850581504
1
-11
-9223372036854775807
4398046511104
-9
0
2199023255552
-5
1
-9223372036850581504
-10
1
6597069766656
-7
11
21
-1
12
22
-2
13
23
-3
2199023255552
0
-4
4398046511104
-9223372036854775807
-8
6597069766656
1
-6
9223372036854775807
-1
-13

query IIII rowsort
select * from r2 natural join s2 order by x,y
----
-1
9223372036854775807
12
-12
-9223372036850581504
1
11
-11
-9223372036854775807
4398046511104
9
-9
0
2199023255552
5
-5
1
-9223372036850581504
10
-10
1
6597069766656
7
-7
11
21
1
-1
12
22
2
-2
13
23
3
-3
2199023255552
0
4
-4
4398046511104
-9223372036854775807
8
-8
6597069766656
1
6
-6
9223372036854775807
-1
13
-13

query IIII rowsort
select * from s2 natural join r2 order by x,y
----
-1
9223372036854775807
-12
12
-9223372036850581504
1
-11
11
-9223372036854775807
4398046511104
-9
9
0
2199023255552
-5
5
1
-9223372036850581504
-10
10
1
6597069766656
-7
7
11
21
-1
1
12
22
-2
2
13
23
-3
3
2199023255552
0
-4
4
4398046511104
-9223372036854775807
-8
8
6597069766656
1
-6
6
9223372036854775807
-1
-13
13

statement ok
create table r3 (a bigint, b bigint, c bigint, x bigint generated always as identity primary key)

statement ok
insert into r3 (a,b,c) values (11,21,31),(12,22,32),(13,23,33),(2147483648,0,0),(0,2147483648,0),(0,0,2147483648),(140737488355328,0,0),(0,140737488355328,0),(0,0,140737488355328)

statement ok
create table s3 as (select a, b, c, -x as y from r3 order by x desc) with data

query IIII rowsort
select * from r3
----
0
0
140737488355328
9
0
0
2147483648
6
0
140737488355328
0
8
0
2147483648
0
5
11
21
31
1
12
22
32
2
13
23
33
3
140737488355328
0
0
7
2147483648
0
0
4

query IIII rowsort
select * from s3
----
0
0
140737488355328
-9
0
0
2147483648
-6
0
140737488355328
0
-8
0
2147483648
0
-5
11
21
31
-1
12
22
32
-2
13
23
33
-3
140737488355328
0
0
-7
2147483648
0
0
-4

query IIIII rowsort
select * from r3 natural join s3 order by x,y
----
0
0
140737488355328
9
-9
0
0
2147483648
6
-6
0
140737488355328
0
8
-8
0
2147483648
0
5
-5
11
21
31
1
-1
12
22
32
2
-2
13
23
33
3
-3
140737488355328
0
0
7
-7
2147483648
0
0
4
-4

query IIIII rowsort
select * from s3 natural join r3 order by x,y
----
0
0
140737488355328
-9
9
0
0
2147483648
-6
6
0
140737488355328
0
-8
8
0
2147483648
0
-5
5
11
21
31
-1
1
12
22
32
-2
2
13
23
33
-3
3
140737488355328
0
0
-7
7
2147483648
0
0
-4
4

statement ok
create table r4 (a bigint, b bigint, c bigint, d bigint, x bigint generated always as identity primary key)

statement ok
insert into r4 (a,b,c,d) values (11,21,31,41),(12,22,32,42),(13,23,33,43),(16777216,0,0,0),(0,16777216,0,0),(0,0,16777216,0),(0,0,0,16777216),(1125899906842624,0,0,0),(0,1125899906842624,0,0),(0,0,1125899906842624,0),(0,0,0,1125899906842624)

statement ok
create table s4 as (select a, b, c, d, -x as y from r4 order by x desc) with data

query IIIII rowsort
select * from r4
----
0
0
0
1125899906842624
11
0
0
0
16777216
7
0
0
1125899906842624
0
10
0
0
16777216
0
6
0
1125899906842624
0
0
9
0
16777216
0
0
5
11
21
31
41
1
1125899906842624
0
0
0
8
12
22
32
42
2
13
23
33
43
3
16777216
0
0
0
4

query IIIII rowsort
select * from s4
----
0
0
0
1125899906842624
-11
0
0
0
16777216
-7
0
0
1125899906842624
0
-10
0
0
16777216
0
-6
0
1125899906842624
0
0
-9
0
16777216
0
0
-5
11
21
31
41
-1
1125899906842624
0
0
0
-8
12
22
32
42
-2
13
23
33
43
-3
16777216
0
0
0
-4

query IIIIII rowsort
select * from r4 natural join s4 order by x,y
----
0
0
0
1125899906842624
11
-11
0
0
0
16777216
7
-7
0
0
1125899906842624
0
10
-10
0
0
16777216
0
6
-6
0
1125899906842624
0
0
9
-9
0
16777216
0
0
5
-5
11
21
31
41
1
-1
1125899906842624
0
0
0
8
-8
12
22
32
42
2
-2
13
23
33
43
3
-3
16777216
0
0
0
4
-4

query IIIIII rowsort
select * from s4 natural join r4 order by x,y
----
0
0
0
1125899906842624
-11
11
0
0
0
16777216
-7
7
0
0
1125899906842624
0
-10
10
0
0
16777216
0
-6
6
0
1125899906842624
0
0
-9
9
0
16777216
0
0
-5
5
11
21
31
41
-1
1
1125899906842624
0
0
0
-8
8
12
22
32
42
-2
2
13
23
33
43
-3
3
16777216
0
0
0
-4
4

statement ok
create table r5 (a bigint, b bigint, c bigint, d bigint, e bigint, x bigint generated always as identity primary key)

statement ok
insert into r5 (a,b,c,d,e) values (11,21,31,41,51),(12,22,32,42,52),(13,23,33,43,53),(524288,0,0,0,0),(0,524288,0,0,0),(0,0,524288,0,0),(0,0,0,524288,0),(0,0,0,0,524288),(4503599627370496,0,0,0,0),(0,4503599627370496,0,0,0),(0,0,4503599627370496,0,0),(0,0,0,4503599627370496,0),(0,0,0,0,4503599627370496)

statement ok
create table s5 as (select a, b, c, d, e, -x as y from r5 order by x desc) with data

query IIIIII rowsort
select * from r5
----
0
0
0
0
4503599627370496
13
0
0
0
0
524288
8
0
0
0
4503599627370496
0
12
0
0
0
524288
0
7
0
0
4503599627370496
0
0
11
0
0
524288
0
0
6
0
4503599627370496
0
0
0
10
0
524288
0
0
0
5
11
21
31
41
51
1
12
22
32
42
52
2
13
23
33
43
53
3
4503599627370496
0
0
0
0
9
524288
0
0
0
0
4

query IIIIII rowsort
select * from s5
----
0
0
0
0
4503599627370496
-13
0
0
0
0
524288
-8
0
0
0
4503599627370496
0
-12
0
0
0
524288
0
-7
0
0
4503599627370496
0
0
-11
0
0
524288
0
0
-6
0
4503599627370496
0
0
0
-10
0
524288
0
0
0
-5
11
21
31
41
51
-1
12
22
32
42
52
-2
13
23
33
43
53
-3
4503599627370496
0
0
0
0
-9
524288
0
0
0
0
-4

query IIIIIII rowsort
select * from r5 natural join s5 order by x,y
----
0
0
0
0
4503599627370496
13
-13
0
0
0
0
524288
8
-8
0
0
0
4503599627370496
0
12
-12
0
0
0
524288
0
7
-7
0
0
4503599627370496
0
0
11
-11
0
0
524288
0
0
6
-6
0
4503599627370496
0
0
0
10
-10
0
524288
0
0
0
5
-5
11
21
31
41
51
1
-1
12
22
32
42
52
2
-2
13
23
33
43
53
3
-3
4503599627370496
0
0
0
0
9
-9
524288
0
0
0
0
4
-4

query IIIIIII rowsort
select * from s5 natural join r5 order by x,y
----
0
0
0
0
4503599627370496
-13
13
0
0
0
0
524288
-8
8
0
0
0
4503599627370496
0
-12
12
0
0
0
524288
0
-7
7
0
0
4503599627370496
0
0
-11
11
0
0
524288
0
0
-6
6
0
4503599627370496
0
0
0
-10
10
0
524288
0
0
0
-5
5
11
21
31
41
51
-1
1
12
22
32
42
52
-2
2
13
23
33
43
53
-3
3
4503599627370496
0
0
0
0
-9
9
524288
0
0
0
0
-4
4

statement ok
create table r6 (a bigint, b bigint, c bigint, d bigint, e bigint, f bigint, x bigint generated always as identity primary key)

statement ok
insert into r6 (a,b,c,d,e,f) values (11,21,31,41,51,61),(12,22,32,42,52,62),(13,23,33,43,53,63),(8192,0,0,0,0,0),(0,8192,0,0,0,0),(0,0,8192,0,0,0),(0,0,0,8192,0,0),(0,0,0,0,8192,0),(0,0,0,0,0,8192),(9007199254740992,0,0,0,0,0),(0,9007199254740992,0,0,0,0),(0,0,9007199254740992,0,0,0),(0,0,0,9007199254740992,0,0),(0,0,0,0,9007199254740992,0),(0,0,0,0,0,9007199254740992)

statement ok
create table s6 as (select a, b, c, d, e, f, -x as y from r6 order by x desc) with data

query IIIIIII rowsort
select * from r6
----
105 values hashing to 49ad9553c317d382bf7d3cec2b5b8b9d

query IIIIIII rowsort
select * from s6
----
105 values hashing to b71c96e07d5a0381c1a308d0cb25327a

query IIIIIIII rowsort
select * from r6 natural join s6 order by x,y
----
120 values hashing to ac98d4c3fa90690012987839836c08fa

query IIIIIIII rowsort
select * from s6 natural join r6 order by x,y
----
120 values hashing to 112b1ed72f96c7db82ad1770229e4ebe

statement ok
create table r7 (a bigint, b bigint, c bigint, d bigint, e bigint, f bigint, g bigint, x bigint generated always as identity primary key)

statement ok
insert into r7 (a,b,c,d,e,f,g) values (11,21,31,41,51,61,71),(12,22,32,42,52,62,72),(13,23,33,43,53,63,73),(32768,0,0,0,0,0,0),(0,32768,0,0,0,0,0),(0,0,32768,0,0,0,0),(0,0,0,32768,0,0,0),(0,0,0,0,32768,0,0),(0,0,0,0,0,32768,0),(0,0,0,0,0,0,32768),(36028797018963968,0,0,0,0,0,0),(0,36028797018963968,0,0,0,0,0),(0,0,36028797018963968,0,0,0,0),(0,0,0,36028797018963968,0,0,0),(0,0,0,0,36028797018963968,0,0),(0,0,0,0,0,36028797018963968,0),(0,0,0,0,0,0,36028797018963968)

statement ok
create table s7 as (select a, b, c, d, e, f, g, -x as y from r7 order by x desc) with data

query IIIIIIII rowsort
select * from r7
----
136 values hashing to 48c9393098a4535bf9fb7e35b5b60845

query IIIIIIII rowsort
select * from s7
----
136 values hashing to ec512584d7603ef79d947f442ddda1e3

query IIIIIIIII rowsort
select * from r7 natural join s7 order by x,y
----
153 values hashing to d81a85a615fd5ab44ce7e3bc7678322c

query IIIIIIIII rowsort
select * from s7 natural join r7 order by x,y
----
153 values hashing to e5db94d76d899a2f38afaaeb60b13935

statement ok
create table r8 (a bigint, b bigint, c bigint, d bigint, e bigint, f bigint, g bigint, h bigint, x bigint generated always as identity primary key)

statement ok
insert into r8 (a,b,c,d,e,f,g,h) values (11,21,31,41,51,61,71,81),(12,22,32,42,52,62,72,82),(13,23,33,43,53,63,73,83),(128,0,0,0,0,0,0,0),(0,128,0,0,0,0,0,0),(0,0,128,0,0,0,0,0),(0,0,0,128,0,0,0,0),(0,0,0,0,128,0,0,0),(0,0,0,0,0,128,0,0),(0,0,0,0,0,0,128,0),(0,0,0,0,0,0,0,128),(36028797018963968,0,0,0,0,0,0,0),(0,36028797018963968,0,0,0,0,0,0),(0,0,36028797018963968,0,0,0,0,0),(0,0,0,36028797018963968,0,0,0,0),(0,0,0,0,36028797018963968,0,0,0),(0,0,0,0,0,36028797018963968,0,0),(0,0,0,0,0,0,36028797018963968,0),(0,0,0,0,0,0,0,36028797018963968)

statement ok
create table s8 as (select a, b, c, d, e, f, g, h, -x as y from r8 order by x desc) with data

query IIIIIIIII rowsort
select * from r8
----
171 values hashing to c0e98fe2f1d01b50b05cdbb907753ce6

query IIIIIIIII rowsort
select * from s8
----
171 values hashing to 6f955c9939990addb0f8fa607f039352

query IIIIIIIIII rowsort
select * from r8 natural join s8 order by x,y
----
190 values hashing to 33a7b72b3148892a6fc814dc1973054e

query IIIIIIIIII rowsort
select * from s8 natural join r8 order by x,y
----
190 values hashing to c7cd2d8ff157ca5b2ca8b7bef238edc2

statement ok
create table r9 (a bigint, b bigint, c bigint, d bigint, e bigint, f bigint, g bigint, h bigint, i bigint, x bigint generated always as identity primary key)

statement ok
insert into r9 (a,b,c,d,e,f,g,h,i) values (11,21,31,41,51,61,71,81,91),(12,22,32,42,52,62,72,82,92),(13,23,33,43,53,63,73,83,93),(128,0,0,0,0,0,0,0,0),(0,128,0,0,0,0,0,0,0),(0,0,128,0,0,0,0,0,0),(0,0,0,128,0,0,0,0,0),(0,0,0,0,128,0,0,0,0),(0,0,0,0,0,128,0,0,0),(0,0,0,0,0,0,128,0,0),(0,0,0,0,0,0,0,128,0),(0,0,0,0,0,0,0,0,128),(72057594037927936,0,0,0,0,0,0,0,0),(0,72057594037927936,0,0,0,0,0,0,0),(0,0,72057594037927936,0,0,0,0,0,0),(0,0,0,72057594037927936,0,0,0,0,0),(0,0,0,0,72057594037927936,0,0,0,0),(0,0,0,0,0,72057594037927936,0,0,0),(0,0,0,0,0,0,72057594037927936,0,0),(0,0,0,0,0,0,0,72057594037927936,0),(0,0,0,0,0,0,0,0,72057594037927936)

statement ok
create table s9 as (select a, b, c, d, e, f, g, h, i, -x as y from r9 order by x desc) with data

query IIIIIIIIII rowsort
select * from r9
----
210 values hashing to ee6be02f94e0b87b664c229df666a3f3

query IIIIIIIIII rowsort
select * from s9
----
210 values hashing to a2157c2ffeaee4a603d76cdab7413de9

query IIIIIIIIIII rowsort
select * from r9 natural join s9 order by x,y
----
231 values hashing to 0e6d8126a363bc088efd0ecae3ec6763

query IIIIIIIIIII rowsort
select * from s9 natural join r9 order by x,y
----
231 values hashing to 22ecef9f594e503b5dabece586ca4edc

statement ok
alter table r2 add constraint ab_unique unique (a,b)

statement error
insert into r2 (a,b) values (2199023255552,0)

statement error
select * from r2

statement ok
rollback

