statement ok
start transaction

statement ok
create sequence "other_seq" as integer start with -300 increment by -20 minvalue -580 maxvalue -300

query I rowsort
select get_value_for('sys', 'other_seq')
----
-300

query I rowsort
select next_value_for('sys', 'other_seq')
----
-300

query I rowsort
select next value for "other_seq"
----
-320

statement ok
create table "testme" ("col1" int default next value for "other_seq", "col2" int)

statement ok
insert into "testme" ("col2") values (1)

query I rowsort
select get_value_for('sys', 'other_seq')
----
-360

query I rowsort
select next_value_for('sys', 'other_seq')
----
-360

query I rowsort
select next value for "other_seq"
----
-380

statement ok
alter sequence "other_seq" restart with (select -400)

query I rowsort
select get_value_for('sys', 'other_seq')
----
-400

query I rowsort
select next_value_for('sys', 'other_seq')
----
-400

query I rowsort
select next value for "other_seq"
----
-420

statement ok
insert into "testme"("col2") values (2)

query II rowsort
select "col1", "col2" from "testme"
----
-340
1
-440
2

query I rowsort
select get_value_for('sys', 'other_seq')
----
-460

query I rowsort
select next_value_for('sys', 'other_seq')
----
-460

query I rowsort
select next value for "other_seq"
----
-480

statement ok
insert into "testme"("col2") values (3), (4), (5), (6)

query II rowsort
select "col1", "col2" from "testme"
----
-340
1
-440
2
-500
3
-520
4
-540
5
-560
6

query I rowsort
select get_value_for('sys', 'other_seq')
----
-580

query I rowsort
select next_value_for('sys', 'other_seq')
----
-580

statement error
select next value for "other_seq"

statement ok
rollback

