statement ok
create merge table test1 (a int)

statement ok
create merge table test2 (a int)

statement ok
create table test3 (like test1)

statement ok
create merge table test4 (a int)

statement ok
create table test5 (like test4)

statement ok
insert into test3 values (1)

statement ok
alter table test1 add table test2

statement ok
alter table test2 add table test3

statement error
alter table test2 add table test1

query I rowsort
select a from test1
----
1

query I rowsort
select a from test2
----
1

query I rowsort
select a from test3
----
1

statement ok
alter table test2 add table test4

statement error
alter table test4 add table test1

statement ok
alter table test4 add table test5

query I rowsort
select a from test1
----
1

query I rowsort
select a from test2
----
1

statement ok
alter table test1 drop table test2

statement ok
alter table test2 drop table test3

statement ok
alter table test2 drop table test4

statement error
alter table test4 drop table test1

statement ok
alter table test4 drop table test5

statement ok
drop table test1

statement ok
drop table test2

statement ok
drop table test3

statement ok
drop table test4

statement ok
drop table test5

