statement ok
create procedure test() begin create table x (i int); insert into x values (1), (2); end

statement error
create procedure test() begin create table x as select name from sys.functions with data; end

statement ok
call test()

statement error
select i from x limit 1

query TTTT rowsort
select "name", "query", "type", "remark" from describe_table('sys', 'x')
----

query TTTT rowsort
select "name", "type", "language", "remark" from describe_function('sys', 'test')
----
test
PROCEDURE
NULL
NULL

statement ok
drop procedure test

statement ok
create procedure test() begin create table x as select name from sys.functions with data; end

statement ok
call test()

statement error
select name from x limit 1

query TTTT rowsort
select "name", "query", "type", "remark" from describe_table('sys', 'x')
----

query TTTT rowsort
select "name", "type", "language", "remark" from describe_function('sys', 'test')
----
test
PROCEDURE
NULL
NULL

statement ok
drop procedure test

