statement ok
CREATE TABLE tab0(col0 INTEGER, col1 INTEGER, col2 INTEGER)

statement ok
INSERT INTO tab0 VALUES(83,0,38), (26,0,79), (43,81,24)

query I rowsort
SELECT DISTINCT col2 FROM tab0 GROUP BY col2, col1 HAVING NOT NULL NOT IN ( AVG ( ALL + col1 ) )
----

statement error
SELECT 1 FROM tab0 HAVING tab0.col1 IN ( 1 )

statement error
SELECT 1 FROM tab0 HAVING col1 IN ( 1 )

statement error
SELECT 1 FROM tab0 HAVING NULL IN ( tab0.col2 )

statement error
SELECT DISTINCT tab0.col1 AS col2 FROM tab0 GROUP BY tab0.col1 HAVING NULL NOT IN ( col2 )

query III rowsort
SELECT DISTINCT * FROM tab0 AS cor0 GROUP BY cor0.col1, cor0.col2, cor0.col0
----
26
0
79
43
81
24
83
0
38

query I rowsort
SELECT CAST(SUM(col0) AS BIGINT) FROM tab0 WHERE + + col0 BETWEEN NULL AND + col2
----
NULL

query I rowsort
SELECT CAST(SUM(col0) AS BIGINT) FROM tab0 WHERE + + col0 NOT BETWEEN NULL AND + col2
----
126

query I rowsort
SELECT DISTINCT COUNT(*) FROM tab0 WHERE NOT col2 NOT BETWEEN ( 35 ) AND ( NULL )
----
0

query I rowsort
SELECT CAST(- COUNT(*) * - - 61 + + + ( + COUNT(*) ) AS BIGINT) FROM tab0 WHERE NOT col0 + + 10 BETWEEN NULL AND NULL
----
0

query III rowsort
SELECT ALL * FROM tab0 AS cor0 WHERE col2 BETWEEN NULL AND NULL
----

query I rowsort
SELECT COUNT ( * ) FROM tab0 WHERE NOT col1 NOT BETWEEN NULL AND NULL
----
0

query I rowsort
SELECT - 78 * + MAX ( DISTINCT col2 ) + - 52 AS col1 FROM tab0 AS cor0 WHERE NOT - col0 + col2 NOT BETWEEN ( NULL ) AND NULL
----
NULL

statement ok
DROP TABLE tab0

