statement ok
CREATE TABLE tab0(col0 INTEGER, col1 INTEGER, col2 INTEGER)

statement ok
CREATE TABLE tab1(col0 INTEGER, col1 INTEGER, col2 INTEGER)

statement ok
INSERT INTO tab0 VALUES (83,0,38), (26,0,79), (43,81,24)

statement ok
INSERT INTO tab1 VALUES (22,6,8), (28,57,45), (82,44,71)

query I rowsort
SELECT DISTINCT - COALESCE ( - 86, + cor0.col1, cor0.col1, - cor0.col0 ) AS col2 FROM tab0 AS cor0
----
86

statement error
SELECT DISTINCT - COALESCE ( - 86, + cor0.col1, cor0.col1, - cor0.col0 ) AS col2 FROM tab0 AS cor0 GROUP BY cor0.col2, cor0.col0

statement error
SELECT COALESCE ( - 86, + cor0.col1, cor0.col1, - cor0.col0 ) AS col2 FROM tab0 AS cor0 GROUP BY cor0.col2, cor0.col0

query I rowsort
SELECT ALL + 33 * - COALESCE ( - 86, tab1.col2 ) + + col1 FROM tab1
----
2844
2882
2895

statement error
SELECT ALL + 33 * - COALESCE ( - 86, tab1.col2 ) + + col1 FROM tab1 GROUP BY tab1.col1

statement error
SELECT COALESCE ( - 86, tab1.col2 ) FROM tab1 GROUP BY tab1.col1

query I rowsort
SELECT ALL CAST( + COALESCE ( - cor0.col1, cor0.col1, 63, - cor0.col2 ) * - cor0.col1 AS BIGINT) AS col1 FROM tab0 cor0
----
0
0
6561

statement error
SELECT ALL + COALESCE ( - cor0.col1, cor0.col1, 63, - cor0.col2 ) * - cor0.col1 AS col1 FROM tab0 cor0 GROUP BY cor0.col0, col1

statement error
SELECT ALL + COALESCE ( - cor0.col1, cor0.col1, 63, cor0.col2 ) AS col1 FROM tab0 cor0 GROUP BY cor0.col0, col1

query I rowsort
SELECT CAST(- 38 + - tab1.col1 - tab1.col1 / COALESCE ( + 20, - tab1.col0 ) AS BIGINT) FROM tab1
----
-44
-84
-97

statement error
SELECT - 38 + - tab1.col1 - tab1.col1 / COALESCE ( + 20, - tab1.col0 ) FROM tab1 GROUP BY tab1.col1

statement error
SELECT COALESCE ( + 20, tab1.col0 ) FROM tab1 GROUP BY tab1.col1

query I rowsort
SELECT DISTINCT COALESCE ( - 82, - cor0.col0, - CAST ( NULL AS INTEGER ) ) / - 70 FROM tab0 AS cor0
----
1

statement error
SELECT DISTINCT COALESCE ( - 82, - cor0.col0, - CAST ( NULL AS INTEGER ) ) / - 70 FROM tab0 AS cor0 GROUP BY cor0.col2

statement error
SELECT DISTINCT COALESCE ( - 82, cor0.col0, - CAST ( NULL AS INTEGER ) ) FROM tab0 AS cor0 GROUP BY cor0.col2

statement ok
DROP TABLE tab0

statement ok
DROP TABLE tab1

