statement ok
CREATE TABLE tab0(col0 INTEGER, col1 INTEGER, col2 INTEGER)

statement ok
INSERT INTO tab0 VALUES(83,0,38), (26,0,79), (43,81,24)

query I rowsort
SELECT CAST (- col0 * - + 8 + + + col0 + + + col0 + + + 42 * col0 AS BIGINT) FROM tab0 GROUP BY col0, col0, col1 HAVING NOT 18 + - col0 IN ( + CAST ( + col0 AS INTEGER ) )
----
1352
2236
4316

query I rowsort
SELECT col2 FROM tab0 AS cor0 WHERE NOT 49 + + col1 IS NULL GROUP BY col2, col1 HAVING NOT ( COUNT ( * ) ) BETWEEN + 76 - - col2 AND - CASE NULLIF ( - 39, CAST ( - col1 AS INTEGER ) ) WHEN + 67 * - 30 THEN CAST ( 1 AS INTEGER ) + + COUNT ( * ) * col2 ELSE NULL END
----
24
38
79

statement ok
DROP TABLE tab0

