statement ok
CREATE TABLE tab0(col0 INTEGER, col1 INTEGER, col2 INTEGER)

statement ok
INSERT INTO tab0 VALUES(97,1,99), (15,81,47), (87,21,10)

query I rowsort
SELECT CAST ( - col0 - - - col0 * + CAST ( NULL AS INTEGER ) AS BIGINT ) FROM tab0
----
NULL
NULL
NULL

query I rowsort
SELECT ALL - CAST ( col1 * - 16 * + CAST ( NULL AS INTEGER ) AS BIGINT ) FROM tab0 cor0
----
NULL
NULL
NULL

query I rowsort
SELECT ALL + CAST ( CAST ( NULL AS INTEGER ) / + COUNT ( DISTINCT - 55 ) * + MIN ( DISTINCT 0 ) AS BIGINT ) FROM tab0 AS cor0
----
NULL

statement ok
DROP TABLE tab0

