query I rowsort
SELECT -2 * 50
----
-100

query I rowsort
SELECT ALL - 0 * 36
----
0

query I rowsort
SELECT ALL - 33 + - 77 * 0 AS col1
----
-33

query I rowsort
SELECT + 12 + - 0 * + 70
----
12

query I rowsort
SELECT - ( ( 0 ) ) * 78
----
0

query I rowsort
SELECT ALL - 4 * + 0 * - - 48 col1
----
0

query I rowsort
SELECT - 0 * - 15 AS col0
----
0

query I rowsort
SELECT - 48 * + + 0 + + 94 AS col1
----
94

query I rowsort
SELECT ALL CAST(+ - 32 * - 32 + - - 76 - - - 43 * COUNT ( * ) + - + 84 * 0 * + + 39 + + 44 * + 76 AS BIGINT)
----
4401

query I rowsort
SELECT 38 + - 63 * 0 * - 13 AS col2
----
38

query I rowsort
SELECT 64 + - 0 * 40 AS col1
----
64

query I rowsort
SELECT ALL - 35 * - 0 AS col2
----
0

query I rowsort
SELECT + - 36 * - + 33 * - + 49 * + CASE 50 WHEN - 21 + 0 + - COUNT ( * ) THEN NULL
WHEN + 99 * - 43 + - - 35 THEN - 75 ELSE NULL END * - - 51 * + 0 AS col2; -- NULL
----
NULL

query I rowsort
SELECT - 66 * 0 * - 87 AS col2
----
0

query I rowsort
SELECT CAST(- 13 * - ( + 0 ) + 39 * - COUNT ( * ) * - COUNT ( * ) AS BIGINT) col1
----
39

query I rowsort
SELECT CAST(COUNT ( - + 70 ) - - 99 * - 0 AS BIGINT) AS col2
----
1

query I rowsort
SELECT - ( - - 15 ) + - 53 * - 0
----
-15

query I rowsort
SELECT CAST(- + 22 * + COUNT ( * ) + - - 58 - + 83 * + MAX ( - 94 * 0 ) AS BIGINT)
----
36

query I rowsort
SELECT DISTINCT - 16 + ( + 37 ) - - 56 * - - 11 * - 0 + + MAX ( + 29 ) AS col2
----
50

query I rowsort
SELECT - 54 * + 0
----
0

query II rowsort
SELECT ALL - 30 + + 85, CAST(- ( - + 43 ) - 71 + - 0 * - - 78 + - 78 + - - 47 * - 93 + 32 * + SUM ( 90 ) AS BIGINT) AS col0
----
55
-1597

query I rowsort
SELECT ALL CAST(+ COUNT ( * ) - - + 0 * - 32 AS BIGINT)
----
1

query I rowsort
SELECT CAST(CAST ( NULL AS INTEGER ) - 1 - 1 + 2 * 70 AS BIGINT)
----
NULL

query T rowsort
SELECT ALL - - 11 + 51 + + 32 + 13 - - - NULLIF ( - + 52, + + 19 ) - + ( + + 9 ) + + 44 * - 69 / + - 30 + 24 / - 71 + + CAST ( NULL AS REAL ) * - 72 + - 44 * - + 68 + - + COUNT ( DISTINCT 55 ) AS col1
----
NULL

query T rowsort
SELECT - + 94 * - 81 / + 4 + + 92 * + + CAST ( NULL AS REAL ) * + + 97 * - ( + - COUNT ( * ) ) AS col0
----
NULL

query T rowsort
SELECT 71 * - 59 / - COUNT ( * ) + - 98 * - + 35 / + CAST ( NULL AS REAL ) / - ( + COUNT ( * ) ) AS col0
----
NULL

