statement ok
CREATE TABLE tab1(col0 INTEGER, col1 INTEGER, col2 INTEGER)

statement ok
INSERT INTO tab1 VALUES(51,14,96)

statement ok
INSERT INTO tab1 VALUES(85,5,59)

statement ok
INSERT INTO tab1 VALUES(91,47,68)

query I rowsort
SELECT ALL col1 FROM tab1 WHERE NULL <= NULL
----

query I rowsort
SELECT ALL col1 FROM tab1 WHERE NULL < NULL
----

query I rowsort
SELECT ALL col1 FROM tab1 WHERE NULL > NULL
----

query I rowsort
SELECT ALL col1 FROM tab1 WHERE NULL >= NULL
----

query I rowsort
SELECT ALL col1 FROM tab1 WHERE NULL <> NULL
----

query I rowsort
SELECT ALL col1 FROM tab1 WHERE NULL = NULL
----

statement ok
DROP TABLE tab1

