statement ok
CREATE TABLE tab2(col0 INTEGER, col1 INTEGER, col2 INTEGER)

statement ok
INSERT INTO tab2 VALUES(64,77,40),(75,67,58),(46,51,23)

query III rowsort
SELECT * FROM tab2 WHERE + col2 NOT IN ( + - 59 + + ( 76 ), col1, + CAST ( NULL AS INTEGER ), col1, - 19, col1 )
----

statement ok
DROP TABLE tab2

statement ok
CREATE TABLE CITIES(CITY varchar(50) NULL)

statement ok
INSERT INTO CITIES
	SELECT 'Paris' UNION ALL
	SELECT 'Montreal' UNION ALL
	SELECT 'New York' UNION ALL
	SELECT NULL

query T rowsort
SELECT 'Found Montreal' WHERE 'Montreal' IN (SELECT city from CITIES)
----
Found Montreal

query T rowsort
SELECT 'Found Sydney' WHERE 'Sydney' IN (SELECT city from CITIES)
----

query T rowsort
SELECT 'Sydney Not Found' WHERE 'Sydney' NOT IN (SELECT city from CITIES)
----

query T rowsort
SELECT 'Sydney Not Found' WHERE 'Sydney' NOT IN ('Paris','Montreal','New York')
----
Sydney Not Found

query T rowsort
SELECT 'Sydney Not Found' WHERE 'Sydney' NOT IN ('Paris','Montreal','New York', NULL)
----

query T rowsort
SELECT 'Sydney Not Found' WHERE 'Sydney'<>'Paris' AND 'Sydney'<>'Montreal'
----
Sydney Not Found

query T rowsort
SELECT 'Sydney Not Found' WHERE 'Sydney'<>'Paris' AND 'Sydney'<>'Montreal' AND 'Sydney'<>null
----

query T rowsort
SELECT city from CITIES WHERE city in (select city from CITIES)
----
Montreal
New York
Paris

statement ok
drop table CITIES

