statement ok
CREATE TABLE tab0(col0 INTEGER, col1 INTEGER, col2 INTEGER)

statement ok
CREATE TABLE tab1(col0 INTEGER, col1 INTEGER, col2 INTEGER)

statement ok
CREATE TABLE tab2(col0 INTEGER, col1 INTEGER, col2 INTEGER)

statement ok
INSERT INTO tab0 VALUES (89,91,82), (35,97,1), (24,86,33)

statement ok
INSERT INTO tab1 VALUES (64,10,57), (3,26,54), (80,13,96)

statement ok
INSERT INTO tab2 VALUES (7,31,27), (79,17,38), (78,59,26)

query IIIIIIIII rowsort
SELECT DISTINCT * FROM tab2, tab1 AS cor0 CROSS JOIN tab1 WHERE cor0.col1 NOT BETWEEN tab2.col0 AND ( NULL )
----
162 values hashing to ce440063ed214584fe891f8444687210

query IIIIIIIII rowsort
SELECT ALL * FROM tab1, tab2, tab2 AS cor0 WHERE + tab2.col2 BETWEEN ( tab1.col0 ) AND NULL
----

query IIIIII rowsort
SELECT * FROM tab0, tab2 AS cor0 WHERE ( - tab0.col0 ) BETWEEN ( cor0.col2 ) AND ( NULL )
----

statement ok
DROP TABLE tab0

statement ok
DROP TABLE tab1

statement ok
DROP TABLE tab2

