statement ok
SET TIME ZONE INTERVAL '+00:00' HOUR TO MINUTE

query T rowsort
select timestamp_to_str('2008-03-31 00:00:00', '%Y-%m-%d %H:%M:%S')
----
2008-03-31 00:00:00

query T rowsort
select timestamp_to_str('2008-01-31 00:00:00', '%Y-%m-%d %H:%M:%S')
----
2008-01-31 00:00:00

