statement ok
CREATE TABLE "experiment" (
	"exp_id"    int PRIMARY KEY,
	"user_id"   int,
	"config_id" int,
	"table_id"  int,
	"result_id" int
)

statement ok
CREATE TABLE "tapestry_user" (
	"user_id"    int PRIMARY KEY,
	"name"       varchar(25),
	"email"      varchar(50),
	"createdate" date,
	"passwd"     varchar(50)
)

statement ok
CREATE TABLE "config" (
	"config_id" int PRIMARY KEY,
	"name"      varchar(25),
	"target_id" int,
	"sysinf_id" int
)

statement ok
CREATE TABLE "tapestry_table" (
	"table_id" int PRIMARY KEY,
	"nrrows"   int,
	"nrcols"   int,
	"seed"     int,
	"fast"     int
)

statement ok
CREATE TABLE "result" (
	"result_id"   int PRIMARY KEY,
	"type"        varchar(10),
	"description" varchar(256)
)

statement ok
CREATE TABLE "target" (
	"target_id"  int PRIMARY KEY,
	"name"       varchar(50),
	"permission" varchar(10),
	"comment"    varchar(256)
)

statement ok
CREATE TABLE "sysinf" (
	"sysinf_id"   int PRIMARY KEY,
	"platform_id" int,
	"cpu_id"      int,
	"memory_id"   int,
	"disk_id"     int
)

statement ok
CREATE TABLE "platform" (
	"platform_id" int PRIMARY KEY,
	"name"        varchar(50),
	"comment"     varchar(256)
)

statement ok
CREATE TABLE "cpu" (
	"cpu_id" int PRIMARY KEY,
	"type"   varchar(50)
)

statement ok
CREATE TABLE "memory" (
	"memory_id" int PRIMARY KEY,
	"type"      varchar(50),
	"size"      int
)

statement ok
CREATE TABLE "disk" (
	"disk_id" int PRIMARY KEY,
	"type"    varchar(50),
	"size"    int
)

statement ok
CREATE TABLE "query_walk" (
	"walk_id"   int PRIMARY KEY,
	"begin_x"   int,
	"begin_y"   int,
	"nr_runs"   int,
	"nr_steps"  int,
	"step_size" int,
	"end_x"     int,
	"end_y"     int
)

statement ok
ALTER TABLE "experiment" ADD FOREIGN KEY ("user_id")
	REFERENCES "tapestry_user" ("user_id")

statement ok
ALTER TABLE "experiment" ADD FOREIGN KEY ("config_id")
	REFERENCES "config" ("config_id")

statement ok
ALTER TABLE "experiment" ADD FOREIGN KEY ("table_id")
	REFERENCES "tapestry_table" ("table_id")

statement ok
ALTER TABLE "experiment" ADD FOREIGN KEY ("result_id")
	REFERENCES "result" ("result_id")

statement ok
ALTER TABLE "config" ADD FOREIGN KEY ("target_id")
	REFERENCES "target" ("target_id")

statement ok
ALTER TABLE "config" ADD FOREIGN KEY ("sysinf_id")
	REFERENCES "sysinf" ("sysinf_id")

statement ok
ALTER TABLE "sysinf" ADD FOREIGN KEY ("platform_id")
	REFERENCES "platform" ("platform_id")

statement ok
ALTER TABLE "sysinf" ADD FOREIGN KEY ("cpu_id")
	REFERENCES "cpu" ("cpu_id")

statement ok
ALTER TABLE "sysinf" ADD FOREIGN KEY ("memory_id")
	REFERENCES "memory" ("memory_id")

statement ok
ALTER TABLE "sysinf" ADD FOREIGN KEY ("disk_id")
	REFERENCES "disk" ("disk_id")

query TTTT rowsort
select "name", "query", "type", "remark" from describe_table('sys', 'experiment')
----
experiment
NULL
TABLE
NULL

query TTTT rowsort
select "name", "query", "type", "remark" from describe_table('sys', 'tapestry_user')
----
tapestry_user
NULL
TABLE
NULL

query TTTT rowsort
select "name", "query", "type", "remark" from describe_table('sys', 'config')
----
config
NULL
TABLE
NULL

query TTTT rowsort
select "name", "query", "type", "remark" from describe_table('sys', 'tapestry_table')
----
tapestry_table
NULL
TABLE
NULL

query TTTT rowsort
select "name", "query", "type", "remark" from describe_table('sys', 'result')
----
result
NULL
TABLE
NULL

query TTTT rowsort
select "name", "query", "type", "remark" from describe_table('sys', 'target')
----
target
NULL
TABLE
NULL

query TTTT rowsort
select "name", "query", "type", "remark" from describe_table('sys', 'sysinf')
----
sysinf
NULL
TABLE
NULL

query TTTT rowsort
select "name", "query", "type", "remark" from describe_table('sys', 'platform')
----
platform
NULL
TABLE
NULL

query TTTT rowsort
select "name", "query", "type", "remark" from describe_table('sys', 'cpu')
----
cpu
NULL
TABLE
NULL

query TTTT rowsort
select "name", "query", "type", "remark" from describe_table('sys', 'memory')
----
memory
NULL
TABLE
NULL

query TTTT rowsort
select "name", "query", "type", "remark" from describe_table('sys', 'disk')
----
disk
NULL
TABLE
NULL

query TTTT rowsort
select "name", "query", "type", "remark" from describe_table('sys', 'query_walk')
----
query_walk
NULL
TABLE
NULL

query TTIIITITT rowsort
select * from describe_columns('sys', 'experiment')
----
config_id
int
32
0
1
NULL
2
INTEGER
NULL
exp_id
int
32
0
0
NULL
0
INTEGER
NULL
result_id
int
32
0
1
NULL
4
INTEGER
NULL
table_id
int
32
0
1
NULL
3
INTEGER
NULL
user_id
int
32
0
1
NULL
1
INTEGER
NULL

query TTIIITITT rowsort
select * from describe_columns('sys', 'tapestry_user')
----
createdate
date
0
0
1
NULL
3
DATE
NULL
email
varchar
50
0
1
NULL
2
CHARACTER VARYING(50)
NULL
name
varchar
25
0
1
NULL
1
CHARACTER VARYING(25)
NULL
passwd
varchar
50
0
1
NULL
4
CHARACTER VARYING(50)
NULL
user_id
int
32
0
0
NULL
0
INTEGER
NULL

query TTIIITITT rowsort
select * from describe_columns('sys', 'config')
----
config_id
int
32
0
0
NULL
0
INTEGER
NULL
name
varchar
25
0
1
NULL
1
CHARACTER VARYING(25)
NULL
sysinf_id
int
32
0
1
NULL
3
INTEGER
NULL
target_id
int
32
0
1
NULL
2
INTEGER
NULL

query TTIIITITT rowsort
select * from describe_columns('sys', 'tapestry_table')
----
fast
int
32
0
1
NULL
4
INTEGER
NULL
nrcols
int
32
0
1
NULL
2
INTEGER
NULL
nrrows
int
32
0
1
NULL
1
INTEGER
NULL
seed
int
32
0
1
NULL
3
INTEGER
NULL
table_id
int
32
0
0
NULL
0
INTEGER
NULL

query TTIIITITT rowsort
select * from describe_columns('sys', 'result')
----
description
varchar
256
0
1
NULL
2
CHARACTER VARYING(256)
NULL
result_id
int
32
0
0
NULL
0
INTEGER
NULL
type
varchar
10
0
1
NULL
1
CHARACTER VARYING(10)
NULL

query TTIIITITT rowsort
select * from describe_columns('sys', 'target')
----
comment
varchar
256
0
1
NULL
3
CHARACTER VARYING(256)
NULL
name
varchar
50
0
1
NULL
1
CHARACTER VARYING(50)
NULL
permission
varchar
10
0
1
NULL
2
CHARACTER VARYING(10)
NULL
target_id
int
32
0
0
NULL
0
INTEGER
NULL

query TTIIITITT rowsort
select * from describe_columns('sys', 'sysinf')
----
cpu_id
int
32
0
1
NULL
2
INTEGER
NULL
disk_id
int
32
0
1
NULL
4
INTEGER
NULL
memory_id
int
32
0
1
NULL
3
INTEGER
NULL
platform_id
int
32
0
1
NULL
1
INTEGER
NULL
sysinf_id
int
32
0
0
NULL
0
INTEGER
NULL

query TTIIITITT rowsort
select * from describe_columns('sys', 'platform')
----
comment
varchar
256
0
1
NULL
2
CHARACTER VARYING(256)
NULL
name
varchar
50
0
1
NULL
1
CHARACTER VARYING(50)
NULL
platform_id
int
32
0
0
NULL
0
INTEGER
NULL

query TTIIITITT rowsort
select * from describe_columns('sys', 'cpu')
----
cpu_id
int
32
0
0
NULL
0
INTEGER
NULL
type
varchar
50
0
1
NULL
1
CHARACTER VARYING(50)
NULL

query TTIIITITT rowsort
select * from describe_columns('sys', 'memory')
----
memory_id
int
32
0
0
NULL
0
INTEGER
NULL
size
int
32
0
1
NULL
2
INTEGER
NULL
type
varchar
50
0
1
NULL
1
CHARACTER VARYING(50)
NULL

query TTIIITITT rowsort
select * from describe_columns('sys', 'disk')
----
disk_id
int
32
0
0
NULL
0
INTEGER
NULL
size
int
32
0
1
NULL
2
INTEGER
NULL
type
varchar
50
0
1
NULL
1
CHARACTER VARYING(50)
NULL

query TTIIITITT rowsort
select * from describe_columns('sys', 'query_walk')
----
begin_x
int
32
0
1
NULL
1
INTEGER
NULL
begin_y
int
32
0
1
NULL
2
INTEGER
NULL
end_x
int
32
0
1
NULL
6
INTEGER
NULL
end_y
int
32
0
1
NULL
7
INTEGER
NULL
nr_runs
int
32
0
1
NULL
3
INTEGER
NULL
nr_steps
int
32
0
1
NULL
4
INTEGER
NULL
step_size
int
32
0
1
NULL
5
INTEGER
NULL
walk_id
int
32
0
0
NULL
0
INTEGER
NULL

statement ok
DROP TABLE "query_walk" CASCADE

statement ok
DROP TABLE "disk" CASCADE

statement ok
DROP TABLE "memory" CASCADE

statement ok
DROP TABLE "cpu" CASCADE

statement ok
DROP TABLE "platform" CASCADE

statement ok
DROP TABLE "sysinf" CASCADE

statement ok
DROP TABLE "target" CASCADE

statement ok
DROP TABLE "result" CASCADE

statement ok
DROP TABLE "tapestry_table" CASCADE

statement ok
DROP TABLE "config" CASCADE

statement ok
DROP TABLE "tapestry_user" CASCADE

statement ok
DROP TABLE "experiment" CASCADE

