statement ok
create table t1 (id int)

statement ok
create table t2 (id int)

statement ok
insert into t1 values (1),(2),(3),(4),(5),(6),(7),(8),(9),(10),(11),
	(12),(13),(14),(15),(16),(17),(18),(19),(20)

statement ok
insert into t2 values (1),(2),(3),(4),(5),(6),(7),(8),(9),(10),(11),
	(12),(13),(14),(15),(16),(17),(18),(19),(20)

query I rowsort
select count(*) from t1
----
20

query I rowsort
select count(*) from t2
----
20

query I rowsort
select count(*) from t1, t2
----
400

statement ok
drop table t1

statement ok
drop table t2

