statement ok
create table t1 (id int, primary key(id))

statement ok
create table t2 (id int, t1 int, primary key(id), foreign key (t1) references t1)

statement ok
insert into t1 values (1)

statement ok
insert into t2 values (1, 1)

query I rowsort
select * from t1
----
1

query II rowsort
select * from t2
----
1
1

statement ok
drop table t2

statement ok
drop table t1

