statement ok
create table tab ( att int not null, "null" int not null)

statement ok
insert into tab values (1,2)

statement ok
insert into tab values (3,4)

query II rowsort
select * from tab
----
1
2
3
4

query TI rowsort
SELECT null AS test, "null" AS nullable FROM tab
----
NULL
2
NULL
4

