statement ok
 CREATE TABLE insert_test (
id INT,
txt VARCHAR(32)
)

statement ok
INSERT INTO insert_test VALUES(1, 'foo')

statement ok
INSERT INTO insert_test VALUES(2, 'bar')

query IT rowsort
select * from insert_test
----
1
foo
2
bar

statement ok
INSERT INTO insert_test SELECT 3, txt FROM insert_test
WHERE id=2

query IT rowsort
select * from insert_test
----
1
foo
2
bar
3
bar

