statement ok
create table t11 (str varchar(60))

statement ok
insert into t11 values ('bla')

statement ok
insert into t11 values ('blabla bla')

statement ok
insert into t11 values ('5')

statement ok
insert into t11 values ('bla bla bla bla bla')

statement ok
insert into t11 values ('bladibaldibla')

query TI rowsort
select cast(str as varchar(4)), length(cast(str as varchar(4))) from t11
----
5
1
bla
3
bla 
4
blab
4
blad
4

query TI rowsort
select cast(str as char(4)), length(cast(str as char(4))) from t11
----
5
1
bla
3
bla 
4
blab
4
blad
4

statement ok
drop table t11

