statement ok
START TRANSACTION

statement ok
CREATE TABLE Test (c1 int not null, c2 varchar(255) not null, c3 int not null)

statement ok
INSERT INTO Test VALUES (1, 'asd', 1)

query TIITTT nosort
PREPARE INSERT INTO Test SELECT c1, ?, ? FROM Test
----
varchar
255
0
NULL
NULL
NULL
int
31
0
NULL
NULL
NULL

statement ok
EXEC <LAST_PREPARE_ID>('aa', 2)

statement ok
EXEC <LAST_PREPARE_ID>(10, '9')

query TIITTT nosort
PREPARE INSERT INTO Test SELECT ?, ?, ? FROM Test
----
int
31
0
NULL
NULL
NULL
varchar
255
0
NULL
NULL
NULL
int
31
0
NULL
NULL
NULL

statement ok
EXEC <LAST_PREPARE_ID>(4, 'cc', 3)

statement ok
EXEC <LAST_PREPARE_ID>('11', 12, '13')

query ITI nosort
SELECT c1, c2, c3 FROM Test
----
1
asd
1
1
aa
2
1
10
9
1
10
9
4
cc
3
4
cc
3
4
cc
3
4
cc
3
11
12
13
11
12
13
11
12
13
11
12
13
11
12
13
11
12
13
11
12
13
11
12
13

statement ok
CREATE TABLE Test2 (c1 int not null, c2 varchar(255) not null, c3 varchar(255) null)

statement ok
INSERT INTO Test2 VALUES (1, 'asd', 'asd')

query TIITTT nosort
PREPARE INSERT INTO Test2 SELECT c1, ?, ? FROM Test2
----
varchar
255
0
NULL
NULL
NULL
varchar
255
0
NULL
NULL
NULL

statement ok
EXEC <LAST_PREPARE_ID>('bb', 'aa')

statement ok
EXEC <LAST_PREPARE_ID>(14, 15)

query TIITTT nosort
PREPARE INSERT INTO Test2 SELECT ?, ?, ? FROM Test2
----
int
31
0
NULL
NULL
NULL
varchar
255
0
NULL
NULL
NULL
varchar
255
0
NULL
NULL
NULL

statement ok
EXEC <LAST_PREPARE_ID>(5, 'ee','dd')

statement ok
EXEC <LAST_PREPARE_ID>('16', 17, 18)

query ITT nosort
SELECT c1, c2, c3 FROM Test2
----
1
asd
asd
1
bb
aa
1
14
15
1
14
15
5
ee
dd
5
ee
dd
5
ee
dd
5
ee
dd
16
17
18
16
17
18
16
17
18
16
17
18
16
17
18
16
17
18
16
17
18
16
17
18

statement ok
CREATE TABLE Test3 (c1 int, c2 varchar(255), c3 int)

statement ok
INSERT INTO Test3 VALUES (1, 'asd', 1)

query TIITTT nosort
PREPARE INSERT INTO Test3 SELECT c1, ?, ? FROM Test3
----
varchar
255
0
NULL
NULL
NULL
int
31
0
NULL
NULL
NULL

statement ok
EXEC <LAST_PREPARE_ID>('ff', 6)

statement ok
EXEC <LAST_PREPARE_ID>(19, '20')

query TIITTT nosort
PREPARE INSERT INTO Test3 SELECT ?, ?, ? FROM Test3
----
int
31
0
NULL
NULL
NULL
varchar
255
0
NULL
NULL
NULL
int
31
0
NULL
NULL
NULL

statement ok
EXEC <LAST_PREPARE_ID>(7, 'gg', 8)

statement ok
EXEC <LAST_PREPARE_ID>('21', 22, '23')

query ITI nosort
SELECT c1, c2, c3 FROM Test3
----
1
asd
1
1
ff
6
1
19
20
1
19
20
7
gg
8
7
gg
8
7
gg
8
7
gg
8
21
22
23
21
22
23
21
22
23
21
22
23
21
22
23
21
22
23
21
22
23
21
22
23

statement ok
ROLLBACK

