statement ok
START TRANSACTION

statement ok
CREATE TABLE "t1" ("c0" DECIMAL(18,3),"c1" BINARY LARGE OBJECT NOT NULL,"c2" DECIMAL(18,3),CONSTRAINT "t1_c1_unique" UNIQUE ("c1"))

statement error 42000!Cannot have a parameter (?) for group by column
PREPARE SELECT DISTINCT (SELECT DISTINCT r'|m<v' FROM t1 WHERE ((t1.c0)<(?)) GROUP BY t1.c2, ?), ?, t1.c2 FROM t1 WHERE CAST(? AS BOOLEAN) LIMIT 2103332269785059850

statement ok
ROLLBACK

statement ok
START TRANSACTION

statement ok
CREATE TABLE "t0" ("c0" BOOLEAN NOT NULL)

statement ok
CREATE TABLE "t1" ("c0" DECIMAL(18,3))

statement ok
CREATE TABLE "t2" ("c0" DECIMAL(18,3),"c2" DATE)

query TIITTT nosort
PREPARE (SELECT DISTINCT t0.c0, INTERVAL '1734780053' SECOND FROM t0, t1) UNION ALL (SELECT ?, ? FROM t2)
----
boolean
1
0
(empty)
t0
c0
sec_interval
13
0
(empty)
%1
%1
boolean
1
0
NULL
NULL
NULL
sec_interval
13
0
NULL
NULL
NULL

statement ok
ROLLBACK

statement ok
START TRANSACTION

statement ok
CREATE TABLE "t0" ("c0" DATE,"c2" INTEGER)

statement ok
CREATE TABLE "t1" ("c1" TIMESTAMP,"c2" INTEGER)

statement ok
CREATE TABLE "t2" ("c0" DATE,"c1" TIMESTAMP,"c2" INTEGER)

query TIITTT nosort
PREPARE (SELECT ?, t1.c2 FROM t1, t0 WHERE (SELECT DISTINCT (t1.c2) BETWEEN ASYMMETRIC (?) AND (t1.c2) FROM t1 CROSS JOIN
((SELECT DISTINCT 6.9089063E7, TRUE FROM t2 WHERE TRUE) EXCEPT (SELECT ALL 0.4, FALSE FROM t2, t1 INNER JOIN t0 ON FALSE)) AS sub0 WHERE FALSE)) INTERSECT DISTINCT (SELECT DISTINCT 0.2, ? FROM t0, t2 WHERE ?)
----
decimal
2
1
(empty)
%6
%6
int
31
0
(empty)
t1
c2
decimal
2
1
NULL
NULL
NULL
int
31
0
NULL
NULL
NULL
int
31
0
NULL
NULL
NULL
boolean
1
0
NULL
NULL
NULL

statement ok
ROLLBACK

query TIITTT nosort
-- ? should be set to boolean
PREPARE SELECT 1 WHERE greatest(true, ?)
----
tinyint
1
0
(empty)
%2
%2
boolean
1
0
NULL
NULL
NULL

statement error 42000!Could not determine type for argument number 1
PREPARE SELECT (SELECT ? FROM (select 1) as v1(c0))

statement error 42000!Could not determine type for argument number 1
PREPARE SELECT ?, CASE 'weHtU' WHEN (values (?)) THEN 'G' END

statement error 42000!Cannot have a parameter (?) for IS NOT NULL operator
PREPARE SELECT DISTINCT ?, CAST(CASE least(?, r'weHtU') WHEN ? THEN ? WHEN ? THEN ? WHEN (VALUES (?)) THEN r'G' ELSE ? END AS DATE) WHERE (?) IS NOT NULL LIMIT 519007555986016405

onlyif has-hugeint
query TIITTT nosort
PREPARE SELECT (1 + CAST(l0t0.c0 AS BIGINT)) * 2 FROM (select 1) AS l0t0(c0)
----
hugeint
66
0
(empty)
%3
%3

skipif has-hugeint
query TIITTT nosort
PREPARE SELECT (1 + CAST(l0t0.c0 AS BIGINT)) * 2 FROM (select 1) AS l0t0(c0)
----
bigint
63
0
(empty)
%3
%3

onlyif has-hugeint
query TIITTT nosort
PREPARE SELECT DISTINCT ((((CAST(l0t0.c0 AS INT))-(CAST(? AS BIGINT))))*(3)) FROM (select 1) AS l0t0(c0)
----
hugeint
66
0
(empty)
%3
%3
bigint
63
0
NULL
NULL
NULL

skipif has-hugeint
query TIITTT nosort
PREPARE SELECT DISTINCT ((((CAST(l0t0.c0 AS INT))-(CAST(? AS BIGINT))))*(3)) FROM (select 1) AS l0t0(c0)
----
bigint
63
0
(empty)
%3
%3
bigint
63
0
NULL
NULL
NULL

query TIITTT nosort
PREPARE SELECT round(-'b', ?)
----
double
53
0
(empty)
%2
%2
tinyint
7
0
NULL
NULL
NULL

query TIITTT nosort
PREPARE SELECT sql_max(+ (0.29353363282850464), round(- (sql_min('-Infinity', ?)), ?)) LIMIT 8535194086169274474
----
double
53
0
(empty)
%2
%2
varchar
9
0
NULL
NULL
NULL
tinyint
7
0
NULL
NULL
NULL

onlyif has-hugeint
statement error 42000!types hugeint(127,0) and sec_interval(13,0) are not equal
PREPARE VALUES (CAST(? >> 1.2 AS INTERVAL SECOND)), (interval '1' second)

skipif has-hugeint
statement error 42000!types bigint(63,0) and sec_interval(13,0) are not equal
PREPARE VALUES (CAST(? >> 1.2 AS INTERVAL SECOND)), (interval '1' second)

query TIITTT nosort
PREPARE (SELECT DISTINCT ((CAST(- (CASE r'' WHEN r'tU1' THEN 1739172851 WHEN ? THEN -1313600539 WHEN r'X(' THEN NULL WHEN r')''CD' THEN 95 END) AS BIGINT))&(least(- (-235253756), 64)))
WHERE ((rtrim(r'Z'))LIKE(r'rK'))) UNION ALL (SELECT ALL ? WHERE (12) IS NULL)
----
bigint
63
0
(empty)
%4
%4
varchar
0
0
NULL
NULL
NULL
bigint
63
0
NULL
NULL
NULL

query TIITTT nosort
PREPARE VALUES (CASE WHEN true THEN 5 BETWEEN 4 AND 2 END)
----
boolean
1
0
(empty)
%1
%1

statement ok
START TRANSACTION

statement ok
create view v10(vc0) as (select l0v0.vc0 from (values (1, 2)) as l0v0(vc0, vc1))

query TIITTT nosort
prepare select case when true then false when ? then not exists (select ?, ?, 6) end from v10 as l0v10
----
boolean
1
0
(empty)
%12
%12
boolean
1
0
NULL
NULL
NULL
boolean
1
0
NULL
NULL
NULL
boolean
1
0
NULL
NULL
NULL

statement ok
ROLLBACK

query TIITTT nosort
prepare values (0.34, (values ((select ? from (select 1) as t1(x))))), (3, 2)
----
decimal
3
2
(empty)
%1
%1
tinyint
2
0
(empty)
%2
%2
tinyint
2
0
NULL
NULL
NULL

statement error 42000!SELECT: with DISTINCT ORDER BY expressions must appear in select list
prepare with cte0(c0) as (select 1), cte1(c0,c1,c2) as (select distinct 1, 2, false)
select distinct least('y', (values (''), (''))), 1, (select ? from (select 1) as l1v0(x))
from cte0 as l0cte0, cte1 as l0cte1 order by l0cte0.c0 desc nulls last, l0cte1.c2 desc nulls first

statement error 42000!Cannot have a parameter (?) for group by column
prepare with cte0(c0) as (select 2) select 1 <> all(select 2 from (values (1),(2)) as t1) from cte0 as l0cte0 group by ?

statement error 42000!Cannot have a parameter (?) for order by column
prepare with cte0(c0) as (select 2) select 1 <> all(select 2 from (values (1),(2)) as t1) from cte0 as l0cte0 order by ?

statement ok
START TRANSACTION

statement ok
CREATE FUNCTION myintudf(a INT) RETURNS INT RETURN a + 1

statement ok
PREPARE SELECT myintudf(?)

query I nosort
EXEC <LAST_PREPARE_ID>(1)
----
2

statement ok
ROLLBACK

query TIITTT nosort
PREPARE SELECT "quarter"(date '2021-01-02') IN ("second"(TIME '01:00:00'), (select ? where true))
----
boolean
1
0
(empty)
%7
%7
decimal
9
6
NULL
NULL
NULL

query TIITTT nosort
PREPARE SELECT "quarter"(date '2021-01-02') IN ("second"(TIME '01:00:00'), (select ? where true))
----
boolean
1
0
(empty)
%7
%7
decimal
9
6
NULL
NULL
NULL

statement error 42000!SELECT: no such table returning function 'idontexist'(?, tinyint)
PREPARE SELECT 1 FROM idontexist(?,16)

statement error 42000!Could not determine type for argument number 1
PREPARE WITH x(a) AS (SELECT ?) SELECT x.a FROM x

query TIITTT nosort
PREPARE WITH x(a) AS (SELECT ?) SELECT CAST(x.a AS INT) FROM x
----
int
31
0
(empty)
x
a
int
31
0
NULL
NULL
NULL

statement ok
EXEC <LAST_PREPARE_ID>(1)

statement ok
START TRANSACTION

statement ok
CREATE TABLE t0 (c0 INT)

statement error 42000!Could not determine type for argument number 1
PREPARE WITH x(x) AS (SELECT ?) SELECT 1 FROM x WHERE COALESCE(FALSE, TRUE) OR (SELECT TRUE FROM t0)

statement ok
ROLLBACK

onlyif has-hugeint
query TIITTT nosort
PREPARE WITH y(a,b) AS (SELECT 1, ?) SELECT "json"."filter"(JSON '"a"', y.b) FROM y CROSS JOIN ((SELECT 1, 4) EXCEPT (SELECT 1,2)) x(x,y)
----
json
0
0
(empty)
%10
%10
hugeint
127
0
NULL
NULL
NULL

skipif has-hugeint
query TIITTT nosort
PREPARE WITH y(a,b) AS (SELECT 1, ?) SELECT "json"."filter"(JSON '"a"', y.b) FROM y CROSS JOIN ((SELECT 1, 4) EXCEPT (SELECT 1,2)) x(x,y)
----
json
0
0
(empty)
%10
%10
bigint
63
0
NULL
NULL
NULL

onlyif has-hugeint
query TIITTT nosort
PREPARE WITH y(a,b) AS (SELECT 1, ?) SELECT "json"."filter"(JSON '"a"', y.b) FROM ((SELECT 1, 4) EXCEPT (SELECT 1,2)) x(x,y) CROSS JOIN y
----
json
0
0
(empty)
%10
%10
hugeint
127
0
NULL
NULL
NULL

skipif has-hugeint
query TIITTT nosort
PREPARE WITH y(a,b) AS (SELECT 1, ?) SELECT "json"."filter"(JSON '"a"', y.b) FROM ((SELECT 1, 4) EXCEPT (SELECT 1,2)) x(x,y) CROSS JOIN y
----
json
0
0
(empty)
%10
%10
bigint
63
0
NULL
NULL
NULL

statement error 42000!Cannot rewrite subquery because of parameter with unknown type
PREPARE SELECT 1 FROM (SELECT 1) x(x) LEFT OUTER JOIN (SELECT DISTINCT ?) y(y) ON (SELECT TRUE FROM (SELECT 1) z(z))

statement ok
START TRANSACTION

statement ok
create or replace function mybooludf(a bool) returns bool return a

query TIITTT nosort
PREPARE (SELECT ?) EXCEPT (SELECT 'a' FROM (SELECT 1) x(x) JOIN ((SELECT FALSE) EXCEPT (SELECT ?)) y(y) ON sys.mybooludf(y.y))
----
varchar
1
0
(empty)
%7
%7
varchar
1
0
NULL
NULL
NULL
boolean
1
0
NULL
NULL
NULL

query T rowsort
EXEC <LAST_PREPARE_ID>('b',true)
----
b

statement ok
ROLLBACK

statement error 42000!Could not determine type for argument number 1
-- TODO it requires some internal changes to be able to set types on parameters used as freevars
PREPARE SELECT 1 FROM (SELECT ?) x(x) CROSS JOIN LATERAL (SELECT 1 FROM ((SELECT 1) INTERSECT (SELECT 2)) vx(vx) JOIN (SELECT 1) z(z) ON x.x) w(w)

statement error 42000!Query projection must have at least one parameter with known SQL type
PREPARE SELECT 2 FROM (SELECT DISTINCT 1) z(z) LEFT OUTER JOIN LATERAL (SELECT z.z, ? WHERE TRUE) a(a,b) ON TRUE

statement ok
START TRANSACTION

statement ok
create table deleteall (i integer, j integer)

statement ok
insert into deleteall (select a,a as b from generate_series(cast(1 as integer),10000) as a(a))

statement ok
set optimizer='sequential_pipe'

query TIITTT nosort
prepare select count(*) from deleteall where j in (2001,2007,2016,2028,2037,2047,2053,2059,2063,2067,2076,2087,2094,2099,2110,2115,2124,2135,2142,2147)
----
bigint
63
0
(empty)
%2
%2

query I nosort
EXEC <LAST_PREPARE_ID>()
----
20

statement ok
ROLLBACK

