statement ok
CREATE TABLE delme AS SELECT '0-71' AS wheelsoff

statement ok
INSERT INTO delme VALUES ('1550')

query I nosort
SELECT count(*)  FROM (SELECT wheelsoff FROM delme WHERE wheelsoff NOT LIKE '%-%') AS t WHERE cast(wheelsoff AS int) = 0
----
0

statement ok
CREATE TABLE delme2 AS (SELECT wheelsoff FROM delme WHERE wheelsoff NOT LIKE '%-%')

query I nosort
SELECT count(*)  FROM delme2 WHERE cast(wheelsoff AS int) = 1550
----
1

statement ok
drop table delme2

statement ok
drop table delme

