statement ok
CREATE TABLE t7429(c0 VARCHAR)

statement ok
INSERT INTO t7429 (c0) VALUES ('a'),('b')

query T nosort
SELECT * FROM t7429
----
a
b

query I nosort
SELECT (((CASE (NULL)/(1) WHEN NULL THEN true END)OR(false)) IS NULL) FROM t7429
----
1
1

query T nosort
SELECT * FROM t7429 WHERE (((CASE (NULL)/(1) WHEN NULL THEN true END)OR(false)) IS NULL)
----
a
b

query II nosort
SELECT (CASE (NULL)/(1) WHEN NULL THEN true END), (CASE (NULL)/(1) WHEN NULL THEN true END)OR(false)
----
NULL
NULL

query I nosort
SELECT (CASE (NULL)/(1) WHEN NULL THEN true END)OR(false) FROM t7429
----
NULL
NULL

query T nosort
SELECT * FROM t7429 WHERE NULL
----

query T nosort
SELECT * FROM t7429 WHERE (NULL)OR(false)
----

query T nosort
SELECT * FROM t7429 WHERE (CASE (NULL)/(1) WHEN NULL THEN true END)OR(false)
----

statement ok
DROP TABLE t7429

