statement ok
CREATE TABLE t7430(c0 BOOLEAN, c1 VARCHAR)

statement ok
INSERT INTO t7430 (c0, c1) VALUES (1, 2), (true, 3), (false, 4)

query IT rowsort
SELECT t7430.c0, t7430.c1 FROM t7430
----
0
4
1
2
1
3

query IT rowsort
SELECT t7430.c0, t7430.c1 FROM t7430 WHERE ((t7430.c0)AND(((t7430.c1) IS NOT NULL)))
----
1
2
1
3

query IT rowsort
SELECT c0, c1 FROM t7430 WHERE c0 AND c1 IS NOT NULL
----
1
2
1
3

-- the next index causes a problem
statement ok
CREATE UNIQUE INDEX i0t7430 ON t7430(c0 , c1)

query I rowsort
SELECT ((t7430.c0)AND(((t7430.c1) IS NOT NULL))) FROM t7430
----
0
1
1

query IT rowsort
SELECT t7430.c0, t7430.c1 FROM t7430 WHERE ((t7430.c0)AND(((t7430.c1) IS NOT NULL)))
----
1
2
1
3

query IT rowsort
SELECT c0, c1 FROM t7430 WHERE c0 AND c1 IS NOT NULL
----
1
2
1
3

statement ok
DROP TABLE t7430

