statement ok
CREATE TABLE t0(c0 VARCHAR)

statement ok
INSERT INTO t0 (c0) VALUES ('a');

query T
SELECT t0.c0 FROM t0
----
a

query T
SELECT (1 AND ('' IS DISTINCT FROM t0.c0)) FROM t0
----
True

query T
SELECT t0.c0 FROM t0 WHERE (1 AND ('' IS DISTINCT FROM t0.c0))
----
a
