statement ok
CREATE TABLE  t0 (c0 VARCHAR)

statement ok
CREATE TABLE  t1 (c1 BOOLEAN)

statement ok
INSERT INTO t0(c0) VALUES ('a')

statement ok
INSERT INTO t1(c1) VALUES (true), (true)

query TI nosort
SELECT * FROM t0, t1
----
a
1
a
1

query I nosort
SELECT STARTSWITH(t0.c0, 'a', t1.c1) FROM t0, t1
----
1
1

statement error HY009!Invalid case ignore. Single value expected
SELECT * FROM t0, t1 WHERE STARTSWITH(t0.c0, 'a', t1.c1)

query I nosort
SELECT ENDSWITH(t0.c0, 'a', t1.c1) FROM t0, t1
----
1
1

statement error HY009!Invalid case ignore. Single value expected
SELECT * FROM t0, t1 WHERE ENDSWITH(t0.c0, 'a', t1.c1)
----

query I nosort
SELECT CONTAINS(t0.c0, 'a', t1.c1) FROM t0, t1
----
1
1

statement error HY009!Invalid case ignore. Single value expected
SELECT * FROM t0, t1 WHERE CONTAINS(t0.c0, 'a', t1.c1)

statement ok
DROP TABLE t0

statement ok
DROP TABLE t1

