statement ok
CREATE TABLE t1(c0 BOOLEAN)

statement ok
INSERT INTO t1 (c0) VALUES (true)

query I
SELECT * FROM t1
----
1

query I
SELECT (((t1.c0 NOT IN (true)))=((t1.c0 BETWEEN true AND NULL))) FROM t1
----
NULL

skipif knownfail
query I
SELECT * FROM t1 WHERE (((t1.c0 NOT IN (true)))=((t1.c0 BETWEEN true AND NULL)))
----

statement ok
DROP TABLE t1
