statement ok
CREATE TABLE t0(c0 INT);

statement ok
INSERT INTO t0 ( c0) VALUES (false);

statement ok
CREATE VIEW v0(c0) AS SELECT true FROM t0 WHERE NULL GROUP BY t0.c0, true;

query I
SELECT * FROM v0;
----

query I
SELECT * FROM v0 WHERE true;
----

query I
SELECT * FROM v0 WHERE true UNION ALL SELECT * FROM v0 WHERE (NOT true);
----
