statement ok
create replica table foo_rpl_loc (n int, m text)

statement ok
alter table foo_rpl_loc add table foo_local

statement ok
create replica table bar_rpl_loc (n int, m text)

statement ok
alter table bar_rpl_loc add table bar_local

query T nosort
plan select * from foo_rpl_loc
----
project (
| table("sys"."foo_local") [ "foo_local"."n" NOT NULL as "foo_rpl_loc"."n", "foo_local"."m" NOT NULL as "foo_rpl_loc"."m", "foo_local"."%TID%" NOT NULL UNIQUE as "foo_rpl_loc"."%TID%" ]
) [ "foo_rpl_loc"."n" NOT NULL, "foo_rpl_loc"."m" NOT NULL ]

query T nosort
plan select * from foo_rpl_loc, bar_rpl_loc
----
project (
| crossproduct (
| | table("sys"."foo_local") [ "foo_local"."n" NOT NULL as "foo_rpl_loc"."n", "foo_local"."m" NOT NULL as "foo_rpl_loc"."m", "foo_local"."%TID%" NOT NULL UNIQUE as "foo_rpl_loc"."%TID%" ],
| | table("sys"."bar_local") [ "bar_local"."n" NOT NULL as "bar_rpl_loc"."n", "bar_local"."m" NOT NULL as "bar_rpl_loc"."m", "bar_local"."%TID%" NOT NULL UNIQUE as "bar_rpl_loc"."%TID%" ]
| ) [  ]
) [ "foo_rpl_loc"."n" NOT NULL, "foo_rpl_loc"."m" NOT NULL, "bar_rpl_loc"."n" NOT NULL, "bar_rpl_loc"."m" NOT NULL ]

query ITIT rowsort
select * from foo_rpl_loc, bar_rpl_loc
----
1
again
10
alice
1
again
20
bob
1
again
20
mary
1
again
30
tom
1
hello
10
alice
1
hello
20
bob
1
hello
20
mary
1
hello
30
tom
2
world
10
alice
2
world
20
bob
2
world
20
mary
2
world
30
tom
3
!!
10
alice
3
!!
20
bob
3
!!
20
mary
3
!!
30
tom

query T nosort
plan select * from foo_rpl_loc, buz_rmt
----
project (
| crossproduct (
| | table("sys"."foo_local") [ "foo_local"."n" NOT NULL as "foo_rpl_loc"."n", "foo_local"."m" NOT NULL as "foo_rpl_loc"."m", "foo_local"."%TID%" NOT NULL UNIQUE as "foo_rpl_loc"."%TID%" ],
| | table (
| | | REMOTE("sys"."buz_rmt") [ "buz_rmt"."l" ] REMOTE monetdb://localhost.:50002/node2
| | ) [ "buz_rmt"."l" ]
| ) [  ]
) [ "foo_rpl_loc"."n" NOT NULL, "foo_rpl_loc"."m" NOT NULL, "buz_rmt"."l" ]

