query I nosort
SELECT e(NULL, '')
----
NULL

query I nosort
SELECT e('', NULL)
----
NULL

query I nosort
SELECT e('', '')
----
1

query I nosort
SELECT e('johndoe', '')
----
1

query I nosort
SELECT e('', 'johndoe')
----
0

query I nosort
SELECT e('johndoe', 'doe')
----
1

query I nosort
SELECT e('one two three', 'three')
----
1

query I nosort
SELECT e('Thomas Müller', 'müller')
----
0

# Ⱥ and ⱥ are not the same length in UTF-8 encoding
query I nosort
SELECT e('XXXȺ', 'ⱥ')
----
0

query I nosort
SELECT e('xxxⱥ', 'Ⱥ')
----
0

query I nosort
SELECT e('XXXⱥ', 'ⱥ')
----
1

statement ok
CREATE TABLE foo(f string)

statement ok
CREATE TABLE bar(b string)

statement ok
INSERT INTO foo VALUES ('JOHNLEFT'),('TRASH1'),('TRASH2'),(NULL),(NULL),('TRASH3'),('TRASH4'),('JANERIGHT'),('robertright'),('timup'),(NULL),('lexleft'),('JOELEFT'),(NULL),('TRASH5'),('TRASH6'),('TRASH7'),('TRASH8'),('TRASH9'),('TRASH10')

statement ok
INSERT INTO bar VALUES ('left'),('right'),('up')

query TT rowsort
SELECT * FROM foo,bar WHERE [foo.f] e [bar.b, false]
----
lexleft
left
robertright
right
timup
up

query TT rowsort
SELECT * FROM foo,bar WHERE [foo.f] e [bar.b, true]
----
lexleft
left
robertright
right
timup
up

statement ok
TRUNCATE TABLE foo

statement ok
TRUNCATE TABLE bar

statement ok
INSERT INTO foo VALUES ('Καλή'),('srauschenFrühling'),('Monokel Das grüne'),('Χρονιά Καλή'),('bom dia, Olá'),('Risør'),('Wenn der Ölhahn versiegt'),('Punch-Out!! WITH LYRICS'),('Super Mario Bros. 3 WITH LYRICS'),('καταλαβαίνω Δεν'),('boa tarde, Adeus')

statement ok
INSERT INTO bar VALUES ('Δεν'),('Frühling'),(NULL),('Καλή'),('kαλή'),(NULL),('olá'),('Das grüne'),('WITH LYRICS'),('adeus'),('früh'),('sør')

query TT rowsort
SELECT * FROM foo,bar WHERE [foo.f] e [bar.b]
----
Monokel Das grüne
Das grüne
Punch-Out!! WITH LYRICS
WITH LYRICS
Risør
sør
Super Mario Bros. 3 WITH LYRICS
WITH LYRICS
srauschenFrühling
Frühling
Καλή
Καλή
Χρονιά Καλή
Καλή
καταλαβαίνω Δεν
Δεν

statement ok
DROP TABLE foo

statement ok
DROP TABLE bar
