statement ok
create table foo(x string)

statement ok
insert into foo values ('john'),('jane'),('robert')

statement ok
create table bar(x string)

statement ok
insert into bar values ('joHan'),('aajAne'),('rOObert')

query TT rowsort
select * from foo,bar where [foo.x] minjarowinkler [bar.x, 1];
----
(empty)

query TT rowsort
select * from foo,bar where [foo.x] minjarowinkler [bar.x, 0.5];
----
robert
rOObert
john
aajAne
jane
aajAne
robert
joHan
john
joHan
jane
joHan

query TT rowsort
select * from foo,bar where [foo.x] minjarowinkler [bar.x, 0.8];
----
robert
rOObert
jane
aajAne
john
joHan

statement ok
drop table foo;

statement ok
drop table bar;
