statement ok
START TRANSACTION

statement ok
CREATE TABLE bug6783 (t TIMESTAMP)

statement ok
INSERT INTO bug6783 values (SYS.STR_TO_TIMESTAMP('1970-01-01 00:02:55', '%Y-%m-%d %T'))

query T rowsort
SELECT t - SYS.STR_TO_TIMESTAMP('1970-01-01 00:00:00', '%Y-%m-%d %T') FROM bug6783
----
0:02:55

query T rowsort
SELECT AVG(t - SYS.STR_TO_TIMESTAMP('1970-01-01 00:00:00', '%Y-%m-%d %T')) FROM bug6783
----
0:02:55

statement ok
INSERT INTO bug6783 values (SYS.STR_TO_TIMESTAMP('0', '%s'))

statement ok
ROLLBACK

