statement ok
CREATE TABLE INTERVAL_TBL (f1 interval second)

statement ok
INSERT INTO INTERVAL_TBL (f1) VALUES (interval '1' second)

statement ok
INSERT INTO INTERVAL_TBL (f1) VALUES (interval '2' second)

statement ok
INSERT INTO INTERVAL_TBL (f1) VALUES (interval '3' second)

statement ok
INSERT INTO INTERVAL_TBL (f1) VALUES (interval '4' second)

statement error
SELECT f1, cast(f1 as int), cast(f1 as dec(8,3)), cast(f1 as real) FROM INTERVAL_TBL

query ITTTT rowsort
SELECT count(f1), sum(f1), sum(f1), sum(f1), sum(f1) FROM INTERVAL_TBL
----
4
0:00:10
0:00:10
0:00:10
0:00:10

statement ok
DROP TABLE INTERVAL_TBL

statement ok
CREATE TABLE INTERVAL_TBL (f1 interval month)

statement ok
INSERT INTO INTERVAL_TBL (f1) VALUES (interval '1' month)

statement ok
INSERT INTO INTERVAL_TBL (f1) VALUES (interval '2' month)

statement ok
INSERT INTO INTERVAL_TBL (f1) VALUES (interval '3' month)

statement ok
INSERT INTO INTERVAL_TBL (f1) VALUES (interval '4' month)

statement error
SELECT f1, cast(f1 as int) FROM INTERVAL_TBL

statement error
SELECT f1, cast(f1 as dec(3,0)) FROM INTERVAL_TBL

statement error
SELECT f1, cast(f1 as real) FROM INTERVAL_TBL

query ITTTT rowsort
SELECT count(f1), sum(f1), sum(f1), sum(f1), sum(f1) FROM INTERVAL_TBL
----
4
10
10
10
10

statement ok
DROP TABLE INTERVAL_TBL

