statement ok
START TRANSACTION

statement ok
CREATE TABLE tab0(col0 INTEGER, col1 INTEGER, col2 INTEGER)

statement ok
CREATE TABLE tab1(col0 INTEGER, col1 INTEGER, col2 INTEGER)

statement ok
CREATE TABLE tab2(col0 INTEGER, col1 INTEGER, col2 INTEGER)

statement ok
INSERT INTO tab0 VALUES (97,1,99), (15,81,47),(87,21,10)

statement ok
INSERT INTO tab1 VALUES (51,14,96), (85,5,59), (91,47,68)

statement ok
INSERT INTO tab2 VALUES (64,77,40), (75,67,58),(46,51,23)

query I rowsort
SELECT COUNT ( DISTINCT + 45 ) AS col2 FROM tab0
----
1

query I rowsort
SELECT DISTINCT CAST( - SUM ( DISTINCT 10 ) AS BIGINT) AS col1 FROM tab2
----
-10

query I rowsort
SELECT DISTINCT CAST(49 * + 78 + + COUNT ( DISTINCT + 5 ) AS BIGINT) AS col0 FROM tab1 AS cor0
----
3823

query I rowsort
SELECT CAST(72 + - + COUNT ( * ) - - - COUNT ( DISTINCT + ( - 2 ) ) * + + 57 AS BIGINT) FROM tab2
----
12

query II rowsort
SELECT DISTINCT - 37, - COUNT ( DISTINCT - + 96 ) col1 FROM tab2
----
-37
-1

query II rowsort
SELECT DISTINCT + ( CAST ( NULL AS INTEGER ) ) AS col0, col0 FROM tab0
----
NULL
15
NULL
87
NULL
97

query II rowsort
SELECT DISTINCT CAST ( NULL AS INTEGER ) - - 95 AS col1, CAST(col2 * + + col1 AS BIGINT) AS col1 FROM tab2 AS cor0
----
NULL
1173
NULL
3080
NULL
3886

query II rowsort
SELECT DISTINCT + 14 AS col2, + col0 - - CAST ( NULL AS INTEGER ) AS col2 FROM tab2 AS cor0
----
14
NULL

query II rowsort
SELECT DISTINCT col1, + col0 col1 FROM tab1
----
14
51
47
91
5
85

statement ok
ROLLBACK

