query T rowsort
select timestamp '2119-02-17 02:08:12.345678'
----
2119-02-17 02:08:12.345678

query T rowsort
select date_trunc('microseconds', timestamp '2119-02-17 02:08:12.345678')
----
2119-02-17 02:08:12.345678

query T rowsort
select date_trunc('milliseconds', timestamp '2119-02-17 02:08:12.345678')
----
2119-02-17 02:08:12.345000

query T rowsort
select date_trunc('second', timestamp '2119-02-17 02:08:12.345678')
----
2119-02-17 02:08:12

query T rowsort
select date_trunc('minute', timestamp '2119-02-17 02:08:12.345678')
----
2119-02-17 02:08:00

query T rowsort
select date_trunc('hour', timestamp '2119-02-17 02:08:12.345678')
----
2119-02-17 02:00:00

query T rowsort
select date_trunc('day', timestamp '2119-02-17 02:08:12.345678')
----
2119-02-17 00:00:00

query T rowsort
select date_trunc('week', timestamp '2119-02-17 02:08:12.345678')
----
2119-02-13 00:00:00

query T rowsort
select date_trunc('month', timestamp '2119-02-17 02:08:12.345678')
----
2119-02-01 00:00:00

query T rowsort
select date_trunc('quarter', timestamp '2119-02-17 02:08:12.345678')
----
2119-01-01 00:00:00

query T rowsort
select date_trunc('year', timestamp '2119-02-17 02:08:12.345678')
----
2119-01-01 00:00:00

query T rowsort
select date_trunc('decade', timestamp '2119-02-17 02:08:12.345678')
----
2110-01-01 00:00:00

query T rowsort
select date_trunc('century', timestamp '2119-02-17 02:08:12.345678')
----
2100-01-01 00:00:00

query T rowsort
select date_trunc('millennium', timestamp '2119-02-17 02:08:12.345678')
----
2000-01-01 00:00:00

query T rowsort
select timestamp '1999-12-31 23:59:59.987654'
----
1999-12-31 23:59:59.987654

query T rowsort
select date_trunc('microseconds', timestamp '1999-12-31 23:59:59.987654')
----
1999-12-31 23:59:59.987654

query T rowsort
select date_trunc('milliseconds', timestamp '1999-12-31 23:59:59.987654')
----
1999-12-31 23:59:59.987000

query T rowsort
select date_trunc('second', timestamp '1999-12-31 23:59:59.987654')
----
1999-12-31 23:59:59

query T rowsort
select date_trunc('minute', timestamp '1999-12-31 23:59:59.987654')
----
1999-12-31 23:59:00

query T rowsort
select date_trunc('hour', timestamp '1999-12-31 23:59:59.987654')
----
1999-12-31 23:00:00

query T rowsort
select date_trunc('day', timestamp '1999-12-31 23:59:59.987654')
----
1999-12-31 00:00:00

query T rowsort
select date_trunc('week', timestamp '1999-12-31 23:59:59.987654')
----
1999-12-27 00:00:00

query T rowsort
select date_trunc('month', timestamp '1999-12-31 23:59:59.987654')
----
1999-12-01 00:00:00

query T rowsort
select date_trunc('quarter', timestamp '1999-12-31 23:59:59.987654')
----
1999-10-01 00:00:00

query T rowsort
select date_trunc('year', timestamp '1999-12-31 23:59:59.987654')
----
1999-01-01 00:00:00

query T rowsort
select date_trunc('decade', timestamp '1999-12-31 23:59:59.987654')
----
1990-01-01 00:00:00

query T rowsort
select date_trunc('century', timestamp '1999-12-31 23:59:59.987654')
----
1900-01-01 00:00:00

query T rowsort
select date_trunc('millennium', timestamp '1999-12-31 23:59:59.987654')
----
1000-01-01 00:00:00

