statement ok
start transaction

statement ok
create table dt_tmp( t timestamp)

statement ok
insert into dt_tmp values (timestamp '2119-02-17 02:08:12.345678'), (null)

statement ok
insert into dt_tmp values (timestamp '1999-12-31 23:59:59.987654')

query T rowsort
select * from dt_tmp
----
1999-12-31 23:59:59.987654
2119-02-17 02:08:12.345678
NULL

query T rowsort
select date_trunc('microseconds', t) from dt_tmp
----
1999-12-31 23:59:59.987654
2119-02-17 02:08:12.345678
NULL

query T rowsort
select date_trunc('milliseconds', t) from dt_tmp
----
1999-12-31 23:59:59.987000
2119-02-17 02:08:12.345000
NULL

query T rowsort
select date_trunc('second', t) from dt_tmp
----
1999-12-31 23:59:59
2119-02-17 02:08:12
NULL

query T rowsort
select date_trunc('minute', t) from dt_tmp
----
1999-12-31 23:59:00
2119-02-17 02:08:00
NULL

query T rowsort
select date_trunc('hour', t) from dt_tmp
----
1999-12-31 23:00:00
2119-02-17 02:00:00
NULL

query T rowsort
select date_trunc('day', t) from dt_tmp
----
1999-12-31 00:00:00
2119-02-17 00:00:00
NULL

query T rowsort
select date_trunc('week', t) from dt_tmp
----
1999-12-27 00:00:00
2119-02-13 00:00:00
NULL

query T rowsort
select date_trunc('month', t) from dt_tmp
----
1999-12-01 00:00:00
2119-02-01 00:00:00
NULL

query T rowsort
select date_trunc('quarter', t) from dt_tmp
----
1999-10-01 00:00:00
2119-01-01 00:00:00
NULL

query T rowsort
select date_trunc('year', t) from dt_tmp
----
1999-01-01 00:00:00
2119-01-01 00:00:00
NULL

query T rowsort
select date_trunc('decade', t) from dt_tmp
----
1990-01-01 00:00:00
2110-01-01 00:00:00
NULL

query T rowsort
select date_trunc('century', t) from dt_tmp
----
1900-01-01 00:00:00
2100-01-01 00:00:00
NULL

query T rowsort
select date_trunc('millennium', t) from dt_tmp
----
1000-01-01 00:00:00
2000-01-01 00:00:00
NULL

statement ok
rollback

