query II rowsort
select 1 as T, 2 as T
----
1
2

query II rowsort
select a.* from (select 1 as T, 2 as U) a
----
1
2

query II rowsort
with wa as (select 1 as T, 2 as U) select wa.* from wa
----
1
2

query III rowsort
select 1,2,3 as "L2"
----
1
2
3

query III rowsort
select a.* from (select 1,2,3 as "L2") a
----
1
2
3

query III rowsort
with wa as (select 1,2,3 as "L2") select wa.* from wa
----
1
2
3

