statement ok
CREATE TABLE test2 (
order_number SERIAL,
order_id INTEGER NOT NULL,
qnt INTEGER NOT NULL
)

query TTTT rowsort
select "name", "query", "type", "remark" from describe_table('sys', 'test2')
----
test2
NULL
TABLE
NULL

statement ok
COPY 5 RECORDS INTO test2 FROM stdin USING DELIMITERS '|',E'\n'
<COPY_INTO_DATA>
1|32|57
2|15|105
3|33|0
4|57|20
5|67|134
;

query III rowsort
SELECT * FROM test2
----
1
32
57
2
15
105
3
33
0
4
57
20
5
67
134

statement ok
CREATE TABLE test1 (
id INTEGER NOT NULL,
qnt INTEGER,
order_number INTEGER NOT NULL,
CONSTRAINT pk_test1_id PRIMARY KEY ("id", "qnt"),
CONSTRAINT pk_order_number FOREIGN KEY ("order_number") REFERENCES
test2("order_number")
)

query TTTT rowsort
select "name", "query", "type", "remark" from describe_table('sys', 'test1')
----
test1
NULL
TABLE
NULL

query III rowsort
SELECT test2.order_id,
test2.qnt, test2.order_number from test2
----
15
105
2
32
57
1
33
0
3
57
20
4
67
134
5

statement ok
INSERT INTO test1 (id, qnt, order_number) SELECT test2.order_id,
test2.qnt, test2.order_number from test2

query III rowsort
SELECT * FROM test1
----
15
105
2
32
57
1
33
0
3
57
20
4
67
134
5

statement ok
CREATE TABLE test3 (id, qnt, order_number) AS SELECT test2.order_id,
test2.qnt, test2.order_number from test2

query TTTT rowsort
select "name", "query", "type", "remark" from describe_table('sys', 'test3')
----
test3
NULL
TABLE
NULL

query III rowsort
SELECT * FROM test3
----
15
105
2
32
57
1
33
0
3
57
20
4
67
134
5

statement ok
ALTER TABLE test3 ALTER id SET NOT NULL

statement ok
ALTER TABLE test3 ALTER order_number SET NOT NULL

statement ok
ALTER TABLE test3 ADD CONSTRAINT pk_test3_id PRIMARY KEY ("id", "qnt")

statement ok
ALTER TABLE test3 ADD CONSTRAINT fk_order_number FOREIGN KEY ("order_number") REFERENCES
test2("order_number")

query TTTT rowsort
select "name", "query", "type", "remark" from describe_table('sys', 'test3')
----
test3
NULL
TABLE
NULL

statement ok
DROP TABLE test3

statement ok
DROP TABLE test1

statement ok
DROP TABLE test2

