statement ok
start transaction

statement ok
create table dummy4("key" varchar(32), val int)

statement ok
insert into dummy4 values('AAAAAAAA',1),('BBBBBBBBB',2)

statement ok
create table dummy5("key" varchar(32), val int)

statement ok
insert into dummy5 values('CCCCCCCC',3),('DDDDDDDD',4)

statement ok
create table dummy6 as select "key", dummy4.val as "val4", dummy5.val as "val5" from dummy4 full outer join dummy5 using ("key")

query TTTI rowsort
select t.name as "table_name", c.name as "column_name", c.type, c.type_digits
from sys.tables t join sys.columns c on c.table_id = t.id where t.name = 'dummy6'
----
dummy6
key
varchar
32
dummy6
val4
int
32
dummy6
val5
int
32

statement ok
create table dummy7 as select "key", val as "val4", val as "val5" from dummy4 natural full outer join dummy5

query TTTI rowsort
select t.name as "table_name", c.name as "column_name", c.type, c.type_digits
from sys.tables t join sys.columns c on c.table_id = t.id where t.name = 'dummy7'
----
dummy7
key
varchar
32
dummy7
val4
int
32
dummy7
val5
int
32

statement ok
create table dummy8 as select dummy4."key" as "key4", dummy5."key" as "key5", dummy4.val as "val4", dummy5.val as "val5" from dummy4 full outer join dummy5 ON dummy4."key" = dummy5."key"

query TTTI rowsort
select t.name as "table_name", c.name as "column_name", c.type, c.type_digits
from sys.tables t join sys.columns c on c.table_id = t.id where t.name = 'dummy8'
----
dummy8
key4
varchar
32
dummy8
key5
varchar
32
dummy8
val4
int
32
dummy8
val5
int
32

statement ok
rollback

