statement ok
create table test_6722  (part string, qty double)

statement ok
insert into test_6722 values ('a', 18), ('a', 13),('a', 16),('b', 15),('b', 16),('c', 17),('c', 18),('c', 12),('d', 12),('d', 12)

query IITR rowsort
select
 dense_rank() over (order by part, qty) as rank_id,
 row_number() over (order by part, qty) as row_id,
 *
from test_6722
order by part, qty
----
1
1
a
13.000
2
2
a
16.000
3
3
a
18.000
4
4
b
15.000
5
5
b
16.000
6
6
c
12.000
7
7
c
17.000
8
8
c
18.000
9
10
d
12.000
9
9
d
12.000

query ITRI rowsort
select
 (dense_rank() over (order by part, qty)) as rank_id,
 *,
 (row_number() over (order by part, qty)) as row_id
from test_6722
order by part, qty
----
1
a
13.000
1
2
a
16.000
2
3
a
18.000
3
4
b
15.000
4
5
b
16.000
5
6
c
12.000
6
7
c
17.000
7
8
c
18.000
8
9
d
12.000
10
9
d
12.000
9

query TRII rowsort
select
 *,
 (dense_rank() over (order by part, qty)) as rank_id,
 (row_number() over (order by part, qty)) as row_id
from test_6722
order by part, qty
----
a
13.000
1
1
a
16.000
2
2
a
18.000
3
3
b
15.000
4
4
b
16.000
5
5
c
12.000
6
6
c
17.000
7
7
c
18.000
8
8
d
12.000
9
10
d
12.000
9
9

statement ok
drop table test_6722

