statement ok
start transaction

statement ok
create table r(a1 string, a2 string)

statement ok
insert into r values ('a','b'), ('a','b'), ('b','a')

query TT rowsort
SELECT DISTINCT a1,a2 FROM r
----
a
b
b
a

query TT rowsort
SELECT DISTINCT
    CASE WHEN a1 > a2 THEN a2 ELSE a1 END as c1,
    CASE WHEN a1 < a2 THEN a2 ELSE a1 END as c2
FROM r
----
a
b

statement ok
rollback

