statement ok
create sequence seq as int

query I rowsort
select get_value_for('sys','seq')
----
1

query I rowsort
select get_value_for('sys','seq')
----
1

query I rowsort
select next_value_for('sys','seq')
----
1

query I rowsort
select next_value_for('sys','seq')
----
2

query I rowsort
select get_value_for('sys','seq')
----
3

query I rowsort
select get_value_for('sys','seq')
----
3

query I rowsort
select next_value_for('sys','seq')
----
3

query I rowsort
select get_value_for('sys','seq')
----
4

query I rowsort
SELECT NEXT VALUE FOR sys.seq
----
4

query I rowsort
select get_value_for('sys','seq')
----
5

statement ok
drop sequence seq

statement ok
start transaction

statement ok
create sequence seq as int

query I rowsort
select get_value_for('sys','seq')
----
1

query I rowsort
select get_value_for('sys','seq')
----
1

query I rowsort
select next_value_for('sys','seq')
----
1

query I rowsort
select next_value_for('sys','seq')
----
2

query I rowsort
select get_value_for('sys','seq')
----
3

query I rowsort
select get_value_for('sys','seq')
----
3

query I rowsort
select next_value_for('sys','seq')
----
3

query I rowsort
select get_value_for('sys','seq')
----
4

query I rowsort
SELECT NEXT VALUE FOR sys.seq
----
4

query I rowsort
select get_value_for('sys','seq')
----
5

statement ok
rollback

