statement ok
start transaction

statement ok
create sequence seq

statement ok
create sequence seq1 AS int

statement ok
create sequence seq2 START WITH 2

statement ok
create sequence seq3 INCREMENT BY 3

statement ok
create sequence seq4 MINVALUE 4

statement ok
create sequence seq5 NO MINVALUE

statement ok
create sequence seq6 MAXVALUE 6

statement ok
create sequence seq7 NO MAXVALUE

statement ok
create sequence seq8 CACHE 8

statement ok
create sequence seq9 NO CYCLE

statement ok
create sequence seq0 CYCLE

query TIIIIII rowsort
select name, start, minvalue, maxvalue, increment, cacheinc, cycle from sequences
where name in ('seq')
----
seq
1
0
9223372036854775807
1
1
0

query TIIIIII rowsort
select name, start, minvalue, maxvalue, increment, cacheinc, cycle from sequences
where name in ('seq0')
----
seq0
1
0
9223372036854775807
1
1
1

query TIIIIII rowsort
select name, start, minvalue, maxvalue, increment, cacheinc, cycle from sequences
where name in ('seq1')
----
seq1
1
0
9223372036854775807
1
1
0

query TIIIIII rowsort
select name, start, minvalue, maxvalue, increment, cacheinc, cycle from sequences
where name in ('seq2')
----
seq2
2
0
9223372036854775807
1
1
0

query TIIIIII rowsort
select name, start, minvalue, maxvalue, increment, cacheinc, cycle from sequences
where name in ('seq3')
----
seq3
1
0
9223372036854775807
3
1
0

query TIIIIII rowsort
select name, start, minvalue, maxvalue, increment, cacheinc, cycle from sequences
where name in ('seq4')
----
seq4
4
4
9223372036854775807
1
1
0

query TIIIIII rowsort
select name, start, minvalue, maxvalue, increment, cacheinc, cycle from sequences
where name in ('seq5')
----
seq5
1
-9223372036854775807
9223372036854775807
1
1
0

query TIIIIII rowsort
select name, start, minvalue, maxvalue, increment, cacheinc, cycle from sequences
where name in ('seq6')
----
seq6
1
0
6
1
1
0

query TIIIIII rowsort
select name, start, minvalue, maxvalue, increment, cacheinc, cycle from sequences
where name in ('seq7')
----
seq7
1
0
9223372036854775807
1
1
0

query TIIIIII rowsort
select name, start, minvalue, maxvalue, increment, cacheinc, cycle from sequences
where name in ('seq8')
----
seq8
1
0
9223372036854775807
1
8
0

query TIIIIII rowsort
select name, start, minvalue, maxvalue, increment, cacheinc, cycle from sequences
where name in ('seq9')
----
seq9
1
0
9223372036854775807
1
1
0

statement ok
rollback

statement error
create sequence seq6 MAXVALUE -3

