statement ok
start transaction

statement ok
create table "testTable1" (
	"A" varchar(255),
	"B" varchar(255)
)

statement ok
insert into "testTable1" values ('Cat1', 'Cat1')

statement ok
insert into "testTable1" values ('Cat2', 'Cat2')

statement ok
insert into "testTable1" values ('Cat3', 'Cat1')

statement ok
create table "testTable2" (
	"A" varchar (255),
	"B" double
)

statement ok
insert into "testTable2" values ('Cat1', 2)

statement ok
insert into "testTable2" values ('Cat2', 3)

statement ok
insert into "testTable2" values ('Cat2', 4)

statement ok
insert into "testTable2" values (null, null)

query TTI rowsort
select "A", "B", (
      select count(1)
      from "testTable1" "inner"
      where ("inner"."B" = "outer"."A")
) from "testTable1" "outer"
order by "A", "B"
----
Cat1
Cat1
2
Cat2
Cat2
1
Cat3
Cat1
0

query TTI rowsort
select "A", "B", (
      select count(*)
      from "testTable1" "inner"
      where ("inner"."B" = "outer"."A")
) from "testTable1" "outer"
order by "A", "B"
----
Cat1
Cat1
2
Cat2
Cat2
1
Cat3
Cat1
0

query TTI rowsort
select "A", "B", (
	select count(1)
	from "testTable1" "inner"
	where ("inner"."B" = "outer"."A") and ("outer"."A" is not null)
) from "testTable1" "outer"
order by "A", "B"
----
Cat1
Cat1
2
Cat2
Cat2
1
Cat3
Cat1
0

query TTI rowsort
select "A", "B", (
	select count(*)
	from "testTable1" "inner"
	where ("inner"."B" = "outer"."A") and ("outer"."A" is not null)
) from "testTable1" "outer"
order by "A", "B"
----
Cat1
Cat1
2
Cat2
Cat2
1
Cat3
Cat1
0

query TRR rowsort
select "A", "B", (
	select sum("B")
	from "testTable2" "inner"
	where (
         "inner"."A" = "outer"."A" or
         ("inner"."A" is null and  "outer"."A" is null)
      )
) from "testTable2" "outer"
order by "A", "B"
----
Cat1
2.000
2.000
Cat2
3.000
7.000
Cat2
4.000
7.000
NULL
NULL
NULL

query TRR rowsort
select "A", "B", (
	select sum("B")
	from "testTable2" "inner"
	where (
         "inner"."A" = "outer"."A" or
         ("inner"."A" is null and  "outer"."A" is null)
      ) and ("A" = 'Cat7')
) from "testTable2" "outer"
order by "A", "B"
----
Cat1
2.000
NULL
Cat2
3.000
NULL
Cat2
4.000
NULL
NULL
NULL
NULL

query TRR rowsort
select "A", "B", (
	select sum("B")
	from "testTable2" "inner"
	where (
         "inner"."A" = "outer"."A" or
         ("inner"."A" is null and  "outer"."A" is null)
      ) and (true = false)
) from "testTable2" "outer"
order by "A", "B"
----
Cat1
2.000
NULL
Cat2
3.000
NULL
Cat2
4.000
NULL
NULL
NULL
NULL

statement ok
rollback

