statement ok
create table books(i integer, j json)

statement ok
insert into books values( 1, ' {
    "book":
      { "category": "reference",
        "author": "Nigel Rees",
        "title": "Sayings of the Century",
        "price": 8.95
      }}')

statement ok
insert into books values( 2, ' {
    "book":
      { "category": "fiction",
        "author": "Evelyn Waugh",
        "title": "Sword of Honour",
        "price": 12.99
      }}')

statement ok
insert into books values( 3, ' {
    "book":
      { "category": "fiction",
        "author": "Herman Melville",
        "title": "Moby Dick",
        "isbn": "0-553-21311-3",
        "price": 8.99
      }}')

statement ok
insert into books values( 3, ' {
    "book":
      { "category": "fiction",
        "author": "J. R. R. Tolkien",
        "title": "The Lord of the Rings",
        "isbn": "0-395-19395-8",
        "price": 22.99
      }}')

query IT rowsort
select * from books
----
1
{"book":{"category":"reference","author":"Nigel Rees","title":"Sayings of the Century","price":8.95}}
2
{"book":{"category":"fiction","author":"Evelyn Waugh","title":"Sword of Honour","price":12.99}}
3
{"book":{"category":"fiction","author":"Herman Melville","title":"Moby Dick","isbn":"0-553-21311-3","price":8.99}}
3
{"book":{"category":"fiction","author":"J. R. R. Tolkien","title":"The Lord of the Rings","isbn":"0-395-19395-8","price":22.99}}

query T rowsort
SELECT json.filter(j,'book.author') FROM books
----
"Evelyn Waugh"
"Herman Melville"
"J. R. R. Tolkien"
"Nigel Rees"

query T rowsort
SELECT json.text(json.filter(j,'book.author')) FROM books
----
Evelyn Waugh
Herman Melville
J. R. R. Tolkien
Nigel Rees

query IT rowsort
SELECT * FROM books
WHERE json.text(json.filter(j,'book.author')) = 'Nigel Rees'
----
1
{"book":{"category":"reference","author":"Nigel Rees","title":"Sayings of the Century","price":8.95}}

query IT rowsort
SELECT * FROM books
WHERE json.text(json.filter(j,'..author')) = 'Nigel Rees'
----
1
{"book":{"category":"reference","author":"Nigel Rees","title":"Sayings of the Century","price":8.95}}

query IT rowsort
SELECT * FROM books
WHERE json.number(json.filter(j,'book.price')) >= 12.99
----
2
{"book":{"category":"fiction","author":"Evelyn Waugh","title":"Sword of Honour","price":12.99}}
3
{"book":{"category":"fiction","author":"J. R. R. Tolkien","title":"The Lord of the Rings","isbn":"0-395-19395-8","price":22.99}}

query IT rowsort
SELECT * FROM books
WHERE json.number(json.filter(j,'..price')) >= 12.99
----
2
{"book":{"category":"fiction","author":"Evelyn Waugh","title":"Sword of Honour","price":12.99}}
3
{"book":{"category":"fiction","author":"J. R. R. Tolkien","title":"The Lord of the Rings","isbn":"0-395-19395-8","price":22.99}}

query IT rowsort
SELECT * FROM books
WHERE json.text(j) like '%Tolkien%'
----
3
{"book":{"category":"fiction","author":"J. R. R. Tolkien","title":"The Lord of the Rings","isbn":"0-395-19395-8","price":22.99}}

statement ok
drop table books

