statement ok
CREATE TABLE antitest01 (
id    INTEGER      NOT NULL,
col1  VARCHAR(10)  NOT NULL,
col2  INTEGER      NOT NULL
) 

statement ok
CREATE TABLE antitest02 (
id    INTEGER      NOT NULL,
col1  VARCHAR(10)  NOT NULL,
col2  INTEGER      NOT NULL
) 

statement ok
INSERT INTO antitest01 VALUES (10,'ABC',21) 

statement ok
INSERT INTO antitest01 VALUES (11,'ABD',22) 

statement ok
INSERT INTO antitest01 VALUES (12,'ABE',23) 

statement ok
INSERT INTO antitest01 VALUES (13,'ABF',24) 

statement ok
INSERT INTO antitest01 VALUES (14,'ABC',25) 

statement ok
INSERT INTO antitest01 VALUES (15,'ABD',26) 

statement ok
INSERT INTO antitest01 VALUES (16,'ABE',27) 

statement ok
INSERT INTO antitest01 VALUES (17,'ABD',28) 

statement ok
INSERT INTO antitest01 VALUES (18,'ABE',29) 

statement ok
INSERT INTO antitest01 VALUES (19,'ABF',30) 

statement ok
insert into antitest02 select  * from antitest01 order by id, col2

query ITI rowsort
select * from antitest01
----
10
ABC
21
11
ABD
22
12
ABE
23
13
ABF
24
14
ABC
25
15
ABD
26
16
ABE
27
17
ABD
28
18
ABE
29
19
ABF
30

query ITI rowsort
select * from antitest01
where id <> 14
----
10
ABC
21
11
ABD
22
12
ABE
23
13
ABF
24
15
ABD
26
16
ABE
27
17
ABD
28
18
ABE
29
19
ABF
30

query ITI rowsort
select * from antitest01
where id between 14 and 16
----
14
ABC
25
15
ABD
26
16
ABE
27

query ITI rowsort
select * from antitest01
where id not between 14 and 16
----
10
ABC
21
11
ABD
22
12
ABE
23
13
ABF
24
17
ABD
28
18
ABE
29
19
ABF
30

query ITI rowsort
select * from antitest02
----
10
ABC
21
11
ABD
22
12
ABE
23
13
ABF
24
14
ABC
25
15
ABD
26
16
ABE
27
17
ABD
28
18
ABE
29
19
ABF
30

query ITI rowsort
select * from antitest02
where id <> 14
----
10
ABC
21
11
ABD
22
12
ABE
23
13
ABF
24
15
ABD
26
16
ABE
27
17
ABD
28
18
ABE
29
19
ABF
30

query ITI rowsort
select * from antitest02
where id between 14 and 16
----
14
ABC
25
15
ABD
26
16
ABE
27

query ITI rowsort
select * from antitest02
where id not between 14 and 16
----
10
ABC
21
11
ABD
22
12
ABE
23
13
ABF
24
17
ABD
28
18
ABE
29
19
ABF
30

statement ok
drop table antitest01

statement ok
drop table antitest02

