statement ok
create table coalescetest (id int,
                   age int,
                   name varchar(20))

statement ok
insert into coalescetest values (1,20,'a')

statement ok
insert into coalescetest(id,age) values (2,26)

statement ok
insert into coalescetest(id,name) values (3,'c')

statement ok
insert into coalescetest(id) values (4)

query R rowsort
select avg(coalesce(age,38)) from coalescetest
----
30.500

query IT rowsort
select id, coalesce(name,'user unknown') from coalescetest
----
1
a
2
user unknown
3
c
4
user unknown

query IT rowsort
select id, coalesce(age,'age unknown') from coalescetest
----
1
20
2
26
3
age unknown
4
age unknown

query II rowsort
select id, coalesce(age,-1) from coalescetest
----
1
20
2
26
3
-1
4
-1

query IT rowsort
select id, coalesce(name, age, 'unknown') from coalescetest
----
1
a
2
26
3
c
4
unknown

query T rowsort
SELECT COALESCE(NULL,'x')
----
x

query ITI rowsort
select id, name, age from coalescetest where coalesce(name,'unknown') LIKE 'unknown'
----
2
NULL
26
4
NULL
NULL

query ITI rowsort
select id, name, age from coalescetest where coalesce(id, 0) < coalesce(age, 1) and coalesce(name,'unknown') LIKE 'unknown'
----
2
NULL
26

statement ok
insert into coalescetest(id,name) values (3,'hello this is a test')

query IT rowsort
select id, coalesce(name, age, 'unknown') from coalescetest
----
1
a
2
26
3
c
3
hello this is a test
4
unknown

statement ok
drop table coalescetest

