statement ok
START TRANSACTION

statement ok
CREATE TABLE t1default (
  id INT,
  text1 VARCHAR(32),
  text2 VARCHAR(32) NOT NULL,
  text3 VARCHAR(32) DEFAULT 'foo',
  text4 VARCHAR(32) NOT NULL DEFAULT 'foo'
)

statement ok
INSERT INTO t1default VALUES(1, 'test1', 'test2', 'test3', 'test4')

statement ok
INSERT INTO t1default (id, text2) VALUES(2, 'test2')

statement ok
INSERT INTO t1default (text2) VALUES('test2')

query ITTTT rowsort
select * from t1default
----
1
test1
test2
test3
test4
2
NULL
test2
foo
foo
NULL
NULL
test2
foo
foo

statement ok
commit

statement error
INSERT INTO t1default (id) VALUES(1)

statement error
INSERT INTO t1default (text1) VALUES('test1')

statement error
INSERT INTO t1default (id, text3) VALUES(1, 'test3')

statement error
INSERT INTO t1default (id, text1, text3, text4) VALUES(1, 'test1', 'test3', 'test4')

statement error
INSERT INTO t1default (id, text1, text2, text3, text4) VALUES(1, 'test1', 'test2', 'test3', NULL)

query ITTTT rowsort
select * from t1default
----
1
test1
test2
test3
test4
2
NULL
test2
foo
foo
NULL
NULL
test2
foo
foo

statement ok
drop table t1default

