statement ok
create table example ( val1 integer, val2 varchar(10), val3 float )

statement ok
create view example_view as select * from example

statement ok
insert into example values( 1, 'test', 0.1 )

statement ok
insert into example values( 5, 'xtest', 0.9 )

statement ok
insert into example values( 9, 'testx', 9.1 )

statement ok
insert into example values( 0, 'texst', 99999.1 )

statement ok
insert into example values( 8, 'texxst', 0.0001 )

query ITR rowsort
select * from example order by val1, val2
----
0
texst
99999.100
1
test
0.100
5
xtest
0.900
8
texxst
0.000
9
testx
9.100

query ITR rowsort
select * from example_view order by val1, val2
----
0
texst
99999.100
1
test
0.100
5
xtest
0.900
8
texxst
0.000
9
testx
9.100

statement ok
insert into example values( 1, 'test', 0.1 )

statement ok
insert into example values( 5, 'xtest', 0.9 )

statement ok
insert into example values( 9, 'testx', 9.1 )

statement ok
insert into example values( 0, 'texst', 99999.1 )

statement ok
insert into example values( 8, 'texxst', 0.0001 )

query ITR nosort
select * from example order by val1, val2
----
0
texst
99999.100
0
texst
99999.100
1
test
0.100
1
test
0.100
5
xtest
0.900
5
xtest
0.900
8
texxst
0.000
8
texxst
0.000
9
testx
9.100
9
testx
9.100

query ITR nosort
select * from example_view order by val1, val2
----
0
texst
99999.100
0
texst
99999.100
1
test
0.100
1
test
0.100
5
xtest
0.900
5
xtest
0.900
8
texxst
0.000
8
texxst
0.000
9
testx
9.100
9
testx
9.100

statement ok
drop view example_view

statement ok
drop table example

