statement ok
create function f1()
RETURNS int
BEGIN
	return 0;
END

statement ok
create function f1(id int)
RETURNS int
BEGIN
	return 0;
END

statement ok
create function f2(id int)
RETURNS int
BEGIN
	return 0;
END

statement ok
create function f3(id int, name varchar(1024))
RETURNS int
BEGIN
	return 0;
END

query T rowsort
select name from functions where name = 'f1' or name = 'f2' or name = 'f3'
----
f1
f1
f2
f3

statement error
DROP FUNCTION f1

query T rowsort
select name from functions where name = 'f1' or name = 'f2' or name = 'f3'
----
f1
f1
f2
f3

statement ok
DROP FUNCTION f1()

query T rowsort
select name from functions where name = 'f1' or name = 'f2' or name = 'f3'
----
f1
f2
f3

statement error
DROP FUNCTION f2 (int, varchar(1024))

query T rowsort
select name from functions where name = 'f1' or name = 'f2' or name = 'f3'
----
f1
f2
f3

statement ok
DROP FUNCTION f2 (int)

query T rowsort
select name from functions where name = 'f1' or name = 'f2' or name = 'f3'
----
f1
f3

statement ok
DROP FUNCTION f3 (int, varchar(1024))

query T rowsort
select name from functions where name = 'f1' or name = 'f2' or name = 'f3'
----
f1

statement ok
create function f1()
RETURNS int
BEGIN
	return f1(3);
END

statement ok
DROP ALL FUNCTION f1

statement error
DROP ALL FUNCTION f1 CASCADE

query T rowsort
select name from functions where name = 'f1' or name = 'f2' or name = 'f3'
----

