statement ok
create table tmp(i int)

statement ok
insert into tmp values(1)

statement ok
insert into tmp values(null)

query I rowsort
select * from tmp where i in (1)
----
1

query I rowsort
select * from tmp where i in (2,1)
----
1

query I rowsort
select i in (NULL,1) from tmp
----
1
NULL

statement error
select i in (1,'a') from tmp

statement ok
drop table tmp

