
query T
select inet6 '::1'
----
::1

query T
select inet6 '::1:0'
----
::1:0

query T
select inet6 '1111:2222:3333:4444:5555:6666:7777:8888'
----
1111:2222:3333:4444:5555:6666:7777:8888

query T
select inet6 '1111:0:0:4444:5555:0:0:8888'
----
1111::4444:5555:0:0:8888

query T
select inet6 '1111:2222:3333:4444:5555:0:0:0'
----
1111:2222:3333:4444:5555::

query T
select inet6 'ffee:ddcc:bbaa:9988:7766:5544:3322:1100'
----
ffee:ddcc:bbaa:9988:7766:5544:3322:1100

