statement ok
START TRANSACTION

statement ok
CREATE TABLE liketable (
	str varchar(20)
)

statement ok
INSERT INTO liketable VALUES ('')

statement ok
INSERT INTO liketable VALUES ('t')

statement ok
INSERT INTO liketable VALUES ('ts')

statement ok
INSERT INTO liketable VALUES ('tsz')

statement ok
INSERT INTO liketable VALUES ('a math assignment')

statement ok
INSERT INTO liketable VALUES ('pathfinder is fun!')

statement ok
INSERT INTO liketable VALUES ('123123123')

statement ok
INSERT INTO liketable VALUES ('123123456123')

statement ok
INSERT INTO liketable VALUES ('199993456123')

statement ok
INSERT INTO liketable VALUES ('123456123456')

statement ok
INSERT INTO liketable VALUES ('123454321')

query T rowsort
SELECT * FROM liketable
----
(empty)
123123123
123123456123
123454321
123456123456
199993456123
a math assignment
pathfinder is fun!
t
ts
tsz

query T rowsort
SELECT * FROM liketable WHERE str LIKE 't_'
----
ts

query T rowsort
SELECT * FROM liketable WHERE str LIKE '%math%'
----
a math assignment

query T rowsort
SELECT * FROM liketable WHERE str LIKE 'a%math%'
----
a math assignment

query T rowsort
SELECT * FROM liketable WHERE str LIKE 'a_math%'
----
a math assignment

query T rowsort
SELECT * FROM liketable WHERE str LIKE '%m_th_a%t'
----
a math assignment

query T rowsort
SELECT * FROM liketable WHERE str LIKE '%at%_!'
----
pathfinder is fun!

query T rowsort
SELECT * FROM liketable WHERE str LIKE '1%'
----
123123123
123123456123
123454321
123456123456
199993456123

query T rowsort
SELECT * FROM liketable WHERE str LIKE '3%'
----

query T rowsort
SELECT * FROM liketable WHERE str LIKE '%1'
----
123454321

query T rowsort
SELECT * FROM liketable WHERE str LIKE '%3'
----
123123123
123123456123
199993456123

query T rowsort
SELECT * FROM liketable WHERE str LIKE '1%1'
----
123454321

query T rowsort
SELECT * FROM liketable WHERE str LIKE '1%3'
----
123123123
123123456123
199993456123

query T rowsort
SELECT * FROM liketable WHERE str LIKE '3%1'
----

query T rowsort
SELECT * FROM liketable WHERE str LIKE '3%3'
----

query T rowsort
SELECT * FROM liketable WHERE str LIKE '%1%'
----
123123123
123123456123
123454321
123456123456
199993456123

query T rowsort
SELECT * FROM liketable WHERE str LIKE '%12%'
----
123123123
123123456123
123454321
123456123456
199993456123

query T rowsort
SELECT * FROM liketable WHERE str LIKE '%13%'
----

query T rowsort
SELECT * FROM liketable WHERE str LIKE '%454%'
----
123454321

query T rowsort
SELECT * FROM liketable WHERE str LIKE '%2%2%'
----
123123123
123123456123
123454321
123456123456

query T rowsort
SELECT * FROM liketable WHERE str LIKE '_2_3%123'
----

query T rowsort
SELECT * FROM liketable WHERE str LIKE '_123%3'
----

query T rowsort
SELECT * FROM liketable WHERE str LIKE '%1_3456%'
----
123123456123
123456123456

query T rowsort
SELECT * FROM liketable WHERE str LIKE '_3456%'
----

query T rowsort
SELECT * FROM liketable WHERE str LIKE '%23'
----
123123123
123123456123
199993456123

query T rowsort
SELECT * FROM liketable WHERE str LIKE '%' ESCAPE '?'
----
(empty)
123123123
123123456123
123454321
123456123456
199993456123
a math assignment
pathfinder is fun!
t
ts
tsz

query T rowsort
SELECT * FROM liketable WHERE str LIKE '?%' ESCAPE '?'
----

query T rowsort
SELECT * FROM liketable WHERE str LIKE '.%' ESCAPE '.'
----

query T rowsort
SELECT * FROM liketable WHERE str LIKE '..' ESCAPE '.'
----

query T rowsort
SELECT * FROM liketable WHERE str LIKE 'tt' ESCAPE 't'
----
t

statement ok
drop table liketable

statement ok
ROLLBACK

