statement ok
start transaction

statement ok
create table t3(id int, val int)

statement ok
insert into t3 values(2,6)

statement ok
insert into t3 values(2,NULL)

statement ok
insert into t3 values(2,5)

statement ok
insert into t3 values(1,NULL)

statement ok
insert into t3 values(1,5)

statement ok
insert into t3 values(1,6)

statement ok
insert into t3 values(NULL,5)

statement ok
insert into t3 values(NULL,6)

statement ok
insert into t3 values(NULL,NULL)

statement ok
commit

query I rowsort
select val from t3 order by val
----
5
5
5
6
6
6
NULL
NULL
NULL

query I rowsort
select id from t3 order by id
----
1
1
1
2
2
2
NULL
NULL
NULL

query II rowsort
select * from t3 order by val,id
----
1
5
1
6
1
NULL
2
5
2
6
2
NULL
NULL
5
NULL
6
NULL
NULL

query II rowsort
select * from t3 order by id,val
----
1
5
1
6
1
NULL
2
5
2
6
2
NULL
NULL
5
NULL
6
NULL
NULL

statement error
select sum(*) from t3

statement error
select sum(*),val from t3 group by val 

statement ok
drop table t3

