statement ok
start transaction

statement ok
create table t3(id int, val int)

statement ok
insert into t3 values(2,6)

statement ok
insert into t3 values(2,NULL)

statement ok
insert into t3 values(2,5)

statement ok
insert into t3 values(1,NULL)

statement ok
insert into t3 values(1,5)

statement ok
insert into t3 values(1,6)

statement ok
insert into t3 values(NULL,5)

statement ok
insert into t3 values(NULL,6)

statement ok
insert into t3 values(NULL,NULL)

statement ok
commit

query I nosort
select val from t3 order by val
----
NULL
NULL
NULL
5
5
5
6
6
6

query I nosort
select id from t3 order by id
----
NULL
NULL
NULL
1
1
1
2
2
2

query II nosort
select * from t3 order by val,id
----
NULL
NULL
1
NULL
2
NULL
NULL
5
1
5
2
5
NULL
6
1
6
2
6

query II nosort
select * from t3 order by id,val
----
NULL
NULL
NULL
5
NULL
6
1
NULL
1
5
1
6
2
NULL
2
5
2
6

statement error
select sum(*) from t3

statement error
select sum(*),val from t3 group by val

statement ok
drop table t3

