statement ok
start transaction

statement ok
create table t1marcin1(id int, val int)

statement ok
create table t2marcin2(id int, val int)

statement ok
insert into t1marcin1 values(1,1)

statement ok
insert into t1marcin1 values(2,2)

statement ok
insert into t1marcin1 values(3,3)

statement ok
insert into t1marcin1 values(4,4)

statement ok
insert into t1marcin1 values(5,5)

statement ok
insert into t2marcin2 values(1,3)

statement ok
insert into t2marcin2 values(2,2)

statement ok
insert into t2marcin2 values(3,1)

statement ok
commit

query IIII rowsort
select * from t1marcin1,t2marcin2 order by t1marcin1.id, t1marcin1.val, t2marcin2.id, t2marcin2.val
----
1
1
1
3
1
1
2
2
1
1
3
1
2
2
1
3
2
2
2
2
2
2
3
1
3
3
1
3
3
3
2
2
3
3
3
1
4
4
1
3
4
4
2
2
4
4
3
1
5
5
1
3
5
5
2
2
5
5
3
1

query II rowsort
select t1marcin1.id,t2marcin2.id from t1marcin1,t2marcin2 where t1marcin1.id<>t2marcin2.id
----
1
2
1
3
2
1
2
3
3
1
3
2
4
1
4
2
4
3
5
1
5
2
5
3

query II rowsort
select t1marcin1.id,t2marcin2.id from t1marcin1,t2marcin2 where t1marcin1.id>t2marcin2.id
----
2
1
3
1
3
2
4
1
4
2
4
3
5
1
5
2
5
3

query II rowsort
select t1marcin1.id, (select t2marcin2.id from t2marcin2 where t1marcin1.id=t2marcin2.id) from t1marcin1
----
1
1
2
2
3
3
4
NULL
5
NULL

query II rowsort
select t1marcin1.id, (select t2marcin2.id from t2marcin2 where t2marcin2.id>2) from t1marcin1
----
1
3
2
3
3
3
4
3
5
3

query IIII rowsort
select * from t2marcin2,t1marcin1 where t1marcin1.id=t2marcin2.id
----
1
3
1
1
2
2
2
2
3
1
3
3

query IIII rowsort
select * from t1marcin1,t2marcin2 where t1marcin1.id=t2marcin2.id
----
1
1
1
3
2
2
2
2
3
3
3
1

query II rowsort
select * from t2marcin2
----
1
3
2
2
3
1

query II rowsort
select t2marcin2.* from t2marcin2
----
1
3
2
2
3
1

query II rowsort
select * from t1marcin1 where id>2
----
3
3
4
4
5
5

query II rowsort
select * from t1marcin1 where id>2 and id<2
----

statement ok
start transaction

statement ok
drop table t1marcin1

statement ok
drop table t2marcin2

statement ok
commit

