statement ok
create table meditbl(medi MEDIUMINT)

query TTIIITI nosort
select c.name, c.type, c.type_digits, c.type_scale, c."null", c."default", c.number from sys._columns c, sys._tables t, sys.schemas s where c.table_id = t.id and t.schema_id = s.id and t.name = 'meditbl' and s.name = 'sys' order by c.number
----
medi
int
32
0
1
NULL
0

statement ok
INsert into meditbl values (0), (1), (-1), (32767), (-32767), (8388607), (-8388607), (2147483647), (-2147483647), (NULL)

statement error
INsert into meditbl values (2147483648)

statement error
INsert into meditbl values (-2147483648)

query I rowsort
select * from meditbl order by 1
----
-1
-2147483647
-32767
-8388607
0
1
2147483647
32767
8388607
NULL

statement ok
drop table meditbl

