statement ok
CREATE TABLE test02 (
id    INTEGER      NOT NULL,
col1  VARCHAR(10)  NOT NULL,
col2  INTEGER      NOT NULL
) 

statement ok
INSERT INTO test02 VALUES (10,'ABC',21) 

statement ok
INSERT INTO test02 VALUES (11,'ABD',22) 

statement ok
INSERT INTO test02 VALUES (12,'ABE',23) 

statement ok
INSERT INTO test02 VALUES (13,'ABF',24) 

statement ok
INSERT INTO test02 VALUES (14,'ABC',25) 

statement ok
INSERT INTO test02 VALUES (15,'ABD',26) 

statement ok
INSERT INTO test02 VALUES (16,'ABE',27) 

statement ok
INSERT INTO test02 VALUES (17,'ABD',28) 

statement ok
INSERT INTO test02 VALUES (18,'ABE',29) 

statement ok
INSERT INTO test02 VALUES (19,'ABF',30) 

query T nosort
PLAN select col1
from test02
group by col1
order by count(col1), col1
----
project (
| group by (
| | table("sys"."test02") [ "test02"."col1" NOT NULL ]
| ) [ "test02"."col1" NOT NULL ] [ "test02"."col1" NOT NULL, "sys"."count"() NOT NULL as "%1"."%1" ]
) [ "test02"."col1" NOT NULL ] [ "%1"."%1" ASC NOT NULL, "test02"."col1" ASC NOT NULL ]

query T rowsort
select col1
from test02
group by col1
order by count(col1), col1
----
ABC
ABD
ABE
ABF

statement ok
drop table test02

