statement ok
create table t1 (id int)

statement ok
create PROCEDURE p1()
BEGIN
	declare id int;
	set id = 0;
END

statement ok
create PROCEDURE p1(id int)
BEGIN
	insert into t1 values(id);
END

statement ok
create PROCEDURE p2(id int)
BEGIN
	set id = 0;
END

statement ok
create PROCEDURE p3(id int, name varchar(1024))
BEGIN
	declare id2 int;
	set id2 = 0;
END

query T rowsort
select name from functions where name = 'p1' or name = 'p2' or name = 'p3'
----
p1
p1
p2
p3

statement error
DROP PROCEDURE p1

query T rowsort
select name from functions where name = 'p1' or name = 'p2' or name = 'p3'
----
p1
p1
p2
p3

statement ok
DROP PROCEDURE p1()

query T rowsort
select name from functions where name = 'p1' or name = 'p2' or name = 'p3'
----
p1
p2
p3

statement error
DROP PROCEDURE p2 (int, varchar(1024))

query T rowsort
select name from functions where name = 'p1' or name = 'p2' or name = 'p3'
----
p1
p2
p3

statement ok
DROP PROCEDURE p2 (int)

query T rowsort
select name from functions where name = 'p1' or name = 'p2' or name = 'p3'
----
p1
p3

statement ok
DROP PROCEDURE p3 (int, varchar(1024))

query T rowsort
select name from functions where name = 'p1' or name = 'p2' or name = 'p3'
----
p1

statement ok
create PROCEDURE p1()
BEGIN
	declare id int;
	set id = 1;
	call p1(1);
END

statement ok
call p1()

query I rowsort
select * from t1
----
1

statement error
DROP table t1

statement ok
DROP ALL PROCEDURE p1

statement error
DROP ALL PROCEDURE p1 CASCADE

statement ok
DROP table t1

query T rowsort
select name from functions where name = 'p1' or name = 'f1'
----

statement ok
create PROCEDURE p1()
BEGIN
	declare id int;
	set id = 0;
END

statement error
DROP FUNCTION p1

statement error
DROP FUNCTION p1 ()

statement error
DROP ALL FUNCTION p1

query T rowsort
select name from functions where name = 'p1' or name = 'p2' or name = 'p3'
----
p1

statement ok
DROP PROCEDURE p1

