statement ok
START TRANSACTION

statement ok
CREATE SEQUENCE "mytest" AS int

query TTIIIIII rowsort
SELECT q.name, s.name, q."start", q."minvalue", q."maxvalue",	q."increment", q.cacheinc, q."cycle"  FROM SEQUENCES q, SCHEMAS s where s.id = q.schema_id
----
mytest
sys
1
0
0
1
1
0

query I rowsort
SELECT NEXT VALUE FOR "mytest"
----
1

query I rowsort
SELECT NEXT VALUE FOR "mytest"
----
2

query TTIIIIII rowsort
SELECT q.name, s.name, q."start", q."minvalue", q."maxvalue",	q."increment", q.cacheinc, q."cycle"  FROM SEQUENCES q, SCHEMAS s where s.id = q.schema_id
----
mytest
sys
1
0
0
1
1
0

statement ok
ALTER SEQUENCE "mytest" RESTART WITH 10

query TTIIIIII rowsort
SELECT q.name, s.name, q."start", q."minvalue", q."maxvalue",	q."increment", q.cacheinc, q."cycle"  FROM SEQUENCES q, SCHEMAS s where s.id = q.schema_id
----
mytest
sys
10
0
0
1
1
0

query I rowsort
SELECT NEXT VALUE FOR "mytest"
----
10

query I rowsort
SELECT NEXT VALUE FOR "mytest"
----
11

query TTIIIIII rowsort
SELECT q.name, s.name, q."start", q."minvalue", q."maxvalue",	q."increment", q.cacheinc, q."cycle"  FROM SEQUENCES q, SCHEMAS s where s.id = q.schema_id
----
mytest
sys
10
0
0
1
1
0

statement ok
DROP SEQUENCE "mytest"

statement ok
ROLLBACK

