statement ok
start transaction

statement ok
create table savepointtest ( id int, primary key(id))

query I rowsort
select * from savepointtest
----

statement ok
savepoint name1

statement ok
insert into savepointtest values(1), (2), (3)

query I rowsort
select * from savepointtest
----
1
2
3

statement ok
savepoint name2

statement ok
insert into savepointtest values(4), (5), (6)

query I rowsort
select * from savepointtest
----
1
2
3
4
5
6

statement ok
rollback to savepoint name2

query I rowsort
select * from savepointtest
----
1
2
3

statement ok
insert into savepointtest values(7), (8), (9)

statement ok
savepoint name3

query I rowsort
select * from savepointtest
----
1
2
3
7
8
9

statement ok
rollback to savepoint name1

query I rowsort
select * from savepointtest
----

statement ok
commit

query I rowsort
select * from savepointtest
----

query T rowsort
select 'test'
----
test

statement ok
start transaction

query I rowsort
select * from savepointtest
----

statement ok
insert into savepointtest values(10), (11), (12)

statement ok
savepoint name4

query I rowsort
select * from savepointtest
----
10
11
12

statement ok
insert into savepointtest values(13), (14), (15)

statement ok
savepoint name5

query I rowsort
select * from savepointtest
----
10
11
12
13
14
15

statement ok
release savepoint name4

query I rowsort
select * from savepointtest
----
10
11
12
13
14
15

statement ok
commit

statement ok
start transaction

query I rowsort
select * from savepointtest
----
10
11
12
13
14
15

statement ok
drop table savepointtest

statement ok
commit

statement error
select * from savepointtest

