statement ok
start transaction

statement ok
create table savepointtest (id int, primary key(id))

query I rowsort
select * from savepointtest
----

statement ok
savepoint name1

statement ok
insert into savepointtest values(1), (2), (3)

query I rowsort
select * from savepointtest
----
1
2
3

statement ok
savepoint name2

statement ok
insert into savepointtest values(4), (5), (6)

query I rowsort
select * from savepointtest
----
1
2
3
4
5
6

statement ok
insert into savepointtest values(7), (8), (9)

statement ok
savepoint name3

query I rowsort
select * from savepointtest
----
1
2
3
4
5
6
7
8
9

statement ok
release savepoint name1

query I rowsort
select * from savepointtest
----
1
2
3
4
5
6
7
8
9

statement error
rollback to savepoint name1

statement error
select * from savepointtest

statement error
commit

