query T rowsort
SELECT '#' || lpad('hi', 7) || '#'
----
#     hi#

query T rowsort
SELECT '#' || lpad('hixyäbcdef', 7) || '#'
----
#hixyäbc#

query T rowsort
SELECT '#' || lpad('hi', 7, 'xya') || '#'
----
#xyaxyhi#

query T rowsort
SELECT '#' || lpad('hi', 7, 'xyä') || '#'
----
#xyäxyhi#

query T rowsort
SELECT '#' || lpad('hi', 7, 'xy颖äbcdef') || '#'
----
#xy颖äbhi#

query T rowsort
SELECT '#' || lpad('hi颖xyäbcdef', 7, 'lmn') || '#'
----
#hi颖xyäb#

query T rowsort
SELECT '#' || rpad('hi', 7) || '#'
----
#hi     #

query T rowsort
SELECT '#' || rpad('hixyäbcdef', 7) || '#'
----
#hixyäbc#

query T rowsort
SELECT '#' || rpad('hi', 7, 'xya') || '#'
----
#hixyaxy#

query T rowsort
SELECT '#' || rpad('hi', 7, 'xyä') || '#'
----
#hixyäxy#

query T rowsort
SELECT '#' || rpad('hi', 7, 'xy颖äbcdef') || '#'
----
#hixy颖äb#

query T rowsort
SELECT '#' || rpad('hi颖xyäbcdef', 7, 'lmn') || '#'
----
#hi颖xyäb#

statement ok
CREATE TABLE p (s VARCHAR(20), n int)

statement ok
INSERT INTO p VALUES ('hi', 10), ('hixyäbcdef', 7)

query T rowsort
SELECT '#' || lpad(s, 5) || '#' FROM p
----
#   hi#
#hixyä#

query T rowsort
SELECT '#' || lpad(s, n) || '#' FROM p
----
#        hi#
#hixyäbc#

query T rowsort
SELECT '#' || rpad(s, 5) || '#' FROM p
----
#hi   #
#hixyä#

query T rowsort
SELECT '#' || rpad(s, n) || '#' FROM p
----
#hi        #
#hixyäbc#

statement ok
CREATE TABLE p2 (s VARCHAR(20), n int, s2 VARCHAR(10))

statement ok
INSERT INTO p2 VALUES ('hi', 6, 'xya'), ('hi', 7, 'xyä'), ('hi', 8, 'xy颖äbcdef'), ('hi颖xyäbcdef', 9, 'lmn')

query T rowsort
SELECT '#' || lpad(s, 10, 'x') || '#' FROM p2
----
#hi颖xyäbcde#
#xxxxxxxxhi#
#xxxxxxxxhi#
#xxxxxxxxhi#

query T rowsort
SELECT '#' || lpad(s, n, 'x') || '#' FROM p2
----
#hi颖xyäbcd#
#xxxxhi#
#xxxxxhi#
#xxxxxxhi#

query T rowsort
SELECT '#' || lpad(s, 10, s2) || '#' FROM p2
----
#hi颖xyäbcde#
#xyaxyaxyhi#
#xyäxyäxyhi#
#xy颖äbcdehi#

query T rowsort
SELECT '#' || lpad(s, n, s2) || '#' FROM p2
----
#hi颖xyäbcd#
#xyaxhi#
#xyäxyhi#
#xy颖äbchi#

query T rowsort
SELECT '#' || rpad(s, 10, 'x') || '#' FROM p2
----
#hixxxxxxxx#
#hixxxxxxxx#
#hixxxxxxxx#
#hi颖xyäbcde#

query T rowsort
SELECT '#' || rpad(s, n, 'x') || '#' FROM p2
----
#hixxxx#
#hixxxxx#
#hixxxxxx#
#hi颖xyäbcd#

query T rowsort
SELECT '#' || rpad(s, 10, s2) || '#' FROM p2
----
#hixyaxyaxy#
#hixyäxyäxy#
#hixy颖äbcde#
#hi颖xyäbcde#

query T rowsort
SELECT '#' || rpad(s, n, s2) || '#' FROM p2
----
#hixyax#
#hixyäxy#
#hixy颖äbc#
#hi颖xyäbcd#

statement ok
DROP TABLE p

statement ok
DROP TABLE p2

query T rowsort
SELECT '#' || rpad('hi颖xyäbcdef', 0) || '#'
----
##

query T rowsort
SELECT '#' || lpad('hi颖xyäbcdef', 0) || '#'
----
##

query T rowsort
SELECT '#' || rpad('hi颖xyäbcdef', 0, 'junk') || '#'
----
##

query T rowsort
SELECT '#' || lpad('hi颖xyäbcdef', 0, 'junk') || '#'
----
##

