statement ok
create table stringtest ( str VARCHAR(20), str2 VARCHAR(20))

statement ok
insert into stringtest values ('', 'test')

statement ok
insert into stringtest values ('test', '')

statement ok
insert into stringtest values ('','')

statement ok
insert into stringtest values (' Test ','')

query TT rowsort
select * from stringtest
----
 Test 
(empty)
(empty)
(empty)
(empty)
test
test
(empty)

query IT rowsort
select length(str), str from stringtest
----
0
(empty)
0
(empty)
4
test
6
 Test 

query TT rowsort
select substring(str from 2 for 8), str2 from stringtest
----
(empty)
(empty)
(empty)
test
Test 
(empty)
est
(empty)

query TT rowsort
select substring(str, 2, 8), str2 from stringtest
----
(empty)
(empty)
(empty)
test
Test 
(empty)
est
(empty)

query TT rowsort
select substring(str from 2 for 1), str2 from stringtest
----
(empty)
(empty)
(empty)
test
T
(empty)
e
(empty)

query TT rowsort
select substring(str, 2, 1), str2 from stringtest
----
(empty)
(empty)
(empty)
test
T
(empty)
e
(empty)

query TT rowsort
select substring(str from 2), str2 from stringtest
----
(empty)
(empty)
(empty)
test
Test 
(empty)
est
(empty)

query TT rowsort
select substring(str, 2), str2 from stringtest
----
(empty)
(empty)
(empty)
test
Test 
(empty)
est
(empty)

query ITT rowsort
select position(str in str2), str, str2 from stringtest
----
0
 Test 
(empty)
0
test
(empty)
1
(empty)
(empty)
1
(empty)
test

query ITT rowsort
select locate(str,str2), str, str2 from stringtest
----
0
 Test 
(empty)
0
test
(empty)
1
(empty)
(empty)
1
(empty)
test

query IT rowsort
select ascii(str), str from stringtest
----
116
test
32
 Test 
NULL
(empty)
NULL
(empty)

query TT rowsort
select code(ascii(str)), str from stringtest
----
 
 Test 
NULL
(empty)
NULL
(empty)
t
test

query TT rowsort
select left(str,3), str from stringtest
----
 Te
 Test 
(empty)
(empty)
(empty)
(empty)
tes
test

query TT rowsort
select right(str,3), str from stringtest
----
(empty)
(empty)
(empty)
(empty)
est
test
st 
 Test 

query TT rowsort
select lower(str), str from stringtest
----
 test 
 Test 
(empty)
(empty)
(empty)
(empty)
test
test

query TT rowsort
select lcase(str), str from stringtest
----
 test 
 Test 
(empty)
(empty)
(empty)
(empty)
test
test

query TT rowsort
select upper(str), str from stringtest
----
 TEST 
 Test 
(empty)
(empty)
(empty)
(empty)
TEST
test

query TT rowsort
select ucase(str), str from stringtest
----
 TEST 
 Test 
(empty)
(empty)
(empty)
(empty)
TEST
test

query TT rowsort
select trim(str), str from stringtest
----
(empty)
(empty)
(empty)
(empty)
Test
 Test 
test
test

query TT rowsort
select ltrim(str), str from stringtest
----
(empty)
(empty)
(empty)
(empty)
Test 
 Test 
test
test

query TT rowsort
select rtrim(str), str from stringtest
----
 Test
 Test 
(empty)
(empty)
(empty)
(empty)
test
test

query TTT rowsort
select insert(str,2,4,str2), str, str2 from stringtest
----
 T
 Test 
(empty)
(empty)
(empty)
(empty)
te
test
(empty)
test
(empty)
test

query TTT rowsort
select replace(str,'t',str), str, str2 from stringtest
----
 Tes Test  
 Test 
(empty)
(empty)
(empty)
(empty)
(empty)
(empty)
test
testestest
test
(empty)

query TT rowsort
select repeat(str,4), str from stringtest
----
 Test  Test  Test  Test 
 Test 
(empty)
(empty)
(empty)
(empty)
testtesttesttest
test

query IT rowsort
select ascii(4), str from stringtest
----
52
 Test 
52
(empty)
52
(empty)
52
test

query TTTTIII rowsort
select str,str2,soundex(str),soundex(str2), editdistance2(soundex(str),soundex(str2)), editdistance(soundex(str),soundex(str2)), difference(str,str2) from stringtest
----
 Test 
(empty)
 323
(empty)
4
4
4
(empty)
(empty)
(empty)
(empty)
0
0
0
(empty)
test
(empty)
T230
4
4
4
test
(empty)
T230
(empty)
4
4
4

statement ok
insert into stringtest values ('monetdbiscool', 'coolismonetdb')

query ITT rowsort
select levenshtein(str,str2, 1, 2, 3), str, str2 from stringtest
----
0
(empty)
(empty)
12
monetdbiscool
coolismonetdb
4
(empty)
test
4
test
(empty)
6
 Test 
(empty)

statement ok
insert into stringtest values ('monetdb45is+ cool', '  123123  123123  ')

query TTTT rowsort
select qgramnormalize(str) , qgramnormalize(str2), str, str2 from stringtest
----
(empty)
(empty)
(empty)
(empty)
(empty)
TEST
(empty)
test
MONETDB45IS COOL
123123 123123
monetdb45is+ cool
  123123  123123  
MONETDBISCOOL
COOLISMONETDB
monetdbiscool
coolismonetdb
TEST
(empty)
 Test 
(empty)
TEST
(empty)
test
(empty)

statement ok
drop table stringtest

