statement ok
CREATE TABLE testing4  (a INT PRIMARY KEY)

statement ok
CREATE TABLE testing5 (abc INT PRIMARY KEY)

statement ok
ALTER TABLE testing5 ADD CONSTRAINT "a_fkey" FOREIGN KEY ("abc") REFERENCES testing4  ("a")

statement ok
INSERT INTO testing4  VALUES (1)

statement ok
INSERT INTO testing5 VALUES (1)

statement error
TRUNCATE testing4

query I rowsort
SELECT a FROM testing4
----
1

query I rowsort
SELECT abc FROM testing5
----
1

query T nosort
PLAN TRUNCATE testing4 RESTRICT
----
truncate continue identity, restrict(
| table("sys"."testing4") [ "testing4"."%TID%" NOT NULL ] COUNT 
)

statement error
TRUNCATE testing4  RESTRICT

query I rowsort
SELECT a FROM testing4
----
1

query I rowsort
SELECT abc FROM testing5
----
1

query T nosort
PLAN TRUNCATE testing4 CASCADE
----
truncate continue identity, cascade(
| table("sys"."testing4") [ "testing4"."%TID%" NOT NULL ] COUNT 
)

statement ok
TRUNCATE testing4 CASCADE

query I rowsort
SELECT a FROM testing4
----

query I rowsort
SELECT abc FROM testing5
----

statement ok
CREATE TABLE testing6 (a INT AUTO_INCREMENT, b INT)

statement ok
INSERT INTO testing6 (b) VALUES (1)

statement ok
INSERT INTO testing6 (b) VALUES (1)

query II rowsort
SELECT a, b FROM testing6
----
1
1
2
1

query T nosort
PLAN TRUNCATE testing6
----
truncate continue identity, restrict(
| table("sys"."testing6") [ "testing6"."%TID%" NOT NULL ] COUNT 
)

statement ok
TRUNCATE testing6

statement ok
INSERT INTO testing6 (b) VALUES (3)

statement ok
INSERT INTO testing6 (b) VALUES (4)

query II rowsort
SELECT a, b FROM testing6
----
3
3
4
4

query T nosort
PLAN TRUNCATE testing6 CONTINUE IDENTITY
----
truncate continue identity, restrict(
| table("sys"."testing6") [ "testing6"."%TID%" NOT NULL ] COUNT 
)

statement ok
TRUNCATE testing6 CONTINUE IDENTITY

statement ok
INSERT INTO testing6 (b) VALUES (5)

statement ok
INSERT INTO testing6 (b) VALUES (6)

query II rowsort
SELECT a, b FROM testing6
----
5
5
6
6

query T nosort
PLAN TRUNCATE testing6 RESTART IDENTITY
----
truncate restart identity, restrict(
| table("sys"."testing6") [ "testing6"."%TID%" NOT NULL ] COUNT 
)

statement ok
TRUNCATE testing6 RESTART IDENTITY

statement ok
INSERT INTO testing6 (b) VALUES (7)

statement ok
INSERT INTO testing6 (b) VALUES (8)

query II rowsort
SELECT a, b FROM testing6
----
1
7
2
8

statement ok
DROP TABLE testing5

statement ok
DROP TABLE testing4

statement ok
DROP TABLE testing6

