statement ok
start transaction

statement ok
create table uniontmp(i int, s string)

statement ok
insert into uniontmp values
 (1,'hello'),
 (2,'world'),
 (1,'hello'),
 (2,'world')

query IT rowsort
select * from ( select * from uniontmp union all select * from uniontmp) as a
----
1
hello
1
hello
1
hello
1
hello
2
world
2
world
2
world
2
world

query IT rowsort
select * from ( select * from uniontmp union select * from uniontmp) as a
----
1
hello
2
world

query IT rowsort
select * from ( select * from uniontmp union distinct select * from uniontmp) as a
----
1
hello
2
world

statement ok
rollback

