statement ok
create table foo (a int, b text)

statement ok
insert into foo values
 (1, 'alice'),
 (2, 'bob')

statement ok
create table bar (c text, a int)

statement ok
insert into bar values
 ('hello', 3),
 ('world', 4)

statement ok
create table buz (a int, c text)

statement ok
insert into buz values
 (5, 'one'),
 (6, 'two')

statement ok
create table empty_a (a int, c text)

statement ok
create table empty_b (c int, a text)

query I rowsort
SELECT * FROM foo
UNION CORRESPONDING
SELECT * FROM bar
----
1
2
3
4

query IT rowsort
SELECT * FROM foo
UNION
SELECT * FROM buz
----
1
alice
2
bob
5
one
6
two

query I rowsort
SELECT * FROM foo
UNION CORRESPONDING
SELECT * FROM buz
----
1
2
5
6

query I rowsort
SELECT a FROM foo
NATURAL FULL JOIN buz
----
1
2
5
6

statement error
SELECT * FROM foo
UNION 
SELECT * FROM bar
UNION 
SELECT * FROM buz

query I rowsort
SELECT * FROM foo
UNION CORRESPONDING
SELECT * FROM bar
UNION CORRESPONDING
SELECT * FROM buz
----
1
2
3
4
5
6

statement error
SELECT * FROM buz
UNION
SELECT * FROM bar

query IT rowsort
SELECT * FROM buz
UNION CORRESPONDING
SELECT * FROM bar
----
3
hello
4
world
5
one
6
two

query I rowsort
SELECT * FROM buz
UNION 
    CORRESPONDING BY (a)
SELECT * FROM bar
----
3
4
5
6

query I rowsort
SELECT * FROM foo
UNION CORRESPONDING
SELECT * FROM bar
----
1
2
3
4

query I rowsort
SELECT * FROM foo
UNION 
    CORRESPONDING BY (a)
SELECT * FROM bar
----
1
2
3
4

statement error
SELECT * FROM foo
UNION 
    CORRESPONDING BY (b)
SELECT * FROM bar

statement error
SELECT * FROM foo
UNION 
    CORRESPONDING BY (c)
SELECT * FROM bar

query ITT rowsort
SELECT * FROM foo
OUTER UNION CORRESPONDING
SELECT * FROM bar
----
1
alice
NULL
2
bob
NULL
3
NULL
hello
4
NULL
world

query T rowsort
SELECT * FROM foo
OUTER UNION 
    CORRESPONDING BY (b)
SELECT * FROM bar
----
NULL
alice
bob

query T rowsort
SELECT * FROM foo
OUTER UNION ALL
    CORRESPONDING BY (b)
SELECT * FROM bar
----
NULL
NULL
alice
bob

query T rowsort
SELECT * FROM foo
OUTER UNION 
    CORRESPONDING BY (c)
SELECT * FROM bar
----
NULL
hello
world

query T rowsort
SELECT * FROM foo
OUTER UNION ALL
    CORRESPONDING BY (c)
SELECT * FROM bar
----
NULL
NULL
hello
world

query TT rowsort
SELECT * FROM foo
OUTER UNION 
    CORRESPONDING BY (c, b)
SELECT * FROM bar
----
NULL
alice
NULL
bob
hello
NULL
world
NULL

query TT rowsort
SELECT * FROM foo
OUTER UNION ALL
    CORRESPONDING BY (c, b)
SELECT * FROM bar
----
NULL
alice
NULL
bob
hello
NULL
world
NULL

