query I rowsort
SELECT 1 AS one
----
1

statement error
SELECT cast('t' AS boolean) AS "true"

statement error
SELECT cast('true' AS boolean) AS true

query I rowsort
SELECT cast('true' AS boolean) AS "true"
----
1

statement error
SELECT cast('f' AS boolean) AS "false"

statement error
SELECT cast('false' AS boolean) AS false

query I rowsort
SELECT cast('false' AS boolean) AS "false"
----
0

statement error
SELECT cast('t' AS boolean) or cast('f' AS boolean) AS "true"

query I rowsort
SELECT cast('true' AS boolean) or cast('false' AS boolean) AS "true"
----
1

statement error
SELECT cast('t' AS boolean) and cast('f' AS boolean) AS "false"

query I rowsort
SELECT cast('true' AS boolean) and cast('false' AS boolean) AS "false"
----
0

statement error
SELECT not cast('f' AS boolean) AS "true"

query I rowsort
SELECT not cast('false' AS boolean) AS "true"
----
1

query I rowsort
SELECT not cast('true' AS boolean) AS "false"
----
0

statement error
SELECT cast('t' AS boolean) = cast('f' AS boolean) AS "false"

query I rowsort
SELECT cast('true' AS boolean) = cast('false' AS boolean) AS "false"
----
0

statement error
SELECT cast('t' AS boolean) <> cast('f' AS boolean) AS "true"

query I rowsort
SELECT cast('true' AS boolean) <> cast('false' AS boolean) AS "true"
----
1

statement ok
CREATE TABLE BOOLTBL1 (f1 bool)

statement error
INSERT INTO BOOLTBL1 (f1) VALUES (cast('t' AS boolean))

statement ok
INSERT INTO BOOLTBL1 (f1) VALUES (cast('true' AS boolean))

statement ok
INSERT INTO BOOLTBL1 (f1) VALUES (cast('True' AS boolean))

statement ok
INSERT INTO BOOLTBL1 (f1) VALUES (cast(lower('True') AS boolean))

statement ok
INSERT INTO BOOLTBL1 (f1) VALUES ('true')

query TI rowsort
SELECT '' AS f_3, * FROM BOOLTBL1
----
(empty)
1
(empty)
1
(empty)
1
(empty)
1

query TI rowsort
SELECT '' AS t_3, BOOLTBL1.*
   FROM BOOLTBL1
   WHERE f1 = cast('true' AS boolean)
----
(empty)
1
(empty)
1
(empty)
1
(empty)
1

query TI rowsort
SELECT '' AS t_3, BOOLTBL1.*
   FROM BOOLTBL1
   WHERE f1 <> cast('false' AS boolean)
----
(empty)
1
(empty)
1
(empty)
1
(empty)
1

statement error
SELECT '' AS zero, BOOLTBL1.*
   FROM BOOLTBL1
   WHERE booleq(cast('false' AS boolean), f1)

statement error
INSERT INTO BOOLTBL1 (f1) VALUES (cast('f' AS boolean))

statement ok
INSERT INTO BOOLTBL1 (f1) VALUES (cast('false' AS boolean))

query TI rowsort
SELECT '' AS f_1, BOOLTBL1.*
   FROM BOOLTBL1
   WHERE f1 = cast('false' AS boolean)
----
(empty)
0

statement ok
CREATE TABLE BOOLTBL2 (f1 bool)

statement error
INSERT INTO BOOLTBL2 (f1) VALUES (cast('f' AS boolean))

statement ok
INSERT INTO BOOLTBL2 (f1) VALUES (cast('false' AS boolean))

statement ok
INSERT INTO BOOLTBL2 (f1) VALUES (cast('False' AS boolean))

statement ok
INSERT INTO BOOLTBL2 (f1) VALUES (cast(lower('False') AS boolean))

statement ok
INSERT INTO BOOLTBL2 (f1) VALUES (cast('FALSE' AS boolean))

statement ok
INSERT INTO BOOLTBL2 (f1) VALUES (cast(lower('FALSE') AS boolean))

statement error
INSERT INTO BOOLTBL2 (f1)
   VALUES ('XXX')

query TI rowsort
SELECT '' AS f_4, * FROM BOOLTBL2
----
(empty)
0
(empty)
0
(empty)
0
(empty)
0
(empty)
0

query TII rowsort
SELECT '' AS tf_12, BOOLTBL1.*, BOOLTBL2.*
   FROM BOOLTBL1, BOOLTBL2
   WHERE BOOLTBL2.f1 <> BOOLTBL1.f1
----
(empty)
1
0
(empty)
1
0
(empty)
1
0
(empty)
1
0
(empty)
1
0
(empty)
1
0
(empty)
1
0
(empty)
1
0
(empty)
1
0
(empty)
1
0
(empty)
1
0
(empty)
1
0
(empty)
1
0
(empty)
1
0
(empty)
1
0
(empty)
1
0
(empty)
1
0
(empty)
1
0
(empty)
1
0
(empty)
1
0

statement error
SELECT '' AS tf_12, BOOLTBL1.*, BOOLTBL2.*
   FROM BOOLTBL1, BOOLTBL2
   WHERE boolne(BOOLTBL2.f1,BOOLTBL1.f1)

query TII rowsort
SELECT '' AS ff_4, BOOLTBL1.*, BOOLTBL2.*
   FROM BOOLTBL1, BOOLTBL2
   WHERE BOOLTBL2.f1 = BOOLTBL1.f1 and BOOLTBL1.f1 = cast('false' AS boolean)
----
(empty)
0
0
(empty)
0
0
(empty)
0
0
(empty)
0
0
(empty)
0
0

query TII rowsort
SELECT '' AS tf_12_ff_4, BOOLTBL1.*, BOOLTBL2.*
   FROM BOOLTBL1, BOOLTBL2
   WHERE BOOLTBL2.f1 = BOOLTBL1.f1 or BOOLTBL1.f1 = cast('true' AS boolean)
   ORDER BY BOOLTBL1.f1, BOOLTBL2.f1
----
(empty)
0
0
(empty)
0
0
(empty)
0
0
(empty)
0
0
(empty)
0
0
(empty)
1
0
(empty)
1
0
(empty)
1
0
(empty)
1
0
(empty)
1
0
(empty)
1
0
(empty)
1
0
(empty)
1
0
(empty)
1
0
(empty)
1
0
(empty)
1
0
(empty)
1
0
(empty)
1
0
(empty)
1
0
(empty)
1
0
(empty)
1
0
(empty)
1
0
(empty)
1
0
(empty)
1
0
(empty)
1
0

query TI rowsort
SELECT '' AS "True", f1
   FROM BOOLTBL1
   WHERE f1 = TRUE
----
(empty)
1
(empty)
1
(empty)
1
(empty)
1

query TI rowsort
SELECT '' AS "Not False", f1
   FROM BOOLTBL1
   WHERE f1 = NOT FALSE
----
(empty)
1
(empty)
1
(empty)
1
(empty)
1

query TI rowsort
SELECT '' AS "Not False", f1
   FROM BOOLTBL1
   WHERE NOT FALSE = f1
----
(empty)
1
(empty)
1
(empty)
1
(empty)
1

query TI rowsort
SELECT '' AS "Not False", f1
   FROM BOOLTBL1
   WHERE f1 = (NOT FALSE)
----
(empty)
1
(empty)
1
(empty)
1
(empty)
1

query TI rowsort
SELECT '' AS "False", f1
   FROM BOOLTBL1
   WHERE f1 = FALSE
----
(empty)
0

query TI rowsort
SELECT '' AS "Not True", f1
   FROM BOOLTBL1
   WHERE f1 = NOT TRUE
----
(empty)
0

query TI rowsort
SELECT '' AS "Not True", f1
   FROM BOOLTBL1
   WHERE NOT TRUE = f1
----
(empty)
0

query TI rowsort
SELECT '' AS "Not True", f1
   FROM BOOLTBL1
   WHERE f1 = (NOT TRUE)
----
(empty)
0

query TI rowsort
SELECT '' AS "True", f1
   FROM BOOLTBL2
   WHERE f1 = TRUE
----

query TI rowsort
SELECT '' AS "Not False", f1
   FROM BOOLTBL2
   WHERE f1 = NOT FALSE
----

query TI rowsort
SELECT '' AS "Not False", f1
   FROM BOOLTBL2
   WHERE NOT FALSE = f1
----

query TI rowsort
SELECT '' AS "Not False", f1
   FROM BOOLTBL2
   WHERE f1 = (NOT FALSE)
----

query TI rowsort
SELECT '' AS "False", f1
   FROM BOOLTBL2
   WHERE f1 = FALSE
----
(empty)
0
(empty)
0
(empty)
0
(empty)
0
(empty)
0

query TI rowsort
SELECT '' AS "Not True", f1
   FROM BOOLTBL2
   WHERE f1 = NOT TRUE
----
(empty)
0
(empty)
0
(empty)
0
(empty)
0
(empty)
0

query TI rowsort
SELECT '' AS "Not True", f1
   FROM BOOLTBL2
   WHERE NOT TRUE = f1
----
(empty)
0
(empty)
0
(empty)
0
(empty)
0
(empty)
0

query TI rowsort
SELECT '' AS "Not True", f1
   FROM BOOLTBL2
   WHERE f1 = (NOT TRUE)
----
(empty)
0
(empty)
0
(empty)
0
(empty)
0
(empty)
0

statement ok
DROP TABLE  BOOLTBL1

statement ok
DROP TABLE  BOOLTBL2

