statement ok
CREATE TABLE DATE_TBL (f1 date)

statement ok
INSERT INTO DATE_TBL VALUES ('1957-04-09')

statement ok
INSERT INTO DATE_TBL VALUES ('1957-06-13')

statement ok
INSERT INTO DATE_TBL VALUES ('1996-02-28')

statement ok
INSERT INTO DATE_TBL VALUES ('1996-02-29')

statement ok
INSERT INTO DATE_TBL VALUES ('1996-03-01')

statement ok
INSERT INTO DATE_TBL VALUES ('1996-03-02')

statement ok
INSERT INTO DATE_TBL VALUES ('1997-02-28')

statement error
INSERT INTO DATE_TBL VALUES ('1997-02-29')

statement ok
INSERT INTO DATE_TBL VALUES ('1997-03-01')

statement ok
INSERT INTO DATE_TBL VALUES ('1997-03-02')

statement ok
INSERT INTO DATE_TBL VALUES ('2000-04-01')

statement ok
INSERT INTO DATE_TBL VALUES ('2000-04-02')

statement ok
INSERT INTO DATE_TBL VALUES ('2000-04-03')

statement ok
INSERT INTO DATE_TBL VALUES ('2038-04-08')

statement ok
INSERT INTO DATE_TBL VALUES ('2039-04-09')

statement ok
INSERT INTO DATE_TBL VALUES ('2040-04-10')

query T rowsort
SELECT f1 AS "Fifteen" FROM DATE_TBL
----
1957-04-09
1957-06-13
1996-02-28
1996-02-29
1996-03-01
1996-03-02
1997-02-28
1997-03-01
1997-03-02
2000-04-01
2000-04-02
2000-04-03
2038-04-08
2039-04-09
2040-04-10

query T rowsort
SELECT f1 AS "Nine" FROM DATE_TBL WHERE f1 < '2000-01-01'
----
1957-04-09
1957-06-13
1996-02-28
1996-02-29
1996-03-01
1996-03-02
1997-02-28
1997-03-01
1997-03-02

query T rowsort
SELECT f1 AS "Three" FROM DATE_TBL
  WHERE f1 BETWEEN '2000-01-01' AND '2001-01-01'
----
2000-04-01
2000-04-02
2000-04-03

statement ok
INSERT INTO DATE_TBL VALUES (null)

statement error
SELECT f1, day(f1) FROM DATE_TBL

query TI rowsort
SELECT f1, "day"(f1) FROM DATE_TBL
----
1957-04-09
9
1957-06-13
13
1996-02-28
28
1996-02-29
29
1996-03-01
1
1996-03-02
2
1997-02-28
28
1997-03-01
1
1997-03-02
2
2000-04-01
1
2000-04-02
2
2000-04-03
3
2038-04-08
8
2039-04-09
9
2040-04-10
10
NULL
NULL

statement error
SELECT f1, month(f1) FROM DATE_TBL

query TI rowsort
SELECT f1, "month"(f1) FROM DATE_TBL
----
1957-04-09
4
1957-06-13
6
1996-02-28
2
1996-02-29
2
1996-03-01
3
1996-03-02
3
1997-02-28
2
1997-03-01
3
1997-03-02
3
2000-04-01
4
2000-04-02
4
2000-04-03
4
2038-04-08
4
2039-04-09
4
2040-04-10
4
NULL
NULL

statement error
SELECT f1, year(f1) FROM DATE_TBL

query TI rowsort
SELECT f1, "year"(f1) FROM DATE_TBL
----
1957-04-09
1957
1957-06-13
1957
1996-02-28
1996
1996-02-29
1996
1996-03-01
1996
1996-03-02
1996
1997-02-28
1997
1997-03-01
1997
1997-03-02
1997
2000-04-01
2000
2000-04-02
2000
2000-04-03
2000
2038-04-08
2038
2039-04-09
2039
2040-04-10
2040
NULL
NULL

query TI rowsort
SELECT f1, extract(day from f1) FROM DATE_TBL
----
1957-04-09
9
1957-06-13
13
1996-02-28
28
1996-02-29
29
1996-03-01
1
1996-03-02
2
1997-02-28
28
1997-03-01
1
1997-03-02
2
2000-04-01
1
2000-04-02
2
2000-04-03
3
2038-04-08
8
2039-04-09
9
2040-04-10
10
NULL
NULL

query TI rowsort
SELECT f1, extract(week from f1) FROM DATE_TBL
----
1957-04-09
15
1957-06-13
24
1996-02-28
9
1996-02-29
9
1996-03-01
9
1996-03-02
9
1997-02-28
9
1997-03-01
9
1997-03-02
9
2000-04-01
13
2000-04-02
13
2000-04-03
14
2038-04-08
14
2039-04-09
14
2040-04-10
15
NULL
NULL

query TI rowsort
SELECT f1, extract(month from f1) FROM DATE_TBL
----
1957-04-09
4
1957-06-13
6
1996-02-28
2
1996-02-29
2
1996-03-01
3
1996-03-02
3
1997-02-28
2
1997-03-01
3
1997-03-02
3
2000-04-01
4
2000-04-02
4
2000-04-03
4
2038-04-08
4
2039-04-09
4
2040-04-10
4
NULL
NULL

query TI rowsort
SELECT f1, extract(quarter from f1) FROM DATE_TBL
----
1957-04-09
2
1957-06-13
2
1996-02-28
1
1996-02-29
1
1996-03-01
1
1996-03-02
1
1997-02-28
1
1997-03-01
1
1997-03-02
1
2000-04-01
2
2000-04-02
2
2000-04-03
2
2038-04-08
2
2039-04-09
2
2040-04-10
2
NULL
NULL

statement error
SELECT f1, extract(halfyear from f1) FROM DATE_TBL

query TI rowsort
SELECT f1, extract(year from f1) FROM DATE_TBL
----
1957-04-09
1957
1957-06-13
1957
1996-02-28
1996
1996-02-29
1996
1996-03-01
1996
1996-03-02
1996
1997-02-28
1997
1997-03-01
1997
1997-03-02
1997
2000-04-01
2000
2000-04-02
2000
2000-04-03
2000
2038-04-08
2038
2039-04-09
2039
2040-04-10
2040
NULL
NULL

query TI rowsort
SELECT f1, extract(century from f1) FROM DATE_TBL
----
1957-04-09
20
1957-06-13
20
1996-02-28
20
1996-02-29
20
1996-03-01
20
1996-03-02
20
1997-02-28
20
1997-03-01
20
1997-03-02
20
2000-04-01
20
2000-04-02
20
2000-04-03
20
2038-04-08
21
2039-04-09
21
2040-04-10
21
NULL
NULL

statement error
SELECT f1, extract(millennium from f1) FROM DATE_TBL

query TI rowsort
SELECT f1, extract(epoch from f1) FROM DATE_TBL
----
1957-04-09
-401760000000
1957-06-13
-396144000000
1996-02-28
825465600000
1996-02-29
825552000000
1996-03-01
825638400000
1996-03-02
825724800000
1997-02-28
857088000000
1997-03-01
857174400000
1997-03-02
857260800000
2000-04-01
954547200000
2000-04-02
954633600000
2000-04-03
954720000000
2038-04-08
2154297600000
2039-04-09
2185920000000
2040-04-10
2217628800000
NULL
NULL

query TI rowsort
SELECT f1, week(f1) FROM DATE_TBL
----
1957-04-09
15
1957-06-13
24
1996-02-28
9
1996-02-29
9
1996-03-01
9
1996-03-02
9
1997-02-28
9
1997-03-01
9
1997-03-02
9
2000-04-01
13
2000-04-02
13
2000-04-03
14
2038-04-08
14
2039-04-09
14
2040-04-10
15
NULL
NULL

query TI rowsort
SELECT f1, weekofyear(f1) FROM DATE_TBL
----
1957-04-09
15
1957-06-13
24
1996-02-28
9
1996-02-29
9
1996-03-01
9
1996-03-02
9
1997-02-28
9
1997-03-01
9
1997-03-02
9
2000-04-01
13
2000-04-02
13
2000-04-03
14
2038-04-08
14
2039-04-09
14
2040-04-10
15
NULL
NULL

query TI rowsort
SELECT f1, dayofmonth(f1) FROM DATE_TBL
----
1957-04-09
9
1957-06-13
13
1996-02-28
28
1996-02-29
29
1996-03-01
1
1996-03-02
2
1997-02-28
28
1997-03-01
1
1997-03-02
2
2000-04-01
1
2000-04-02
2
2000-04-03
3
2038-04-08
8
2039-04-09
9
2040-04-10
10
NULL
NULL

query TI rowsort
SELECT f1, dayofweek(f1) FROM DATE_TBL
----
1957-04-09
2
1957-06-13
4
1996-02-28
3
1996-02-29
4
1996-03-01
5
1996-03-02
6
1997-02-28
5
1997-03-01
6
1997-03-02
7
2000-04-01
6
2000-04-02
7
2000-04-03
1
2038-04-08
4
2039-04-09
6
2040-04-10
2
NULL
NULL

query TI rowsort
SELECT f1, dayofyear(f1) FROM DATE_TBL
----
1957-04-09
99
1957-06-13
164
1996-02-28
59
1996-02-29
60
1996-03-01
61
1996-03-02
62
1997-02-28
59
1997-03-01
60
1997-03-02
61
2000-04-01
92
2000-04-02
93
2000-04-03
94
2038-04-08
98
2039-04-09
99
2040-04-10
101
NULL
NULL

statement error
SELECT f1, hour(f1) FROM DATE_TBL

query TI rowsort
SELECT f1, "hour"(f1) FROM DATE_TBL
----
1957-04-09
0
1957-06-13
0
1996-02-28
0
1996-02-29
0
1996-03-01
0
1996-03-02
0
1997-02-28
0
1997-03-01
0
1997-03-02
0
2000-04-01
0
2000-04-02
0
2000-04-03
0
2038-04-08
0
2039-04-09
0
2040-04-10
0
NULL
NULL

statement error
SELECT f1, minute(f1) FROM DATE_TBL

query TI rowsort
SELECT f1, "minute"(f1) FROM DATE_TBL
----
1957-04-09
0
1957-06-13
0
1996-02-28
0
1996-02-29
0
1996-03-01
0
1996-03-02
0
1997-02-28
0
1997-03-01
0
1997-03-02
0
2000-04-01
0
2000-04-02
0
2000-04-03
0
2038-04-08
0
2039-04-09
0
2040-04-10
0
NULL
NULL

statement error
SELECT f1, second(f1) FROM DATE_TBL

query TR rowsort
SELECT f1, "second"(f1) FROM DATE_TBL
----
1957-04-09
0.000
1957-06-13
0.000
1996-02-28
0.000
1996-02-29
0.000
1996-03-01
0.000
1996-03-02
0.000
1997-02-28
0.000
1997-03-01
0.000
1997-03-02
0.000
2000-04-01
0.000
2000-04-02
0.000
2000-04-03
0.000
2038-04-08
0.000
2039-04-09
0.000
2040-04-10
0.000
NULL
NULL

query TI rowsort
SELECT f1, extract(hour from f1) FROM DATE_TBL
----
1957-04-09
0
1957-06-13
0
1996-02-28
0
1996-02-29
0
1996-03-01
0
1996-03-02
0
1997-02-28
0
1997-03-01
0
1997-03-02
0
2000-04-01
0
2000-04-02
0
2000-04-03
0
2038-04-08
0
2039-04-09
0
2040-04-10
0
NULL
NULL

query TI rowsort
SELECT f1, extract(minute from f1) FROM DATE_TBL
----
1957-04-09
0
1957-06-13
0
1996-02-28
0
1996-02-29
0
1996-03-01
0
1996-03-02
0
1997-02-28
0
1997-03-01
0
1997-03-02
0
2000-04-01
0
2000-04-02
0
2000-04-03
0
2038-04-08
0
2039-04-09
0
2040-04-10
0
NULL
NULL

query TR rowsort
SELECT f1, extract(second from f1) FROM DATE_TBL
----
1957-04-09
0.000
1957-06-13
0.000
1996-02-28
0.000
1996-02-29
0.000
1996-03-01
0.000
1996-03-02
0.000
1997-02-28
0.000
1997-03-01
0.000
1997-03-02
0.000
2000-04-01
0.000
2000-04-02
0.000
2000-04-03
0.000
2038-04-08
0.000
2039-04-09
0.000
2040-04-10
0.000
NULL
NULL

query TT rowsort
SELECT f1, cast(f1 as timestamp) FROM DATE_TBL
----
1957-04-09
1957-04-09 00:00:00
1957-06-13
1957-06-13 00:00:00
1996-02-28
1996-02-28 00:00:00
1996-02-29
1996-02-29 00:00:00
1996-03-01
1996-03-01 00:00:00
1996-03-02
1996-03-02 00:00:00
1997-02-28
1997-02-28 00:00:00
1997-03-01
1997-03-01 00:00:00
1997-03-02
1997-03-02 00:00:00
2000-04-01
2000-04-01 00:00:00
2000-04-02
2000-04-02 00:00:00
2000-04-03
2000-04-03 00:00:00
2038-04-08
2038-04-08 00:00:00
2039-04-09
2039-04-09 00:00:00
2040-04-10
2040-04-10 00:00:00
NULL
NULL

statement error
SELECT f1, hour(cast(f1 as timestamp)) FROM DATE_TBL

query TI rowsort
SELECT f1, "hour"(cast(f1 as timestamp)) FROM DATE_TBL
----
1957-04-09
0
1957-06-13
0
1996-02-28
0
1996-02-29
0
1996-03-01
0
1996-03-02
0
1997-02-28
0
1997-03-01
0
1997-03-02
0
2000-04-01
0
2000-04-02
0
2000-04-03
0
2038-04-08
0
2039-04-09
0
2040-04-10
0
NULL
NULL

statement error
SELECT f1, minute(cast(f1 as timestamp)) FROM DATE_TBL

query TI rowsort
SELECT f1, "minute"(cast(f1 as timestamp)) FROM DATE_TBL
----
1957-04-09
0
1957-06-13
0
1996-02-28
0
1996-02-29
0
1996-03-01
0
1996-03-02
0
1997-02-28
0
1997-03-01
0
1997-03-02
0
2000-04-01
0
2000-04-02
0
2000-04-03
0
2038-04-08
0
2039-04-09
0
2040-04-10
0
NULL
NULL

statement error
SELECT f1, second(cast(f1 as timestamp)) FROM DATE_TBL

query TR rowsort
SELECT f1, "second"(cast(f1 as timestamp)) FROM DATE_TBL
----
1957-04-09
0.000
1957-06-13
0.000
1996-02-28
0.000
1996-02-29
0.000
1996-03-01
0.000
1996-03-02
0.000
1997-02-28
0.000
1997-03-01
0.000
1997-03-02
0.000
2000-04-01
0.000
2000-04-02
0.000
2000-04-03
0.000
2038-04-08
0.000
2039-04-09
0.000
2040-04-10
0.000
NULL
NULL

query TI rowsort
SELECT f1, extract(hour from cast(f1 as timestamp)) FROM DATE_TBL
----
1957-04-09
0
1957-06-13
0
1996-02-28
0
1996-02-29
0
1996-03-01
0
1996-03-02
0
1997-02-28
0
1997-03-01
0
1997-03-02
0
2000-04-01
0
2000-04-02
0
2000-04-03
0
2038-04-08
0
2039-04-09
0
2040-04-10
0
NULL
NULL

query TI rowsort
SELECT f1, extract(minute from cast(f1 as timestamp)) FROM DATE_TBL
----
1957-04-09
0
1957-06-13
0
1996-02-28
0
1996-02-29
0
1996-03-01
0
1996-03-02
0
1997-02-28
0
1997-03-01
0
1997-03-02
0
2000-04-01
0
2000-04-02
0
2000-04-03
0
2038-04-08
0
2039-04-09
0
2040-04-10
0
NULL
NULL

query TR rowsort
SELECT f1, extract(second from cast(f1 as timestamp)) FROM DATE_TBL
----
1957-04-09
0.000
1957-06-13
0.000
1996-02-28
0.000
1996-02-29
0.000
1996-03-01
0.000
1996-03-02
0.000
1997-02-28
0.000
1997-03-01
0.000
1997-03-02
0.000
2000-04-01
0.000
2000-04-02
0.000
2000-04-03
0.000
2038-04-08
0.000
2039-04-09
0.000
2040-04-10
0.000
NULL
NULL

statement error
SELECT f1, sql_add(f1, 365*24*60*60.0) FROM DATE_TBL

statement error
SELECT f1, sql_add(f1, cast(365*24*60*60 as interval second)) FROM DATE_TBL

statement error
SELECT f1, sql_add(f1, cast(12 as interval month)) FROM DATE_TBL

statement error
SELECT f1, sql_add(f1, cast(-18 as interval month)) FROM DATE_TBL

statement error
SELECT f1, sql_sub(f1, 365*24*60*60.0) FROM DATE_TBL

statement error
SELECT f1, sql_sub(f1, cast(365*24*60*60 as interval second)) FROM DATE_TBL

statement error
SELECT f1, sql_sub(f1, cast(12 as interval month)) FROM DATE_TBL

statement error
SELECT f1, sql_sub(f1, cast(-18 as interval month)) FROM DATE_TBL

query TT rowsort
SELECT f1, sql_sub(f1, cast('2001-12-12' as date)) FROM DATE_TBL
----
1957-04-09
-16318
1957-06-13
-16253
1996-02-28
-2114
1996-02-29
-2113
1996-03-01
-2112
1996-03-02
-2111
1997-02-28
-1748
1997-03-01
-1747
1997-03-02
-1746
2000-04-01
-620
2000-04-02
-619
2000-04-03
-618
2038-04-08
13266
2039-04-09
13632
2040-04-10
13999
NULL
NULL

query TT rowsort
SELECT f1, sql_sub(cast('2001-12-12' as date), f1) FROM DATE_TBL
----
1957-04-09
16318
1957-06-13
16253
1996-02-28
2114
1996-02-29
2113
1996-03-01
2112
1996-03-02
2111
1997-02-28
1748
1997-03-01
1747
1997-03-02
1746
2000-04-01
620
2000-04-02
619
2000-04-03
618
2038-04-08
-13266
2039-04-09
-13632
2040-04-10
-13999
NULL
NULL

query T rowsort
SELECT date 'January 8, 1999'
----
1999-01-08

query T rowsort
SELECT date '1999-01-08'
----
1999-01-08

query T rowsort
SELECT date '1999-01-18'
----
1999-01-18

statement error
SELECT date '1/8/1999'

statement error
SELECT date '1/18/1999'

statement error
SELECT date '18/1/1999'

statement error
SELECT date '01/02/03'

statement error
SELECT date '19990108'

statement error
SELECT date '990108'

statement error
SELECT date '1999.008'

statement error
SELECT date 'J2451187'

statement error
SELECT date 'January 8, 99 BC'

statement error
SELECT date '99-Jan-08'

query T rowsort
SELECT date '1999-Jan-08'
----
1999-01-08

statement error
SELECT date '08-Jan-99'

statement error
SELECT date '08-Jan-1999'

statement error
SELECT date 'Jan-08-99'

statement error
SELECT date 'Jan-08-1999'

statement error
SELECT date '99-08-Jan'

statement error
SELECT date '1999-08-Jan'

statement error
SELECT date '99 Jan 08'

query T rowsort
SELECT date '1999 Jan 08'
----
1999-01-08

statement error
SELECT date '08 Jan 99'

statement error
SELECT date '08 Jan 1999'

statement error
SELECT date 'Jan 08 99'

query T rowsort
SELECT date 'Jan 08 1999'
----
1999-01-08

statement error
SELECT date '99 08 Jan'

statement error
SELECT date '1999 08 Jan'

statement error
SELECT date '99-01-08'

query T rowsort
SELECT date '1999-01-08'
----
1999-01-08

statement error
SELECT date '08-01-99'

statement error
SELECT date '08-01-1999'

statement error
SELECT date '01-08-99'

statement error
SELECT date '01-08-1999'

statement error
SELECT date '99-08-01'

query T rowsort
SELECT date '1999-08-01'
----
1999-08-01

statement error
SELECT date '99 01 08'

query T rowsort
SELECT date '1999 01 08'
----
1999-01-08

statement error
SELECT date '08 01 99'

statement error
SELECT date '08 01 1999'

statement error
SELECT date '01 08 99'

statement error
SELECT date '01 08 1999'

statement error
SELECT date '99 08 01'

query T rowsort
SELECT date '1999 08 01'
----
1999-08-01

query T rowsort
SELECT date 'January 8, 1999'
----
1999-01-08

query T rowsort
SELECT date '1999-01-08'
----
1999-01-08

query T rowsort
SELECT date '1999-01-18'
----
1999-01-18

statement error
SELECT date '1/8/1999'

statement error
SELECT date '1/18/1999'

statement error
SELECT date '18/1/1999'

statement error
SELECT date '01/02/03'

statement error
SELECT date '19990108'

statement error
SELECT date '990108'

statement error
SELECT date '1999.008'

statement error
SELECT date 'J2451187'

statement error
SELECT date 'January 8, 99 BC'

statement error
SELECT date '99-Jan-08'

query T rowsort
SELECT date '1999-Jan-08'
----
1999-01-08

statement error
SELECT date '08-Jan-99'

statement error
SELECT date '08-Jan-1999'

statement error
SELECT date 'Jan-08-99'

statement error
SELECT date 'Jan-08-1999'

statement error
SELECT date '99-08-Jan'

statement error
SELECT date '1999-08-Jan'

statement error
SELECT date '99 Jan 08'

query T rowsort
SELECT date '1999 Jan 08'
----
1999-01-08

statement error
SELECT date '08 Jan 99'

statement error
SELECT date '08 Jan 1999'

statement error
SELECT date 'Jan 08 99'

query T rowsort
SELECT date 'Jan 08 1999'
----
1999-01-08

statement error
SELECT date '99 08 Jan'

statement error
SELECT date '1999 08 Jan'

statement error
SELECT date '99-01-08'

query T rowsort
SELECT date '1999-01-08'
----
1999-01-08

statement error
SELECT date '08-01-99'

statement error
SELECT date '08-01-1999'

statement error
SELECT date '01-08-99'

statement error
SELECT date '01-08-1999'

statement error
SELECT date '99-08-01'

query T rowsort
SELECT date '1999-08-01'
----
1999-08-01

statement error
SELECT date '99 01 08'

query T rowsort
SELECT date '1999 01 08'
----
1999-01-08

statement error
SELECT date '08 01 99'

statement error
SELECT date '08 01 1999'

statement error
SELECT date '01 08 99'

statement error
SELECT date '01 08 1999'

statement error
SELECT date '99 08 01'

query T rowsort
SELECT date '1999 08 01'
----
1999-08-01

query T rowsort
SELECT date 'January 8, 1999'
----
1999-01-08

query T rowsort
SELECT date '1999-01-08'
----
1999-01-08

query T rowsort
SELECT date '1999-01-18'
----
1999-01-18

statement error
SELECT date '1/8/1999'

statement error
SELECT date '1/18/1999'

statement error
SELECT date '18/1/1999'

statement error
SELECT date '01/02/03'

statement error
SELECT date '19990108'

statement error
SELECT date '990108'

statement error
SELECT date '1999.008'

statement error
SELECT date 'J2451187'

statement error
SELECT date 'January 8, 99 BC'

statement error
SELECT date '99-Jan-08'

query T rowsort
SELECT date '1999-Jan-08'
----
1999-01-08

statement error
SELECT date '08-Jan-99'

statement error
SELECT date '08-Jan-1999'

statement error
SELECT date 'Jan-08-99'

statement error
SELECT date 'Jan-08-1999'

statement error
SELECT date '99-08-Jan'

statement error
SELECT date '1999-08-Jan'

statement error
SELECT date '99 Jan 08'

query T rowsort
SELECT date '1999 Jan 08'
----
1999-01-08

statement error
SELECT date '08 Jan 99'

statement error
SELECT date '08 Jan 1999'

statement error
SELECT date 'Jan 08 99'

query T rowsort
SELECT date 'Jan 08 1999'
----
1999-01-08

statement error
SELECT date '99 08 Jan'

statement error
SELECT date '1999 08 Jan'

statement error
SELECT date '99-01-08'

query T rowsort
SELECT date '1999-01-08'
----
1999-01-08

statement error
SELECT date '08-01-99'

statement error
SELECT date '08-01-1999'

statement error
SELECT date '01-08-99'

statement error
SELECT date '01-08-1999'

statement error
SELECT date '99-08-01'

query T rowsort
SELECT date '1999-08-01'
----
1999-08-01

statement error
SELECT date '99 01 08'

query T rowsort
SELECT date '1999 01 08'
----
1999-01-08

statement error
SELECT date '08 01 99'

statement error
SELECT date '08 01 1999'

statement error
SELECT date '01 08 99'

statement error
SELECT date '01 08 1999'

statement error
SELECT date '99 08 01'

query T rowsort
SELECT date '1999 08 01'
----
1999-08-01

query T rowsort
SELECT f1 - date '2000-01-01' AS "Days From 2K" FROM DATE_TBL
----
-1035
-1036
-1037
-1400
-1401
-1402
-1403
-15542
-15607
13977
14343
14710
91
92
93
NULL

statement error
SELECT f1 - date 'epoch' AS "Days From Epoch" FROM DATE_TBL

statement error
SELECT sql_sub(current_date, 24*60*60.0) - current_date AS "One day"

statement error
SELECT current_date - sql_add(current_date, 24*60*60.0) AS "One day"

statement error
SELECT sql_sub(current_date, 24*60*60.0) - sql_add(current_date, 24*60*60.0) AS "Two days"

statement error
SELECT sql_add(current_date, 24*60*60.0) - current_date AS "One day"

statement error
SELECT current_date - sql_sub(current_date, 24*60*60.0) AS "One day"

statement error
SELECT sql_add(current_date, 24*60*60.0) - sql_sub(current_date, 24*60*60.0) AS "Two days"

query I rowsort
SELECT EXTRACT(CENTURY FROM DATE '0101-12-31 BC')
----
2

query I rowsort
SELECT EXTRACT(CENTURY FROM DATE '0100-12-31 BC')
----
1

query I rowsort
SELECT EXTRACT(CENTURY FROM DATE '0001-12-31 BC')
----
1

query I rowsort
SELECT EXTRACT(CENTURY FROM DATE '0001-01-01')
----
1

query I rowsort
SELECT EXTRACT(CENTURY FROM DATE '0001-01-01 AD')
----
1

query I rowsort
SELECT EXTRACT(CENTURY FROM DATE '1900-12-31')
----
19

query I rowsort
SELECT EXTRACT(CENTURY FROM DATE '1901-01-01')
----
20

query I rowsort
SELECT EXTRACT(CENTURY FROM DATE '2000-12-31')
----
20

query I rowsort
SELECT EXTRACT(CENTURY FROM DATE '2001-01-01')
----
21

statement error
SELECT EXTRACT(CENTURY FROM CURRENT_DATE)>=21 AS True

statement error
SELECT EXTRACT(MILLENNIUM FROM DATE '0001-12-31 BC')

statement error
SELECT EXTRACT(MILLENNIUM FROM DATE '0001-01-01 AD')

statement error
SELECT EXTRACT(MILLENNIUM FROM DATE '1000-12-31')

statement error
SELECT EXTRACT(MILLENNIUM FROM DATE '1001-01-01')

statement error
SELECT EXTRACT(MILLENNIUM FROM DATE '2000-12-31')

statement error
SELECT EXTRACT(MILLENNIUM FROM DATE '2001-01-01')

statement error
SELECT EXTRACT(MILLENNIUM FROM CURRENT_DATE)

query I rowsort
SELECT EXTRACT(DECADE FROM DATE '1994-12-25')
----
199

query I rowsort
SELECT EXTRACT(DECADE FROM DATE '0010-01-01')
----
1

query I rowsort
SELECT EXTRACT(DECADE FROM DATE '0009-12-31')
----
0

query I rowsort
SELECT EXTRACT(DECADE FROM DATE '0001-01-01 BC')
----
0

query I rowsort
SELECT EXTRACT(DECADE FROM DATE '0002-12-31 BC')
----
0

query I rowsort
SELECT EXTRACT(DECADE FROM DATE '0011-01-01 BC')
----
1

query I rowsort
SELECT EXTRACT(DECADE FROM DATE '0012-12-31 BC')
----
1

statement error
SELECT EXTRACT(CENTURY FROM NOW())>=21 AS True

query I rowsort
SELECT EXTRACT(CENTURY FROM TIMESTAMP '1970-03-20 04:30:00.00000')
----
20

statement error
SELECT EXTRACT(CENTURY FROM INTERVAL '100 y')

statement error
SELECT EXTRACT(CENTURY FROM INTERVAL '99 y')

statement error
SELECT EXTRACT(CENTURY FROM INTERVAL '-99 y')

statement error
SELECT EXTRACT(CENTURY FROM INTERVAL '-100 y')

query T rowsort
SELECT DATE_TRUNC('MILLENNIUM', TIMESTAMP '1970-03-20 04:30:00.00000')
----
1000-01-01 00:00:00

query T rowsort
SELECT DATE_TRUNC('MILLENNIUM', DATE '1970-03-20')
----
1000-01-01 00:00:00

query T rowsort
SELECT DATE_TRUNC('CENTURY', TIMESTAMP '1970-03-20 04:30:00.00000')
----
1900-01-01 00:00:00

query T rowsort
SELECT DATE_TRUNC('CENTURY', DATE '1970-03-20')
----
1900-01-01 00:00:00

query T rowsort
SELECT DATE_TRUNC('CENTURY', DATE '2004-08-10')
----
2000-01-01 00:00:00

statement error
SELECT DATE_TRUNC('CENTURY', DATE '0002-02-04')

statement error
SELECT DATE_TRUNC('CENTURY', DATE '0055-08-10 BC')

query T rowsort
SELECT DATE_TRUNC('DECADE', DATE '1993-12-25')
----
1990-01-01 00:00:00

statement error
SELECT DATE_TRUNC('DECADE', DATE '0004-12-25')

statement error
SELECT DATE_TRUNC('DECADE', DATE '0002-12-31 BC')

statement ok
DROP TABLE DATE_TBL

