statement error
SET australian_timezones = 'off'

statement error
SET DateStyle = 'Postgres, MDY'

statement ok
SET TIME ZONE INTERVAL '+1:0' HOUR TO MINUTE

query T rowsort
SELECT CURRENT_TIMEZONE
----
1:00:00

statement error
SELECT timestamp with time zone '20011227 040506+08'

statement error
SELECT timestamp with time zone '20011227 040506-08'

statement error
SELECT timestamp with time zone '20011227 040506.789+08'

statement error
SELECT timestamp with time zone '20011227 040506.789-08'

statement error
SELECT timestamp with time zone '20011227T040506+08'

statement error
SELECT timestamp with time zone '20011227T040506-08'

statement error
SELECT timestamp with time zone '20011227T040506.789+08'

statement error
SELECT timestamp with time zone '20011227T040506.789-08'

query T rowsort
SELECT timestamp with time zone '2001-12-27 04:05:06.789-08'
----
2001-12-27 06:05:06.789000

statement error
SELECT timestamp with time zone '2001.12.27 04:05:06.789-08'

query T rowsort
SELECT timestamp with time zone '2001/12/27 04:05:06.789-08'
----
2001-12-27 06:05:06.789000

statement error
SELECT timestamp with time zone '12/27/2001 04:05:06.789-08'

statement error
SELECT timestamp with time zone '27/12/2001 04:05:06.789-08'

statement error
set datestyle to dmy

statement error
SELECT timestamp with time zone '27/12/2001 04:05:06.789-08'

statement error
reset datestyle

statement error
SELECT timestamp with time zone 'Y2001M12D27H04M05S06.789+08'

statement error
SELECT timestamp with time zone 'Y2001M12D27H04M05S06.789-08'

statement error
SELECT timestamp with time zone 'Y2001M12D27H04MM05S06.789+08'

statement error
SELECT timestamp with time zone 'Y2001M12D27H04MM05S06.789-08'

statement error
SELECT timestamp with time zone 'J2452271+08'

statement error
SELECT timestamp with time zone 'J2452271-08'

statement error
SELECT timestamp with time zone 'J2452271.5+08'

statement error
SELECT timestamp with time zone 'J2452271.5-08'

statement error
SELECT timestamp with time zone 'J2452271 04:05:06+08'

statement error
SELECT timestamp with time zone 'J2452271 04:05:06-08'

statement error
SELECT timestamp with time zone 'J2452271T040506+08'

statement error
SELECT timestamp with time zone 'J2452271T040506-08'

statement error
SELECT timestamp with time zone 'J2452271T040506.789+08'

statement error
SELECT timestamp with time zone 'J2452271T040506.789-08'

statement error
SELECT timestamp with time zone '12.27.2001 04:05:06.789+08'

statement error
SELECT timestamp with time zone '12.27.2001 04:05:06.789-08'

statement error
SET DateStyle = 'German'

statement error
SELECT timestamp with time zone '27.12.2001 04:05:06.789+08'

statement error
SELECT timestamp with time zone '27.12.2001 04:05:06.789-08'

statement error
SET DateStyle = 'ISO'

statement error
SELECT time without time zone '040506.789+08'

statement error
SELECT time without time zone '040506.789-08'

statement error
SELECT time without time zone 'T040506.789+08'

statement error
SELECT time without time zone 'T040506.789-08'

statement error
SELECT time with time zone '040506.789+08'

statement error
SELECT time with time zone '040506.789-08'

statement error
SELECT time with time zone 'T040506.789+08'

statement error
SELECT time with time zone 'T040506.789-08'

statement error
SELECT time with time zone 'T040506.789 +08'

statement error
SELECT time with time zone 'T040506.789 -08'

statement error
SET DateStyle = 'Postgres, MDY'

statement error
SELECT date '1981-02-03' + time '04:05:06' AS "Date + Time"

statement error
SELECT date '1991-02-03' + time with time zone '04:05:06 PST' AS "Date + Time PST"

statement error
SELECT date '2001-02-03' + time with time zone '04:05:06 UTC' AS "Date + Time UTC"

statement error
SELECT date '1991-02-03' + interval '2 years' AS "Add Two Years"

statement error
SELECT date '2001-12-13' - interval '2 years' AS "Subtract Two Years"

statement error
SELECT date '1991-02-03' - time '04:05:06' AS "Subtract Time"

statement error
SELECT date '1991-02-03' - time with time zone '04:05:06 UTC' AS "Subtract Time UTC"

statement error
SELECT timestamp without time zone '1996-03-01' - interval '1 second' AS "Feb 29"

statement error
SELECT timestamp without time zone '1999-03-01' - interval '1 second' AS "Feb 28"

statement error
SELECT timestamp without time zone '2000-03-01' - interval '1 second' AS "Feb 29"

statement error
SELECT timestamp without time zone '1999-12-01' + interval '1 month - 1 second' AS "Dec 31"

statement error
SELECT timestamp without time zone 'Jan 1, 4713 BC' + interval '106000000 days' AS "Feb 23, 285506"

statement error
SELECT timestamp without time zone 'Jan 1, 4713 BC' + interval '107000000 days' AS "Jan 20, 288244"

statement error
SELECT timestamp without time zone 'Jan 1, 4713 BC' + interval '109203489 days' AS "Dec 31, 294276"

statement error
SELECT timestamp without time zone '12/31/294276' - timestamp without time zone '12/23/1999' AS "106751991 Days"

statement error
SELECT (timestamp without time zone 'today' = (timestamp without time zone 'yesterday' + interval '1 day')) as "True"

statement error
SELECT (timestamp without time zone 'today' = (timestamp without time zone 'tomorrow' - interval '1 day')) as "True"

statement error
SELECT (timestamp without time zone 'tomorrow' = (timestamp without time zone 'yesterday' + interval '2 days')) as "True"

statement error
SELECT (timestamp without time zone 'tomorrow' > 'now') as "True"

statement error
SELECT date '1994-01-01' + time '11:00' AS "Jan_01_1994_11am"

statement error
SELECT date '1994-01-01' + time '10:00' AS "Jan_01_1994_10am"

statement error
SELECT date '1994-01-01' + timetz '11:00-5' AS "Jan_01_1994_8am"

statement error
SELECT timestamptz(date '1994-01-01', time with time zone '11:00-5') AS "Jan_01_1994_8am"

statement error
SELECT '' AS "64", d1 + interval '1 year' AS one_year FROM TIMESTAMP_TBL

statement error
SELECT '' AS "64", d1 - interval '1 year' AS one_year FROM TIMESTAMP_TBL

statement error
SELECT timestamp with time zone '1996-03-01' - interval '1 second' AS "Feb 29"

statement error
SELECT timestamp with time zone '1999-03-01' - interval '1 second' AS "Feb 28"

statement error
SELECT timestamp with time zone '2000-03-01' - interval '1 second' AS "Feb 29"

statement error
SELECT timestamp with time zone '1999-12-01' + interval '1 month - 1 second' AS "Dec 31"

statement error
SELECT (timestamp with time zone 'today' = (timestamp with time zone 'yesterday' + interval '1 day')) as "True"

statement error
SELECT (timestamp with time zone 'today' = (timestamp with time zone 'tomorrow' - interval '1 day')) as "True"

statement error
SELECT (timestamp with time zone 'tomorrow' = (timestamp with time zone 'yesterday' + interval '2 days')) as "True"

statement error
SELECT (timestamp with time zone 'tomorrow' > 'now') as "True"

statement error
SELECT timestamptz(date '1994-01-01', time '11:00') AS "Jan_01_1994_10am"

statement error
SELECT timestamptz(date '1994-01-01', time '10:00') AS "Jan_01_1994_9am"

statement error
SELECT timestamptz(date '1994-01-01', time with time zone '11:00-8') AS "Jan_01_1994_11am"

statement error
SELECT timestamptz(date '1994-01-01', time with time zone '10:00-8') AS "Jan_01_1994_10am"

statement error
SELECT timestamptz(date '1994-01-01', time with time zone '11:00-5') AS "Jan_01_1994_8am"

statement error
SELECT '' AS "64", d1 + interval '1 year' AS one_year FROM TIMESTAMPTZ_TBL

statement error
SELECT '' AS "64", d1 - interval '1 year' AS one_year FROM TIMESTAMPTZ_TBL

statement error
SELECT CAST(time '01:02' AS interval) AS "+01:02"

statement error
SELECT CAST(interval '02:03' AS time) AS "02:03:00"

statement error
SELECT time '01:30' + interval '02:01' AS "03:31:00"

statement error
SELECT time '01:30' - interval '02:01' AS "23:29:00"

statement error
SELECT time '02:30' + interval '36:01' AS "14:31:00"

statement error
SELECT time '03:30' + interval '1 month 04:01' AS "07:31:00"

statement error
SELECT CAST(time with time zone '01:02-08' AS interval) AS "+00:01"

statement error
SELECT CAST(interval '02:03' AS time with time zone) AS "02:03:00-08"

statement error
SELECT time with time zone '01:30-08' - interval '02:01' AS "23:29:00-08"

statement error
SELECT time with time zone '02:30-08' + interval '36:01' AS "14:31:00-08"

statement error
SELECT CAST(CAST(date 'today' + time with time zone '01:30'
            + interval '02:01' AS time with time zone) AS time) AS "03:31:00"

statement error
SELECT CAST(cast(date 'today' + time with time zone '03:30'
  + interval '1 month 04:01' as timestamp without time zone) AS time) AS "07:31:00"

statement error
SELECT t.d1 + i.f1 AS "102" FROM TIMESTAMP_TBL t, INTERVAL_TBL i
  WHERE t.d1 BETWEEN '1990-01-01' AND '2001-01-01'
    AND i.f1 BETWEEN '00:00' AND '23:00'

statement error
SELECT t.d1 - i.f1 AS "102" FROM TIMESTAMP_TBL t, INTERVAL_TBL i
  WHERE t.d1 BETWEEN '1990-01-01' AND '2001-01-01'
    AND i.f1 BETWEEN '00:00' AND '23:00'

statement error
SELECT t.f1 + i.f1 AS "80" FROM TIME_TBL t, INTERVAL_TBL i

statement error
SELECT t.f1 - i.f1 AS "80" FROM TIME_TBL t, INTERVAL_TBL i

statement error
SELECT t.f1 + i.f1 AS "100" FROM TIMETZ_TBL t, INTERVAL_TBL i

statement error
SELECT t.f1 - i.f1 AS "100" FROM TIMETZ_TBL t, INTERVAL_TBL i

statement error
SELECT (timestamp with time zone '2000-11-27', timestamp with time zone '2000-11-28')
  OVERLAPS (timestamp with time zone '2000-11-27 12:00', timestamp with time zone '2000-11-30') AS "True"

statement error
SELECT (timestamp with time zone '2000-11-26', timestamp with time zone '2000-11-27')
  OVERLAPS (timestamp with time zone '2000-11-27 12:00', timestamp with time zone '2000-11-30') AS "False"

statement error
SELECT (timestamp with time zone '2000-11-27', timestamp with time zone '2000-11-28')
  OVERLAPS (timestamp with time zone '2000-11-27 12:00', interval '1 day') AS "True"

statement error
SELECT (timestamp with time zone '2000-11-27', interval '12 hours')
  OVERLAPS (timestamp with time zone '2000-11-27 12:00', timestamp with time zone '2000-11-30') AS "False"

statement error
SELECT (timestamp with time zone '2000-11-27', interval '12 hours')
  OVERLAPS (timestamp with time zone '2000-11-27', interval '12 hours') AS "True"

statement error
SELECT (timestamp with time zone '2000-11-27', interval '12 hours')
  OVERLAPS (timestamp with time zone '2000-11-27 12:00', interval '12 hours') AS "False"

statement error
SELECT (timestamp without time zone '2000-11-27', timestamp without time zone '2000-11-28')
  OVERLAPS (timestamp without time zone '2000-11-27 12:00', timestamp without time zone '2000-11-30') AS "True"

statement error
SELECT (timestamp without time zone '2000-11-26', timestamp without time zone '2000-11-27')
  OVERLAPS (timestamp without time zone '2000-11-27 12:00', timestamp without time zone '2000-11-30') AS "False"

statement error
SELECT (timestamp without time zone '2000-11-27', timestamp without time zone '2000-11-28')
  OVERLAPS (timestamp without time zone '2000-11-27 12:00', interval '1 day') AS "True"

statement error
SELECT (timestamp without time zone '2000-11-27', interval '12 hours')
  OVERLAPS (timestamp without time zone '2000-11-27 12:00', timestamp without time zone '2000-11-30') AS "False"

statement error
SELECT (timestamp without time zone '2000-11-27', interval '12 hours')
  OVERLAPS (timestamp without time zone '2000-11-27', interval '12 hours') AS "True"

statement error
SELECT (timestamp without time zone '2000-11-27', interval '12 hours')
  OVERLAPS (timestamp without time zone '2000-11-27 12:00', interval '12 hours') AS "False"

statement error
SELECT (time '00:00', time '01:00')
  OVERLAPS (time '00:30', time '01:30') AS "True"

statement error
SELECT (time '00:00', interval '1 hour')
  OVERLAPS (time '00:30', interval '1 hour') AS "True"

statement error
SELECT (time '00:00', interval '1 hour')
  OVERLAPS (time '01:30', interval '1 hour') AS "False"

statement error
SELECT (time '00:00', interval '1 hour')
  OVERLAPS (time '01:30', interval '1 day') AS "False"

statement ok
CREATE TABLE TEMP_TIMESTAMP (f1 timestamp with time zone)

statement error
INSERT INTO TEMP_TIMESTAMP (f1)
  SELECT d1 FROM TIMESTAMP_TBL
  WHERE d1 BETWEEN '13-jun-1957' AND '1-jan-1997'
   OR d1 BETWEEN '1-jan-1999' AND '1-jan-2010'

query TT rowsort
SELECT '' AS "16", f1 AS "timestamp"
  FROM TEMP_TIMESTAMP
  ORDER BY "timestamp"
----

statement error
SELECT '' AS "160", d.f1 AS "timestamp", t.f1 AS "interval", d.f1 + t.f1 AS plus
  FROM TEMP_TIMESTAMP d, INTERVAL_TBL t
  ORDER BY plus, "timestamp", "interval"

statement error
SELECT '' AS "160", d.f1 AS "timestamp", t.f1 AS "interval", d.f1 - t.f1 AS minus
  FROM TEMP_TIMESTAMP d, INTERVAL_TBL t
  WHERE isfinite(d.f1)
  ORDER BY minus, "timestamp", "interval"

query TTTT rowsort
SELECT '' AS "16", d.f1 AS "timestamp",
   timestamp with time zone '1980-01-06 00:00 GMT' AS gpstime_zero,
   d.f1 - timestamp with time zone '1980-01-06 00:00 GMT' AS difference
  FROM TEMP_TIMESTAMP d
  ORDER BY difference
----

query TTTT rowsort
SELECT '' AS "226", d1.f1 AS timestamp1, d2.f1 AS timestamp2, d1.f1 - d2.f1 AS difference
  FROM TEMP_TIMESTAMP d1, TEMP_TIMESTAMP d2
  ORDER BY timestamp1, timestamp2, difference
----

statement error
SELECT '' AS ten, ABSTIME_TBL.f1 AS abstime, RELTIME_TBL.f1 AS reltime
   WHERE (ABSTIME_TBL.f1 + RELTIME_TBL.f1) < abstime 'Jan 14 14:00:00 1971'
   ORDER BY abstime, reltime

statement error
SELECT '' AS three, ABSTIME_TBL.*
  WHERE  (ABSTIME_TBL.f1 + reltime '@ 3 year')
    < abstime 'Jan 14 14:00:00 1977'

statement error
SELECT '' AS three, ABSTIME_TBL.*
   WHERE  (ABSTIME_TBL.f1 + reltime '@ 3 year ago')
     < abstime 'Jan 14 14:00:00 1971'

statement error
SELECT '' AS three, ABSTIME_TBL.*
   WHERE  (ABSTIME_TBL.f1 - reltime '@ 3 year')
    < abstime 'Jan 14 14:00:00 1971'

statement error
SELECT '' AS three, ABSTIME_TBL.*
   WHERE  (ABSTIME_TBL.f1 - reltime '@ 3 year ago')
     < abstime 'Jan 14 14:00:00 1977'

statement error
SELECT '' AS "16", f1 AS "timestamp", date(f1) AS date
  FROM TEMP_TIMESTAMP
  WHERE f1 <> timestamp 'now'
  ORDER BY date, "timestamp"

statement error
SELECT '' AS "16", f1 AS "timestamp", abstime(f1) AS abstime
  FROM TEMP_TIMESTAMP
  ORDER BY abstime

statement error
SELECT '' AS four, f1 AS abstime, date(f1) AS date
  FROM ABSTIME_TBL
  WHERE isfinite(f1) AND f1 <> abstime 'now'
  ORDER BY date, abstime

statement error
SELECT '' AS two, d1 AS "timestamp", abstime(d1) AS abstime
  FROM TIMESTAMP_TBL WHERE NOT isfinite(d1)

statement error
SELECT '' AS three, f1 as abstime, cast(f1 as timestamp) AS "timestamp"
  FROM ABSTIME_TBL WHERE NOT isfinite(f1)

statement error
SELECT '' AS ten, f1 AS interval, reltime(f1) AS reltime
  FROM INTERVAL_TBL

statement error
SELECT '' AS six, f1 as reltime, CAST(f1 AS interval) AS interval
  FROM RELTIME_TBL

statement ok
DROP TABLE TEMP_TIMESTAMP

statement error
SET DateStyle TO 'US,Postgres'

statement error
SHOW DateStyle

statement error
SELECT '' AS "64", d1 AS us_postgres FROM TIMESTAMP_TBL

statement error
SELECT '' AS seven, f1 AS us_postgres FROM ABSTIME_TBL

statement error
SET DateStyle TO 'US,ISO'

statement error
SELECT '' AS "64", d1 AS us_iso FROM TIMESTAMP_TBL

statement error
SELECT '' AS seven, f1 AS us_iso FROM ABSTIME_TBL

statement error
SET DateStyle TO 'US,SQL'

statement error
SHOW DateStyle

statement error
SELECT '' AS "64", d1 AS us_sql FROM TIMESTAMP_TBL

statement error
SELECT '' AS seven, f1 AS us_sql FROM ABSTIME_TBL

statement error
SET DateStyle TO 'European,Postgres'

statement error
SHOW DateStyle

statement error
INSERT INTO TIMESTAMP_TBL VALUES('13/06/1957')

statement error
SELECT count(*) as one FROM TIMESTAMP_TBL WHERE d1 = 'Jun 13 1957'

statement error
SELECT '' AS "65", d1 AS european_postgres FROM TIMESTAMP_TBL

statement error
SELECT '' AS seven, f1 AS european_postgres FROM ABSTIME_TBL

statement error
SET DateStyle TO 'European,ISO'

statement error
SHOW DateStyle

statement error
SELECT '' AS "65", d1 AS european_iso FROM TIMESTAMP_TBL

statement error
SELECT '' AS seven, f1 AS european_iso FROM ABSTIME_TBL

statement error
SET DateStyle TO 'European,SQL'

statement error
SHOW DateStyle

statement error
SELECT '' AS "65", d1 AS european_sql FROM TIMESTAMP_TBL

statement error
SELECT '' AS seven, f1 AS european_sql FROM ABSTIME_TBL

statement error
RESET DateStyle

