stdout of test 'insert` in directory 'sql/test/pg_regress` itself:


# 17:11:18 >  
# 17:11:18 >  "mserver5" "--debug=10" "--set" "gdk_nr_threads=0" "--set" "mapi_open=true" "--set" "mapi_port=38959" "--set" "mapi_usock=/var/tmp/mtest-1142/.s.monetdb.38959" "--set" "monet_prompt=" "--forcemito" "--set" "mal_listing=2" "--dbpath=/ufs/dinther/INSTALL/var/MonetDB/mTests_sql_test_pg_regress" "--set" "mal_listing=0"
# 17:11:18 >  

# MonetDB 5 server v11.18.0
# This is an unreleased version
# Serving database 'mTests_sql_test_pg_regress', using 8 threads
# Compiled for x86_64-unknown-linux-gnu/64bit with 64bit OIDs dynamically linked
# Found 15.356 GiB available main-memory.
# Copyright (c) 1993-July 2008 CWI.
# Copyright (c) August 2008-2014 MonetDB B.V., all rights reserved
# Visit http://www.monetdb.org/ for further information
# Listening for connection requests on mapi:monetdb://uwakai.da.cwi.nl:38959/
# Listening for UNIX domain connection requests on mapi:monetdb:///var/tmp/mtest-1142/.s.monetdb.38959
# MonetDB/GIS module loaded
# MonetDB/SQL module loaded

Ready.

# 17:11:19 >  
# 17:11:19 >  "mclient" "-lsql" "-ftest" "-Eutf-8" "-i" "-e" "--host=/var/tmp/mtest-1142" "--port=38959"
# 17:11:19 >  

= ! Correct / expected output still needs to be provided / verified / approved ! =

--
-- insert with DEFAULT in the target_list
--
create table inserttest (col1 int4, col2 int4 NOT NULL, col3 text default 'testing');
insert into inserttest (col1, col2, col3) values (DEFAULT, DEFAULT, DEFAULT);
ERROR:  null value in column "col2" violates not-null constraint
insert into inserttest (col2, col3) values (3, DEFAULT);
insert into inserttest (col1, col2, col3) values (DEFAULT, 5, DEFAULT);
insert into inserttest values (DEFAULT, 5, 'test');
insert into inserttest values (DEFAULT, 7);
select * from inserttest;
 col1 | col2 |  col3   
------+------+---------
      |    3 | testing
      |    5 | testing
      |    5 | test
      |    7 | testing
(4 rows)

--
-- insert with similar expression / target_list values (all fail)
--
insert into inserttest (col1, col2, col3) values (DEFAULT, DEFAULT);
ERROR:  INSERT has more target columns than expressions
insert into inserttest (col1, col2, col3) values (1, 2);
ERROR:  INSERT has more target columns than expressions
insert into inserttest (col1) values (1, 2);
ERROR:  INSERT has more expressions than target columns
insert into inserttest (col1) values (DEFAULT, DEFAULT);
ERROR:  INSERT has more expressions than target columns
select * from inserttest;
 col1 | col2 |  col3   
------+------+---------
      |    3 | testing
      |    5 | testing
      |    5 | test
      |    7 | testing
(4 rows)

drop table inserttest;

= ! Correct / expected output still needs to be provided / verified / approved ! =

# 17:11:19 >  
# 17:11:19 >  "Done."
# 17:11:19 >  

