statement ok
CREATE TABLE INT2_TBL(f1 smallint)

statement ok
INSERT INTO INT2_TBL(f1) VALUES ('0   ')

statement ok
INSERT INTO INT2_TBL(f1) VALUES ('  1234 ')

statement ok
INSERT INTO INT2_TBL(f1) VALUES ('    -1234')

statement error
INSERT INTO INT2_TBL(f1) VALUES ('34.5')

statement ok
INSERT INTO INT2_TBL(f1) VALUES ('32767')

statement ok
INSERT INTO INT2_TBL(f1) VALUES ('-32767')

statement error
INSERT INTO INT2_TBL(f1) VALUES ('100000')

statement error
INSERT INTO INT2_TBL(f1) VALUES ('asdf')

statement error
INSERT INTO INT2_TBL(f1) VALUES ('    ')

statement error
INSERT INTO INT2_TBL(f1) VALUES ('- 1234')

statement error
INSERT INTO INT2_TBL(f1) VALUES ('4 444')

statement error
INSERT INTO INT2_TBL(f1) VALUES ('123 dt')

statement error
INSERT INTO INT2_TBL(f1) VALUES ('')

statement error
SELECT '' AS five, INT2_TBL.*

query TI rowsort
SELECT '' AS five, * FROM INT2_TBL
----
(empty)
-1234
(empty)
-32767
(empty)
0
(empty)
1234
(empty)
32767

query TI rowsort
SELECT '' AS four, i.* FROM INT2_TBL i WHERE i.f1 <> cast('0' as smallint)
----
(empty)
-1234
(empty)
-32767
(empty)
1234
(empty)
32767

query TI rowsort
SELECT '' AS four, i.* FROM INT2_TBL i WHERE i.f1 <> cast('0' as integer)
----
(empty)
-1234
(empty)
-32767
(empty)
1234
(empty)
32767

query TI rowsort
SELECT '' AS one, i.* FROM INT2_TBL i WHERE i.f1 = cast('0' as smallint)
----
(empty)
0

query TI rowsort
SELECT '' AS one, i.* FROM INT2_TBL i WHERE i.f1 = cast('0' as integer)
----
(empty)
0

query TI rowsort
SELECT '' AS two, i.* FROM INT2_TBL i WHERE i.f1 < cast('0' as smallint)
----
(empty)
-1234
(empty)
-32767

query TI rowsort
SELECT '' AS two, i.* FROM INT2_TBL i WHERE i.f1 < cast('0' as integer)
----
(empty)
-1234
(empty)
-32767

query TI rowsort
SELECT '' AS three, i.* FROM INT2_TBL i WHERE i.f1 <= cast('0' as smallint)
----
(empty)
-1234
(empty)
-32767
(empty)
0

query TI rowsort
SELECT '' AS three, i.* FROM INT2_TBL i WHERE i.f1 <= cast('0' as integer)
----
(empty)
-1234
(empty)
-32767
(empty)
0

query TI rowsort
SELECT '' AS two, i.* FROM INT2_TBL i WHERE i.f1 > cast('0' as smallint)
----
(empty)
1234
(empty)
32767

query TI rowsort
SELECT '' AS two, i.* FROM INT2_TBL i WHERE i.f1 > cast('0' as integer)
----
(empty)
1234
(empty)
32767

query TI rowsort
SELECT '' AS three, i.* FROM INT2_TBL i WHERE i.f1 >= cast('0' as smallint)
----
(empty)
0
(empty)
1234
(empty)
32767

query TI rowsort
SELECT '' AS three, i.* FROM INT2_TBL i WHERE i.f1 >= cast('0' as integer)
----
(empty)
0
(empty)
1234
(empty)
32767

query TI rowsort
SELECT '' AS one, i.* FROM INT2_TBL i WHERE (i.f1 % cast('2' as smallint)) = cast('1' as smallint)
----
(empty)
32767

query TI rowsort
SELECT '' AS three, i.* FROM INT2_TBL i WHERE (i.f1 % cast('2' as integer)) = cast('0' as smallint)
----
(empty)
-1234
(empty)
0
(empty)
1234

query TII rowsort
SELECT '' AS five, i.f1, i.f1 * cast('2' as smallint) AS x FROM INT2_TBL i
----
(empty)
-1234
-2468
(empty)
-32767
-65534
(empty)
0
0
(empty)
1234
2468
(empty)
32767
65534

query TII rowsort
SELECT '' AS five, i.f1, i.f1 * cast('2' as smallint) AS x FROM INT2_TBL i
WHERE abs(f1) < 16384
----
(empty)
-1234
-2468
(empty)
0
0
(empty)
1234
2468

query TII rowsort
SELECT '' AS five, i.f1, i.f1 * cast('2' as integer) AS x FROM INT2_TBL i
----
(empty)
-1234
-2468
(empty)
-32767
-65534
(empty)
0
0
(empty)
1234
2468
(empty)
32767
65534

query TII rowsort
SELECT '' AS five, i.f1, i.f1 + cast('2' as smallint) AS x FROM INT2_TBL i
----
(empty)
-1234
-1232
(empty)
-32767
-32765
(empty)
0
2
(empty)
1234
1236
(empty)
32767
32769

query TII rowsort
SELECT '' AS five, i.f1, i.f1 + cast('2' as smallint) AS x FROM INT2_TBL i
WHERE f1 < 32766
----
(empty)
-1234
-1232
(empty)
-32767
-32765
(empty)
0
2
(empty)
1234
1236

query TII rowsort
SELECT '' AS five, i.f1, i.f1 + cast('2' as integer) AS x FROM INT2_TBL i
----
(empty)
-1234
-1232
(empty)
-32767
-32765
(empty)
0
2
(empty)
1234
1236
(empty)
32767
32769

query TII rowsort
SELECT '' AS five, i.f1, i.f1 - cast('2' as smallint) AS x FROM INT2_TBL i
----
(empty)
-1234
-1236
(empty)
-32767
-32769
(empty)
0
-2
(empty)
1234
1232
(empty)
32767
32765

query TII rowsort
SELECT '' AS five, i.f1, i.f1 - cast('2' as smallint) AS x FROM INT2_TBL i
WHERE f1 > -32767
----
(empty)
-1234
-1236
(empty)
0
-2
(empty)
1234
1232
(empty)
32767
32765

query TII rowsort
SELECT '' AS five, i.f1, i.f1 - cast('2' as integer) AS x FROM INT2_TBL i
----
(empty)
-1234
-1236
(empty)
-32767
-32769
(empty)
0
-2
(empty)
1234
1232
(empty)
32767
32765

query TII rowsort
SELECT '' AS five, i.f1, i.f1 / cast('2' as smallint) AS x FROM INT2_TBL i
----
(empty)
-1234
-617
(empty)
-32767
-16383
(empty)
0
0
(empty)
1234
617
(empty)
32767
16383

query TII rowsort
SELECT '' AS five, i.f1, i.f1 / cast('2' as integer) AS x FROM INT2_TBL i
----
(empty)
-1234
-617
(empty)
-32767
-16383
(empty)
0
0
(empty)
1234
617
(empty)
32767
16383

