statement error
 
SELECT cast('01:00' as interval second) AS "One hour"

statement error
SELECT cast('+02:00' as interval second) AS "Two hours"

statement error
SELECT cast('-08:00' as interval second) AS "Eight hours"

query T rowsort
SELECT cast('-05' as interval second) AS "Five hours"
----
-1 day, 23:59:55

statement error
SELECT cast('-1 +02:03' as interval second) AS "22 hours ago..."

statement error
SELECT cast('-1 days +02:03' as interval second) AS "22 hours ago..."

statement error
SELECT cast('10 years -11 month -12 days +13:14' as interval second) AS "9 years..."

statement ok
CREATE TABLE INTERVAL_TBL (f1 interval second)

statement ok
INSERT INTO INTERVAL_TBL (f1) VALUES ('1.2345')

statement error
INSERT INTO INTERVAL_TBL (f1) VALUES (60 * 60 * 24 * 365 * 2014)

statement error
INSERT INTO INTERVAL_TBL (f1) VALUES ('123456789012345678')

statement error
INSERT INTO INTERVAL_TBL (f1) VALUES ('1234567890123456789')

statement error
INSERT INTO INTERVAL_TBL (f1) VALUES ('12345678901234567890')

statement error
INSERT INTO INTERVAL_TBL (f1) VALUES ('1 day 2 hours 3 minutes 4 seconds')

statement error
INSERT INTO INTERVAL_TBL (f1) VALUES ('6 years')

statement error
INSERT INTO INTERVAL_TBL (f1) VALUES ('5 months')

statement error
INSERT INTO INTERVAL_TBL (f1) VALUES ('5 months 12 hours')

statement error
INSERT INTO INTERVAL_TBL (f1) VALUES ('@ 1 minute')

statement error
INSERT INTO INTERVAL_TBL (f1) VALUES ('@ 5 hour')

statement error
INSERT INTO INTERVAL_TBL (f1) VALUES ('@ 10 day')

statement error
INSERT INTO INTERVAL_TBL (f1) VALUES ('@ 34 year')

statement error
INSERT INTO INTERVAL_TBL (f1) VALUES ('@ 3 months')

statement error
INSERT INTO INTERVAL_TBL (f1) VALUES ('@ 14 seconds ago')

statement error
INSERT INTO INTERVAL_TBL (f1) VALUES ('badly formatted interval')

statement error
INSERT INTO INTERVAL_TBL (f1) VALUES ('@ 30 eons ago')

query TT rowsort
SELECT '' AS ten, INTERVAL_TBL.* FROM INTERVAL_TBL
----
(empty)
0:00:01

statement error
SELECT '' AS nine, INTERVAL_TBL.* FROM INTERVAL_TBL
   WHERE INTERVAL_TBL.f1 <> cast('@ 10 days' as interval second)

statement error
SELECT '' AS three, INTERVAL_TBL.* FROM INTERVAL_TBL
   WHERE INTERVAL_TBL.f1 <= cast('@ 5 hours' as interval second)

statement error
SELECT '' AS three, INTERVAL_TBL.* FROM INTERVAL_TBL
   WHERE INTERVAL_TBL.f1 < cast('@ 1 day' as interval second)

statement error
SELECT '' AS one, INTERVAL_TBL.* FROM INTERVAL_TBL
   WHERE INTERVAL_TBL.f1 = cast('@ 34 years' as interval second)

statement error
SELECT '' AS five, INTERVAL_TBL.* FROM INTERVAL_TBL
   WHERE INTERVAL_TBL.f1 >= cast('@ 1 month' as interval second)

statement error
SELECT '' AS nine, INTERVAL_TBL.* FROM INTERVAL_TBL
   WHERE INTERVAL_TBL.f1 > cast('@ 3 seconds ago' as interval second)

query TTT rowsort
SELECT '' AS fortyfive, r1.*, r2.*
   FROM INTERVAL_TBL r1, INTERVAL_TBL r2
   WHERE r1.f1 > r2.f1
   ORDER BY r1.f1, r2.f1
----

query TT rowsort
 
SELECT '' AS ten, INTERVAL_TBL.* FROM INTERVAL_TBL order by f1 desc
----
(empty)
0:00:01

query T rowsort
select avg(f1) from interval_tbl
----
0:00:01

statement error
select avg(cast(f1 as double)) from interval_tbl

statement error
select avg(cast(f1 as decimal)) from interval_tbl

statement error
select avg(cast(f1 as decimal(22,3))) from interval_tbl

query T rowsort
select min(f1) from interval_tbl
----
0:00:01

query T rowsort
select max(f1) from interval_tbl
----
0:00:01

statement error
select sum(cast(f1 as decimal(22,3))) from interval_tbl

query I rowsort
select count(f1) from interval_tbl
----
1

query I rowsort
select count(distinct f1) from interval_tbl
----
1

statement ok
DROP TABLE INTERVAL_TBL

