statement ok
CREATE TABLE POINT_TBL(f1 GEOMETRY(POINT))

statement ok
INSERT INTO POINT_TBL(f1) VALUES (ST_MakePoint(0.0,0.0))

statement ok
INSERT INTO POINT_TBL(f1) VALUES (ST_MakePoint(-10.0,0.0))

statement ok
INSERT INTO POINT_TBL(f1) VALUES (ST_MakePoint(-3.0,4.0))

statement ok
INSERT INTO POINT_TBL(f1) VALUES (ST_MakePoint(5.1, 34.5))

statement ok
INSERT INTO POINT_TBL(f1) VALUES (ST_MakePoint(-5.0,-12.0))

statement ok
INSERT INTO POINT_TBL(f1) VALUES (null)

statement error
INSERT INTO POINT_TBL(f1) VALUES (1.0,2.0)

statement error
INSERT INTO POINT_TBL(f1) VALUES ('asdfasdf')

statement error
INSERT INTO POINT_TBL(f1) VALUES (ST_MakePoint('asdfasdf'))

statement error
INSERT INTO POINT_TBL(f1) VALUES ('10.0,10.0')

statement error
INSERT INTO POINT_TBL(f1) VALUES (ST_MakePoint('10.0,10.0'))

statement error
INSERT INTO POINT_TBL(f1) VALUES ('(10.0 10.0)')

statement error
INSERT INTO POINT_TBL(f1) VALUES (ST_MakePoint(10.0 10.0)))

statement error
INSERT INTO POINT_TBL(f1) VALUES ('(10,0.10,0')

statement error
INSERT INTO POINT_TBL(f1) VALUES (ST_MakePoint(10,0.10,0))

query TT rowsort
SELECT '' AS six, POINT_TBL.* FROM POINT_TBL
----
(empty)
NULL
(empty)
POINT (-10 0)
(empty)
POINT (-3 4)
(empty)
POINT (-5 -12)
(empty)
POINT (0 0)
(empty)
POINT (5.1 34.5)

query TTT rowsort
SELECT '' AS six, f1, cast(f1 as varchar(55)) as txt FROM POINT_TBL
----
(empty)
NULL
NULL
(empty)
POINT (-10 0)
POINT (-10 0)
(empty)
POINT (-3 4)
POINT (-3 4)
(empty)
POINT (-5 -12)
POINT (-5 -12)
(empty)
POINT (0 0)
POINT (0 0)
(empty)
POINT (5.1 34.5)
POINT (5.1 34.5)

statement ok
CREATE VIEW POINT_TBL_VW AS SELECT f1, cast(f1 as varchar(55)) as txt FROM POINT_TBL

query TT rowsort
SELECT * FROM POINT_TBL_VW
----
NULL
NULL
POINT (-10 0)
POINT (-10 0)
POINT (-3 4)
POINT (-3 4)
POINT (-5 -12)
POINT (-5 -12)
POINT (0 0)
POINT (0 0)
POINT (5.1 34.5)
POINT (5.1 34.5)

query TTT rowsort
SELECT '' AS three, p.* FROM POINT_TBL_VW p WHERE p.f1 << ST_MakePoint(0.0, 0.0)
----
(empty)
POINT (-10 0)
POINT (-10 0)
(empty)
POINT (-3 4)
POINT (-3 4)
(empty)
POINT (-5 -12)
POINT (-5 -12)

query TTT rowsort
SELECT '' AS three, p.* FROM POINT_TBL_VW p WHERE ST_MakePoint(0.0,0.0) >> p.f1
----
(empty)
POINT (-10 0)
POINT (-10 0)
(empty)
POINT (-3 4)
POINT (-3 4)
(empty)
POINT (-5 -12)
POINT (-5 -12)

query TTT rowsort
SELECT '' AS one, p.* FROM POINT_TBL_VW p WHERE ST_MakePoint(0.0,0.0) |>> p.f1
----
(empty)
POINT (-5 -12)
POINT (-5 -12)

query TTT rowsort
SELECT '' AS one, p.* FROM POINT_TBL_VW p WHERE p.f1 <<| ST_MakePoint(0.0, 0.0)
----
(empty)
POINT (-5 -12)
POINT (-5 -12)

query TTT rowsort
SELECT '' AS one, p.* FROM POINT_TBL_VW p WHERE p.f1 ~= ST_MakePoint(5.1, 34.5)
----
(empty)
POINT (5.1 34.5)
POINT (5.1 34.5)

query TTT rowsort
SELECT '' AS three, p.* FROM POINT_TBL_VW p WHERE p.f1 @ ST_WKTToSQL('linestring(0 0, 100 100)')
----
(empty)
POINT (0 0)
POINT (0 0)
(empty)
POINT (5.1 34.5)
POINT (5.1 34.5)

query TTT rowsort
SELECT '' AS three, p.* FROM POINT_TBL_VW p WHERE not p.f1 @ ST_WKTToSQL('linestring(0 0, 100 100)')
----
(empty)
POINT (-10 0)
POINT (-10 0)
(empty)
POINT (-3 4)
POINT (-3 4)
(empty)
POINT (-5 -12)
POINT (-5 -12)

statement error
SELECT '' AS two, p.* FROM POINT_TBL_VW p WHERE p.f1 @ path '[(0,0),(-10,0),(-10,10)]'

query TTR rowsort
SELECT '' AS six, p.f1, p.f1 <-> ST_MakePoint(0,0) AS dist FROM POINT_TBL p ORDER BY dist
----
(empty)
NULL
NULL
(empty)
POINT (-10 0)
10.000
(empty)
POINT (-3 4)
5.000
(empty)
POINT (-5 -12)
13.000
(empty)
POINT (0 0)
0.000
(empty)
POINT (5.1 34.5)
34.875

query TTTR rowsort
 
SELECT '' AS thirtysix, p1.f1 AS point1, p2.f1 AS point2, p1.f1 <-> p2.f1 AS dist
   FROM POINT_TBL p1, POINT_TBL p2
   ORDER BY dist, point1, point2
----
144 values hashing to 71b25742546387aa4fc9cefea71189a8

query TTT rowsort
SELECT '' AS twenty, p1.f1 AS point1, p2.f1 AS point2 FROM POINT_TBL p1, POINT_TBL p2 WHERE (p1.f1 <-> p2.f1) > 3
----
(empty)
POINT (-10 0)
POINT (-3 4)
(empty)
POINT (-10 0)
POINT (-5 -12)
(empty)
POINT (-10 0)
POINT (0 0)
(empty)
POINT (-10 0)
POINT (5.1 34.5)
(empty)
POINT (-3 4)
POINT (-10 0)
(empty)
POINT (-3 4)
POINT (-5 -12)
(empty)
POINT (-3 4)
POINT (0 0)
(empty)
POINT (-3 4)
POINT (5.1 34.5)
(empty)
POINT (-5 -12)
POINT (-10 0)
(empty)
POINT (-5 -12)
POINT (-3 4)
(empty)
POINT (-5 -12)
POINT (0 0)
(empty)
POINT (-5 -12)
POINT (5.1 34.5)
(empty)
POINT (0 0)
POINT (-10 0)
(empty)
POINT (0 0)
POINT (-3 4)
(empty)
POINT (0 0)
POINT (-5 -12)
(empty)
POINT (0 0)
POINT (5.1 34.5)
(empty)
POINT (5.1 34.5)
POINT (-10 0)
(empty)
POINT (5.1 34.5)
POINT (-3 4)
(empty)
POINT (5.1 34.5)
POINT (-5 -12)
(empty)
POINT (5.1 34.5)
POINT (0 0)

query TTTR rowsort
SELECT '' AS ten, p1.f1 AS point1, p2.f1 AS point2, (p1.f1 <-> p2.f1) AS distance
   FROM POINT_TBL p1, POINT_TBL p2
   WHERE (p1.f1 <-> p2.f1) > 3 and p1.f1 << p2.f1
   ORDER BY distance, point1, point2
----
(empty)
POINT (-10 0)
POINT (-3 4)
8.062
(empty)
POINT (-10 0)
POINT (-5 -12)
13.000
(empty)
POINT (-10 0)
POINT (0 0)
10.000
(empty)
POINT (-10 0)
POINT (5.1 34.5)
37.660
(empty)
POINT (-3 4)
POINT (0 0)
5.000
(empty)
POINT (-3 4)
POINT (5.1 34.5)
31.557
(empty)
POINT (-5 -12)
POINT (-3 4)
16.125
(empty)
POINT (-5 -12)
POINT (0 0)
13.000
(empty)
POINT (-5 -12)
POINT (5.1 34.5)
47.584
(empty)
POINT (0 0)
POINT (5.1 34.5)
34.875

query TTTR rowsort
SELECT '' AS ten, p1.f1 AS point1, p2.f1 AS point2, (p1.f1 <-> p2.f1) AS distance
   FROM POINT_TBL p1, POINT_TBL p2
   WHERE (p1.f1 <-> p2.f1) > 3 and p1.f1 << p2.f1
   ORDER BY distance, point1
----
(empty)
POINT (-10 0)
POINT (-3 4)
8.062
(empty)
POINT (-10 0)
POINT (-5 -12)
13.000
(empty)
POINT (-10 0)
POINT (0 0)
10.000
(empty)
POINT (-10 0)
POINT (5.1 34.5)
37.660
(empty)
POINT (-3 4)
POINT (0 0)
5.000
(empty)
POINT (-3 4)
POINT (5.1 34.5)
31.557
(empty)
POINT (-5 -12)
POINT (-3 4)
16.125
(empty)
POINT (-5 -12)
POINT (0 0)
13.000
(empty)
POINT (-5 -12)
POINT (5.1 34.5)
47.584
(empty)
POINT (0 0)
POINT (5.1 34.5)
34.875

statement ok
 
DROP VIEW POINT_TBL_VW

statement ok
DROP TABLE POINT_TBL

