statement ok
CREATE TABLE RELTIME_TBL (f1 interval second)

statement ok
INSERT INTO RELTIME_TBL (f1) VALUES (interval '1' second)

statement ok
INSERT INTO RELTIME_TBL (f1) VALUES (interval '10' second)

statement ok
INSERT INTO RELTIME_TBL (f1) VALUES (interval '100' second)

statement ok
INSERT INTO RELTIME_TBL (f1) VALUES (interval '1000' second)

statement ok
INSERT INTO RELTIME_TBL (f1) VALUES (interval '10000' second)

statement ok
INSERT INTO RELTIME_TBL (f1) VALUES (interval '100000' second)

statement error
INSERT INTO RELTIME_TBL (f1) VALUES ('@ 1 minute')

statement error
INSERT INTO RELTIME_TBL (f1) VALUES ('@ 5 hours')

statement error
INSERT INTO RELTIME_TBL (f1) VALUES ('@ 10 days')

statement error
INSERT INTO RELTIME_TBL (f1) VALUES ('@ 34 years')

statement error
INSERT INTO RELTIME_TBL (f1) VALUES ('@ 3 months')

statement error
INSERT INTO RELTIME_TBL (f1) VALUES ('@ 14 seconds ago')

statement error
INSERT INTO RELTIME_TBL (f1) VALUES ('badly formatted reltime')

statement error
INSERT INTO RELTIME_TBL (f1) VALUES ('@ 30 eons ago')

query TT rowsort
SELECT '' AS six, RELTIME_TBL.* FROM RELTIME_TBL
----
(empty)
0:00:01
(empty)
0:00:10
(empty)
0:01:40
(empty)
0:16:40
(empty)
1 day, 3:46:40
(empty)
2:46:40

statement error
SELECT '' AS five, RELTIME_TBL.* FROM RELTIME_TBL
   WHERE RELTIME_TBL.f1 <> cast('@ 10 days' as interval second)

statement error
SELECT '' AS three, RELTIME_TBL.* FROM RELTIME_TBL
   WHERE RELTIME_TBL.f1 <= cast('@ 5 hours' as interval second)

statement error
SELECT '' AS three, RELTIME_TBL.* FROM RELTIME_TBL
   WHERE RELTIME_TBL.f1 < cast('@ 1 day' as interval second)

statement error
SELECT '' AS one, RELTIME_TBL.* FROM RELTIME_TBL
   WHERE RELTIME_TBL.f1 = cast('@ 34 years' as interval second)

statement error
SELECT '' AS two, RELTIME_TBL.* FROM RELTIME_TBL
   WHERE RELTIME_TBL.f1 >= cast('@ 1 month' as interval second)

statement error
SELECT '' AS five, RELTIME_TBL.* FROM RELTIME_TBL
   WHERE RELTIME_TBL.f1 > cast('@ 3 seconds ago' as interval second)

query TTT rowsort
SELECT '' AS fifteen, r1.*, r2.*
   FROM RELTIME_TBL r1, RELTIME_TBL r2
   WHERE r1.f1 > r2.f1
   ORDER BY r1.f1, r2.f1
----
(empty)
0:00:10
0:00:01
(empty)
0:01:40
0:00:01
(empty)
0:01:40
0:00:10
(empty)
0:16:40
0:00:01
(empty)
0:16:40
0:00:10
(empty)
0:16:40
0:01:40
(empty)
1 day, 3:46:40
0:00:01
(empty)
1 day, 3:46:40
0:00:10
(empty)
1 day, 3:46:40
0:01:40
(empty)
1 day, 3:46:40
0:16:40
(empty)
1 day, 3:46:40
2:46:40
(empty)
2:46:40
0:00:01
(empty)
2:46:40
0:00:10
(empty)
2:46:40
0:01:40
(empty)
2:46:40
0:16:40

statement ok
DROP TABLE RELTIME_TBL

