statement ok
START TRANSACTION

statement ok
CREATE FUNCTION capi11(inp DECIMAL) RETURNS DECIMAL(11,1) LANGUAGE C {
    size_t i;
    result->initialize(result, inp.count);
    for(i = 0; i < inp.count; i++) {
        if (inp.data[i] == inp.null_value) {
            result->data[i] = result->null_value;
        } else {
            result->data[i] = (inp.data[i] / inp.scale) * result->scale;
        }
    }
}

statement ok
CREATE TABLE decimals(d DECIMAL(18,3))

statement ok
INSERT INTO decimals VALUES (10.3), (10.5), (NULL), (10.7)

query R rowsort
SELECT capi11(d) FROM decimals
----
10.300
10.500
10.700
NULL

statement ok
DROP FUNCTION capi11

statement ok
CREATE FUNCTION _dec2dbl(inp DECIMAL) RETURNS DOUBLE LANGUAGE C {
    size_t i;
    result->initialize(result, inp.count);
    for(i = 0; i < inp.count; i++) {
        if (inp.data[i] == inp.null_value) {
            result->data[i] = result->null_value;
        } else {
            result->data[i] = inp.data[i] / inp.scale;
        }
    }
}

query R rowsort
SELECT _dec2dbl(d) FROM decimals
----
10.300
10.500
10.700
NULL

statement ok
DROP TABLE decimals

statement ok
DROP FUNCTION _dec2dbl

statement ok
CREATE FUNCTION _dbl2dec(inp DOUBLE) RETURNS DECIMAL LANGUAGE C {
    size_t i;
    result->initialize(result, inp.count);
    for(i = 0; i < inp.count; i++) {
        result->data[i] = inp.data[i] * result->scale;
    }
}

statement ok
CREATE TABLE doubles(d DOUBLE)

statement ok
INSERT INTO doubles VALUES (10.3), (10.5), (10.7)

query R rowsort
SELECT _dbl2dec(d) FROM doubles
----
10.300
10.500
10.700

statement ok
ROLLBACK

