statement ok
START TRANSACTION

statement ok
CREATE FUNCTION capi02_increment_year(d DATE) RETURNS DATE
language C
{
    size_t i;
    result->initialize(result, d.count);
    for(i = 0; i < result->count; i++) {
        if (d.is_null(d.data[i])) {
            result->data[i] = result->null_value;
        } else {
            result->data[i].year = d.data[i].year + 1;
            result->data[i].month = d.data[i].month;
            result->data[i].day = d.data[i].day;
        }
    }
}

statement ok
CREATE TABLE dates(i DATE)

statement ok
INSERT INTO dates VALUES ('1992-09-20'), ('2000-03-10'), ('1000-05-03'), (NULL)

query T rowsort
SELECT capi02_increment_year(i) FROM dates
----
1001-05-03
1993-09-20
2001-03-10
NULL

statement ok
DROP FUNCTION capi02_increment_year

statement ok
DROP TABLE dates

statement ok
CREATE FUNCTION capi02_randomize_time(d TIME) RETURNS TIME
language C
{
    size_t i;
    result->initialize(result, d.count);
    for(i = 0; i < result->count; i++) {
        if (d.is_null(d.data[i])) {
            result->data[i] = result->null_value;
        } else {
            result->data[i].hours = (i + 1234) % 24;
            result->data[i].minutes = (i + 1234) % 60;
            result->data[i].seconds = (i + 1234) % 60;
            result->data[i].ms = (i + 1234) % 1000;
        }
    }
}

statement ok
CREATE TABLE times(i TIME)

statement ok
INSERT INTO times VALUES ('03:03:02.0101'), (NULL), ('03:03:02.0101')

query T rowsort
SELECT capi02_randomize_time(i) FROM times
----
10:34:34
12:36:36
NULL

statement ok
DROP FUNCTION capi02_randomize_time

statement ok
DROP TABLE times

statement ok
CREATE FUNCTION capi02_increment_timestamp(d TIMESTAMP) RETURNS TIMESTAMP
language C
{
    size_t i;
    result->initialize(result, d.count);
    for(i = 0; i < result->count; i++) {
        if (d.is_null(d.data[i])) {
            result->data[i] = result->null_value;
        } else {
            result->data[i].date.year = d.data[i].date.year + 1;
            result->data[i].date.month = d.data[i].date.month;
            result->data[i].date.day = d.data[i].date.day;
            result->data[i].time.hours = (i + 1234) % 24;
            result->data[i].time.minutes = (i + 1234) % 60;
            result->data[i].time.seconds = (i + 1234) % 60;
            result->data[i].time.ms = (i + 1234) % 1000;
        }
    }
}

statement ok
CREATE TABLE times(i TIMESTAMP)

statement ok
INSERT INTO times VALUES ('1992-09-20 03:03:02.0101'), (NULL), ('2000-03-10 03:03:02.0101')

query T rowsort
SELECT capi02_increment_timestamp(i) FROM times
----
1993-09-20 10:34:34.234000
2001-03-10 12:36:36.236000
NULL

statement ok
DROP FUNCTION capi02_increment_timestamp

statement ok
DROP TABLE times

statement ok
ROLLBACK

