@connection(id=c1, username=monetdb, password=monetdb)
statement ok
create user test with password 'test' name 'test'

@connection(id=c2, username=test, password=test)
query I
SELECT * from generate_series(1,3)
----
1
2

@connection(id=c2, username=test, password=test)
query I
SELECT * from generate_series(1,4,2)
----
1
3

@connection(id=c2, username=test, password=test)
query I
SELECT * from generate_series(5,1,-2)
----
5
3

@connection(id=c2, username=test, password=test)
query I
SELECT * from generate_series(cast(1 as tinyint),3)
----
1
2

@connection(id=c2, username=test, password=test)
query I
SELECT * from generate_series(1,cast(4 as tinyint),2)
----
1
3

@connection(id=c2, username=test, password=test)
query I
SELECT * from generate_series(5,1,cast(-2 as tinyint))
----
5
3

@connection(id=c2, username=test, password=test)
query I
SELECT * from generate_series(cast(1 as smallint),3)
----
1
2

@connection(id=c2, username=test, password=test)
query I
SELECT * from generate_series(1,cast(4 as smallint),2)
----
1
3

@connection(id=c2, username=test, password=test)
query I
SELECT * from generate_series(5,1,cast(-2 as smallint))
----
5
3

@connection(id=c2, username=test, password=test)
query I
SELECT * from generate_series(cast(1 as int),3)
----
1
2

@connection(id=c2, username=test, password=test)
query I
SELECT * from generate_series(1,cast(4 as int),2)
----
1
3

@connection(id=c2, username=test, password=test)
query I
SELECT * from generate_series(5,1,cast(-2 as int))
----
5
3

@connection(id=c2, username=test, password=test)
query I
SELECT * from generate_series(cast(1 as bigint),3)
----
1
2

@connection(id=c2, username=test, password=test)
query I
SELECT * from generate_series(1,cast(4 as bigint),2)
----
1
3

@connection(id=c2, username=test, password=test)
query I
SELECT * from generate_series(5,1,cast(-2 as bigint))
----
5
3

@connection(id=c2, username=test, password=test)
query R
SELECT * from generate_series(cast(1 as real),3,1)
----
1.000
2.000

@connection(id=c2, username=test, password=test)
query R
SELECT * from generate_series(1,cast(4 as real),2)
----
1.000
3.000

@connection(id=c2, username=test, password=test)
query R
SELECT * from generate_series(5,1,cast(-2 as real))
----
5.000
3.000

@connection(id=c2, username=test, password=test)
query R
SELECT * from generate_series(cast(1 as double),3,1)
----
1.000
2.000

@connection(id=c2, username=test, password=test)
query R
SELECT * from generate_series(1,cast(4 as double),2)
----
1.000
3.000

@connection(id=c2, username=test, password=test)
query R
SELECT * from generate_series(5,1,cast(-2 as double))
----
5.000
3.000

@connection(id=c2, username=test, password=test)
query R
SELECT * from generate_series(cast(1 as decimal(9)),3,1)
----
1.000
2.000

@connection(id=c2, username=test, password=test)
query R
SELECT * from generate_series(1,cast(4 as decimal(9)),2)
----
1.000
3.000

@connection(id=c2, username=test, password=test)
query R
SELECT * from generate_series(5,1,cast(-2 as decimal(9)))
----
5.000
3.000

@connection(id=c2, username=test, password=test)
query T
SELECT * from generate_series(cast('2024-12-28' as date),cast('2024-12-31' as date),cast('2' as interval day))
----
2024-12-28
2024-12-30

@connection(id=c2, username=test, password=test)
query T
SELECT * from generate_series(cast('2024-02-28' as date),cast('2024-12-31' as date),cast('3' as interval month))
----
2024-02-28
2024-05-28
2024-08-28

@connection(id=c2, username=test, password=test)
query T
SELECT * from generate_series(cast('2024-12-28' as timestamp),cast('2024-12-31' as timestamp),cast('2' as interval day))
----
2024-12-28 00:00:00
2024-12-30 00:00:00

@connection(id=c2, username=test, password=test)
query T
SELECT * from generate_series(cast('2024-12-28' as timestamp),cast('2024-12-28 01:01:01' as timestamp),cast('1800' as interval second))
----
2024-12-28 00:00:00
2024-12-28 00:30:00
2024-12-28 01:00:00

-- cleanup
@connection(id=c1, username=monetdb, password=monetdb)
statement ok
alter user test set schema sys

@connection(id=c1, username=monetdb, password=monetdb)
statement ok
drop schema test

@connection(id=c1, username=monetdb, password=monetdb)
statement ok
drop user test
