query T rowsort
select timestamp '2008-03-01 00:00'
----
2008-03-01 00:00:00

query T rowsort
select cast( '10' as interval hour)
----
10:00:00

query T rowsort
select * from generate_series(
	timestamp '2008-03-01 00:00',
	timestamp '2008-03-04 12:00',
	cast( '10' as interval hour))
----
2008-03-01 00:00:00
2008-03-01 10:00:00
2008-03-01 20:00:00
2008-03-02 06:00:00
2008-03-02 16:00:00
2008-03-03 02:00:00
2008-03-03 12:00:00
2008-03-03 22:00:00

query T rowsort
select * from generate_series(
	timestamp '2008-03-01 00:00',
	timestamp '2008-03-04 12:00',
	cast( '1' as interval day))
----
2008-03-01 00:00:00
2008-03-02 00:00:00
2008-03-03 00:00:00

query T rowsort
select * from generate_series(
	timestamp '2008-03-04 12:00',
	timestamp '2008-03-01 00:00',
	cast( '-1' as interval day))
----
2008-03-02 12:00:00
2008-03-03 12:00:00
2008-03-04 12:00:00

query T rowsort
select * from generate_series(
	timestamp '2008-03-01 00:00',
	timestamp '2008-03-04 12:00',
	cast( '10' as interval hour))
where value < timestamp '2008-03-03 00:00'
----
2008-03-01 00:00:00
2008-03-01 10:00:00
2008-03-01 20:00:00
2008-03-02 06:00:00
2008-03-02 16:00:00

query T rowsort
select * from generate_series(
	timestamp '2008-03-04 12:00',
	timestamp '2008-03-01 00:00',
	cast( '-10' as interval hour))
where value < timestamp '2008-03-02 00:00'
----
2008-03-01 14:00:00

query T rowsort
select * from generate_series(
	timestamp '2008-03-01 00:00',
	timestamp '2008-03-04 12:00',
	cast( '10' as interval hour))
where value > timestamp '2008-03-01 00:00'
and value < timestamp '2008-03-03 00:00'
----
2008-03-01 10:00:00
2008-03-01 20:00:00
2008-03-02 06:00:00
2008-03-02 16:00:00

query T rowsort
select * from generate_series(
	timestamp '2008-03-04 18:00',
	timestamp '2008-03-01 00:00',
	cast( '-10' as interval hour))
----
2008-03-01 10:00:00
2008-03-01 20:00:00
2008-03-02 06:00:00
2008-03-02 16:00:00
2008-03-03 02:00:00
2008-03-03 12:00:00
2008-03-03 22:00:00
2008-03-04 08:00:00
2008-03-04 18:00:00

query T rowsort
select * from generate_series(
	timestamp '2008-03-04 18:00',
	timestamp '2008-03-01 00:00',
	cast( '-10' as interval hour))
where value > timestamp '2008-03-01 11:00' 
----
2008-03-01 20:00:00
2008-03-02 06:00:00
2008-03-02 16:00:00
2008-03-03 02:00:00
2008-03-03 12:00:00
2008-03-03 22:00:00
2008-03-04 08:00:00
2008-03-04 18:00:00

query T rowsort
select * from generate_series(
	timestamp '2008-03-04 18:00',
	timestamp '2008-03-01 00:00',
	cast( '-10' as interval hour))
where value = timestamp '2008-03-01 10:00' 
----
2008-03-01 10:00:00

query T rowsort
select * from generate_series(
	timestamp '2008-03-04 18:00',
	timestamp '2008-03-01 00:00',
	cast( '-10' as interval hour))
where value < timestamp '2008-03-01 11:00' 
----
2008-03-01 10:00:00

query T rowsort
select * from generate_series(
	timestamp '2008-03-04 18:00',
	timestamp '2008-03-01 00:00',
	cast( '-10' as interval hour))
where value > timestamp '2008-03-01 11:00'
and value < timestamp '2008-03-01 21:00'
----
2008-03-01 20:00:00

query T rowsort
select * from generate_series(
	timestamp '2008-03-01 00:00',
	timestamp '2008-03-04 12:00',
	cast( '10' as interval hour))
where value > timestamp '2008-03-01 00:00'
and value < timestamp '2008-03-03 00:00'
and value > timestamp '2008-03-01 11:00'
----
2008-03-01 20:00:00
2008-03-02 06:00:00
2008-03-02 16:00:00

