statement ok
create table tmp(i tinyint)

statement ok
insert into tmp values(3),(4),(5)

query I rowsort
select * from tmp
----
3
4
5

query II rowsort
select * from generate_series(0,10,2) X, tmp Y where X.value = Y.i
----
4
4

query II rowsort
select * from generate_series(0,10,2) X, tmp Y where Y.i = X.value
----
4
4

query II rowsort
select * from generate_series(0,10,2) X, tmp Y where X.value = Y.i and value <5
----
4
4

query II rowsort
select * from generate_series(0,10,2) as  X, tmp Y where X.value = Y.i and value <7 and value >3
----
4
4

statement ok
drop table tmp

statement ok
create table tmp2(i tinyint)

statement ok
insert into tmp2 values(8),(9),(10),(11),(12)

query I rowsort
select * from tmp2
----
10
11
12
8
9

query II rowsort
select * from generate_series(0,10,2) X, tmp2 Y where X.value = Y.i
----
8
8

query II rowsort
select * from generate_series(0,10,2) X, tmp2 Y where Y.i = X.value
----
8
8

query II rowsort
select * from generate_series(0,10,2) X, tmp2 Y where X.value = Y.i and value >5
----
8
8

query II rowsort
select * from generate_series(0,10,2) X, tmp2 Y where Y.i = X.value and value >5
----
8
8

query II rowsort
select * from generate_series(0,10,2) as  X, tmp2 Y where X.value = Y.i and value <12 and value >3
----
8
8

query II rowsort
select * from generate_series(0,10,2) as  X, tmp2 Y where Y.i = X.value  and value <12 and value >3
----
8
8

statement ok
drop table tmp2

statement ok
create table tmp(i tinyint)

statement ok
insert into tmp values(3),(4),(5)

query I rowsort
select * from tmp order by i
----
3
4
5

query II rowsort
select * from generate_series(9,0,-2) X, tmp Y where X.value = Y.i order by X.value, Y.i
----
3
3
5
5

query II rowsort
select * from generate_series(9,0,-2) X, tmp Y where Y.i = X.value order by X.value, Y.i
----
3
3
5
5

query II rowsort
select * from generate_series(9,0,-2) X, tmp Y where X.value = Y.i and value <5 order by X.value, Y.i
----
3
3

query II rowsort
select * from generate_series(9,0,-2) as  X, tmp Y where X.value = Y.i and value <7 and value >3 order by X.value, Y.i
----
5
5

statement ok
drop table tmp

