statement ok
create table tmp(i timestamp)

statement ok
insert into tmp values
(timestamp '2008-03-01 00:00'),
(timestamp '2008-03-01 10:00'),
(timestamp '2008-03-01 20:00')

query T rowsort
select * from tmp order by i
----
2008-03-01 00:00:00
2008-03-01 10:00:00
2008-03-01 20:00:00

query TT rowsort
select * from generate_series(timestamp '2008-03-01 00:00',timestamp '2008-03-04 12:00',cast( '10' as interval hour)) X, tmp Y where X.value = Y.i order by X.value, Y.i
----
2008-03-01 00:00:00
2008-03-01 00:00:00
2008-03-01 10:00:00
2008-03-01 10:00:00
2008-03-01 20:00:00
2008-03-01 20:00:00

query TT rowsort
select * from generate_series(timestamp '2008-03-01 00:00',timestamp '2008-03-04 12:00',cast( '10' as interval hour)) X, tmp Y where Y.i = X.value order by X.value, Y.i
----
2008-03-01 00:00:00
2008-03-01 00:00:00
2008-03-01 10:00:00
2008-03-01 10:00:00
2008-03-01 20:00:00
2008-03-01 20:00:00

query TT rowsort
select * from generate_series(timestamp '2008-03-01 00:00',timestamp '2008-03-04 12:00',cast( '10' as interval hour)) X, tmp Y where X.value = Y.i and value < timestamp '2008-03-01 20:00' order by X.value, Y.i
----
2008-03-01 00:00:00
2008-03-01 00:00:00
2008-03-01 10:00:00
2008-03-01 10:00:00

query TT rowsort
select * from generate_series(timestamp '2008-03-01 00:00',timestamp '2008-03-04 12:00',cast( '10' as interval hour)) X, tmp Y where Y.i = X.value  and value < timestamp '2008-03-01 20:00' order by X.value, Y.i
----
2008-03-01 00:00:00
2008-03-01 00:00:00
2008-03-01 10:00:00
2008-03-01 10:00:00

query TT rowsort
select * from generate_series(timestamp '2008-03-01 00:00',timestamp '2008-03-04 12:00',cast( '10' as interval hour)) as  X, tmp Y where X.value = Y.i and value < timestamp '2008-03-01 20:00' and value > timestamp '200-03-01 00:00' order by X.value, Y.i
----
2008-03-01 00:00:00
2008-03-01 00:00:00
2008-03-01 10:00:00
2008-03-01 10:00:00

query TT rowsort
select * from generate_series(timestamp '2008-03-01 00:00',timestamp '2008-03-04 12:00',cast( '10' as interval hour)) as  X, tmp Y where X.value = Y.i and i < timestamp '2008-03-01 20:00' and i > timestamp '200-03-01 00:00' order by X.value, Y.i
----
2008-03-01 00:00:00
2008-03-01 00:00:00
2008-03-01 10:00:00
2008-03-01 10:00:00

query T rowsort
select * from generate_series(timestamp '2008-03-04 18:00',timestamp '2008-03-01 00:00',cast( '-10' as interval hour)) X order by X.value
----
2008-03-01 10:00:00
2008-03-01 20:00:00
2008-03-02 06:00:00
2008-03-02 16:00:00
2008-03-03 02:00:00
2008-03-03 12:00:00
2008-03-03 22:00:00
2008-03-04 08:00:00
2008-03-04 18:00:00

query TT rowsort
select * from generate_series(timestamp '2008-03-04 18:00',timestamp '2008-03-01 00:00',cast( '-10' as interval hour)) X, tmp Y where X.value = Y.i order by X.value, Y.i
----
2008-03-01 10:00:00
2008-03-01 10:00:00
2008-03-01 20:00:00
2008-03-01 20:00:00

query TT rowsort
select * from generate_series(timestamp '2008-03-04 18:00',timestamp '2008-03-01 00:00',cast( '-10' as interval hour)) X, tmp Y where Y.i = X.value order by X.value, Y.i
----
2008-03-01 10:00:00
2008-03-01 10:00:00
2008-03-01 20:00:00
2008-03-01 20:00:00

query TT rowsort
select * from generate_series(timestamp '2008-03-04 18:00',timestamp '2008-03-01 00:00',cast( '-10' as interval hour)) X, tmp Y where X.value = Y.i
and value > timestamp '2008-03-01 11:00' order by X.value, Y.i
----
2008-03-01 20:00:00
2008-03-01 20:00:00

query TT rowsort
select * from generate_series(timestamp '2008-03-04 18:00',timestamp '2008-03-01 00:00',cast( '-10' as interval hour)) X, tmp Y where X.value = Y.i
and i > timestamp '2008-03-01 11:00' order by X.value, Y.i
----
2008-03-01 20:00:00
2008-03-01 20:00:00

query T rowsort
select * from generate_series(timestamp '2008-03-04 18:00',timestamp '2008-03-01 00:00',cast( '-10' as interval hour)) X where value > timestamp '2008-03-01 11:00' and value < timestamp '2008-03-01 21:00' order by X.value
----
2008-03-01 20:00:00

query TT rowsort
select * from generate_series(timestamp '2008-03-04 18:00',timestamp '2008-03-01 00:00',cast( '-10' as interval hour)) X, tmp Y where X.value = Y.i
and value > timestamp '2008-03-01 11:00'
and value < timestamp '2008-03-01 21:00' order by X.value, Y.i
----
2008-03-01 20:00:00
2008-03-01 20:00:00

query TT rowsort
select * from generate_series(timestamp '2008-03-04 18:00',timestamp '2008-03-01 00:00',cast( '-10' as interval hour)) X, tmp Y where X.value = Y.i
and i > timestamp '2008-03-01 11:00'
and i < timestamp '2008-03-01 21:00' order by X.value, Y.i
----
2008-03-01 20:00:00
2008-03-01 20:00:00

statement ok
drop table tmp

