statement ok
create table tmptheta(i int, j int)

statement ok
insert into tmptheta values(0,0),(1,1),(2,4),(3,9)

query II rowsort
select * from tmptheta
----
0
0
1
1
2
4
3
9

query I rowsort
select * from generate_series(0,5,1)
----
0
1
2
3
4

query III rowsort
select * from tmptheta, generate_series(0,5,1) as x
where tmptheta.j >0 and tmptheta.j <10
and tmptheta.i = x.value
----
1
1
1
2
4
2
3
9
3

query III rowsort
select * from generate_series(0,5,1) as x, tmptheta
where tmptheta.j >0 and tmptheta.j <10
and tmptheta.i = x.value
----
1
1
1
2
2
4
3
3
9

statement ok
drop table tmptheta

