query ITITTI rowsort
select * from quser
----
2
user1
1
email1@example.com
secret
1
3
user2
2
email2@example.com
notsecret
1

query IITIIITITT rowsort
select * from query
----
1
NULL
select * from example
0
NULL
NULL
NULL
NULL
NULL
NULL
2
2
select * from example
0
NULL
NULL
NULL
NULL
NULL
NULL
4
NULL
select * from example
0
NULL
NULL
NULL
NULL
NULL
NULL

query IIITTTT rowsort
select queue_id, query_id, queue_number, os_version, monetdb_version, start_query, query_ready from ssqq_queue
----

query I rowsort
select insert_queue(1, 'monet', 'linux')
----
1

query IIITTTT rowsort
select queue_id, query_id, queue_number, os_version, monetdb_version, start_query, query_ready from ssqq_queue
----
1
1
0
monet
linux
NULL
NULL

statement error
select insert_queue(10, 'monet', 'linux')

query IIITTTT rowsort
select queue_id, query_id, queue_number, os_version, monetdb_version, start_query, query_ready from ssqq_queue
----
1
1
0
monet
linux
NULL
NULL

query I rowsort
select insert_queue(2, 'monet', 'linux')
----
3

query IIITTTT rowsort
select queue_id, query_id, queue_number, os_version, monetdb_version, start_query, query_ready from ssqq_queue
----
1
1
0
monet
linux
NULL
NULL
3
2
0
monet
linux
NULL
NULL

query I rowsort
select insert_queue(4, 'monet', 'linux')
----
4

query ITITTI rowsort
select * from quser
----
2
user1
1
email1@example.com
secret
1
3
user2
2
email2@example.com
notsecret
1

query IITIIITITT rowsort
select * from query
----
1
NULL
select * from example
0
NULL
NULL
NULL
NULL
NULL
NULL
2
2
select * from example
0
NULL
NULL
NULL
NULL
NULL
NULL
4
NULL
select * from example
0
NULL
NULL
NULL
NULL
NULL
NULL

query IIITTTT rowsort
select queue_id, query_id, queue_number, os_version, monetdb_version, start_query, query_ready from ssqq_queue
----
1
1
0
monet
linux
NULL
NULL
3
2
0
monet
linux
NULL
NULL
4
4
0
monet
linux
NULL
NULL

