statement ok
create table test_aggre_limit (id int, name varchar(25), type varchar(10))

statement ok
insert into test_aggre_limit values ( 1,'id','int')

statement ok
insert into test_aggre_limit values ( 2,'name','varchar')

statement ok
insert into test_aggre_limit values ( 3,'internal','varchar')

statement ok
insert into test_aggre_limit values ( 4,'id','int')

statement ok
insert into test_aggre_limit values ( 5,'name','varchar')

statement ok
insert into test_aggre_limit values ( 6,'authorization','int')

statement ok
insert into test_aggre_limit values ( 7,'id','int')

statement ok
insert into test_aggre_limit values ( 8,'name','varchar')

statement ok
insert into test_aggre_limit values ( 9,'schema_id','int')

statement ok
insert into test_aggre_limit values (10,'query','varchar')

statement ok
insert into test_aggre_limit values (11,'istable','boolean')

statement ok
insert into test_aggre_limit values (12,'system','boolean')

statement ok
insert into test_aggre_limit values (13,'clear','boolean')

statement ok
insert into test_aggre_limit values (14,'id','int')

statement ok
insert into test_aggre_limit values (15,'name','varchar')

statement ok
insert into test_aggre_limit values (16,'type','varchar')

statement ok
insert into test_aggre_limit values (17,'type_digits','int')

statement ok
insert into test_aggre_limit values (18,'type_scale','int')

statement ok
insert into test_aggre_limit values (19,'table_id','int')

statement ok
insert into test_aggre_limit values (20,'default','varchar')

statement ok
insert into test_aggre_limit values (21,'null','boolean')

statement ok
insert into test_aggre_limit values (22,'number','int')

statement ok
insert into test_aggre_limit values (23,'id','int')

statement ok
insert into test_aggre_limit values (24,'table_id','int')

statement ok
insert into test_aggre_limit values (25,'type','int')

statement ok
insert into test_aggre_limit values (26,'name','varchar')

statement ok
insert into test_aggre_limit values (27,'rkey','int')

statement ok
insert into test_aggre_limit values (28,'id','int')

statement ok
insert into test_aggre_limit values (29,'table_id','int')

statement ok
insert into test_aggre_limit values (30,'type','int')

statement ok
insert into test_aggre_limit values (31,'name','varchar')

statement ok
insert into test_aggre_limit values (32,'id','int')

statement ok
insert into test_aggre_limit values (33,'column','varchar')

statement ok
insert into test_aggre_limit values (34,'trunc','int')

statement ok
insert into test_aggre_limit values (35,'nr','int')

statement ok
insert into test_aggre_limit values (36,'id','int')

statement ok
insert into test_aggre_limit values (37,'systemname','varchar')

statement ok
insert into test_aggre_limit values (38,'sqlname','varchar')

statement ok
insert into test_aggre_limit values (39,'digits','int')

statement ok
insert into test_aggre_limit values (40,'scale','int')

statement ok
insert into test_aggre_limit values (41,'radix','int')

statement ok
insert into test_aggre_limit values (42,'eclass','int')

statement ok
insert into test_aggre_limit values (43,'module_id','int')

statement ok
insert into test_aggre_limit values (44,'id','int')

statement ok
insert into test_aggre_limit values (45,'name','varchar')

statement ok
insert into test_aggre_limit values (46,'func','varchar')

statement ok
insert into test_aggre_limit values (47,'sql','boolean')

statement ok
insert into test_aggre_limit values (48,'aggr','boolean')

statement ok
insert into test_aggre_limit values (49,'module_id','int')

statement ok
insert into test_aggre_limit values (50,'id','int')

query I rowsort
select count(*) from test_aggre_limit limit 1
----
50

query TI rowsort
select type, count(*) from test_aggre_limit group by type limit 1
----
int
29

statement ok
drop table test_aggre_limit

