query I rowsort
select 1 in ('1', '2', '3')
----
1

query I rowsort
select 1 in ((select 1 union select 2))
----
1

query I rowsort
select 1 in (select * from (select 1 union select 2) as a)
----
1

