statement ok
create table tab (i integer)

statement ok
insert into tab values (1),(2),(3)

query I rowsort
select * from tab where i = (select 0 from tab where i < 1) order by i
----

query I rowsort
select * from tab where i = (select 0 from tab where i < 2) order by i
----

statement error
select * from tab where i = (select 0 from tab where i < 3) order by i

query I rowsort
select * from tab where i in (select 0 from tab where i < 1) order by i
----

query I rowsort
select * from tab where i in (select 0 from tab where i < 2) order by i
----

query I rowsort
select * from tab where i in (select 0 from tab where i < 3) order by i
----

query I rowsort
select * from tab where i = (select i from tab where i < 1) order by i
----

query I rowsort
select * from tab where i = (select i from tab where i < 2) order by i
----
1

statement error
select * from tab where i = (select i from tab where i < 3) order by i

query I rowsort
select * from tab where i in (select i from tab where i < 1) order by i
----

query I rowsort
select * from tab where i in (select i from tab where i < 2) order by i
----
1

query I rowsort
select * from tab where i in (select i from tab where i < 3) order by i
----
1
2

statement ok
drop table tab

