statement ok
create table t1(id int, name varchar(1024))

statement ok
alter table t1 add constraint id_p primary key(id)

statement error
alter table t1 add constraint id_p primary key(id)

query T rowsort
select name from sys.keys where name = 'id_p'
----
id_p

statement ok
drop table t1

query T rowsort
select name from sys.keys where name = 'id_p'
----

