statement ok
create table hge_types (
	"hugeint" hugeint,
	"decimal" decimal,
	"decimal38" decimal(38),
	"decimal37_22" decimal(37,22),
	"numeric" numeric,
	"numeric38" numeric(38, 0),
	"numeric37_9" numeric(37, 9)
)

query ITTIIIT rowsort
select number, name, type, type_digits, type_scale, "null", "default" from sys._columns where table_id in (select id from sys._tables where name = 'hge_types') order by number
----
0
hugeint
hugeint
128
0
1
NULL
1
decimal
decimal
18
3
1
NULL
2
decimal38
decimal
38
0
1
NULL
3
decimal37_22
decimal
37
22
1
NULL
4
numeric
decimal
18
3
1
NULL
5
numeric38
decimal
38
0
1
NULL
6
numeric37_9
decimal
37
9
1
NULL

statement ok
insert into hge_types ("hugeint") values (12345678900987654321)

statement ok
insert into hge_types ("decimal") values (123456789012345.678)

statement ok
insert into hge_types ("numeric") values (123456789012345.678)

statement ok
insert into hge_types ("decimal38") values (12345678900987654321)

statement ok
insert into hge_types ("numeric38") values (12345678900987654321)

statement ok
insert into hge_types ("decimal37_22") values (123456789012345.1234567890123456789012)

statement ok
insert into hge_types ("numeric37_9") values (1234567890123456789012345.123456789)

statement ok
insert into hge_types values (123456789012345, 123456789012345, 123456789012345, 123456789012345, 123456789012345, 123456789012345, 123456789012345)

statement ok
insert into hge_types values (123456789012345, 123456789012345, 123456789012345, 123456789012345, 123456789012345, 123456789012345, 123456789012345)

statement ok
insert into hge_types select -"hugeint", -"decimal", -"decimal38", -"decimal37_22", -"numeric", -"numeric38", -"numeric37_9" from hge_types

query IRRRRRR rowsort
select * from hge_types order by 1,2,3,4,5,6,7
----
126 values hashing to 900e2d4b26334690c9f00720c9235f35

statement ok
create imprints index "hge_impidx_hugeint" on hge_types ("hugeint")

statement ok
create imprints index "hge_impidx_decimal" on hge_types ("decimal")

statement ok
create imprints index "hge_impidx_decimal38" on hge_types ("decimal38")

statement ok
create imprints index "hge_impidx_decimal37_22" on hge_types ("decimal37_22")

statement ok
create imprints index "hge_impidx_numeric" on hge_types ("numeric")

statement ok
create imprints index "hge_impidx_numeric38" on hge_types ("numeric38")

statement ok
create imprints index "hge_impidx_numeric37_9" on hge_types ("numeric37_9")

query IT rowsort
select type, name from sys.idxs where table_id in (select id from sys._tables where name = 'hge_types') order by name
----
4
hge_impidx_decimal
4
hge_impidx_decimal37_22
4
hge_impidx_decimal38
4
hge_impidx_hugeint
4
hge_impidx_numeric
4
hge_impidx_numeric37_9
4
hge_impidx_numeric38

query IRRRRRR rowsort
select * from hge_types
 where "hugeint" between 1 and 12345678900987654322
    or "decimal" between 2 and 123456789012345.679
    or "numeric" between 2 and 123456789012345.679
    or "decimal38" between 3 and 123456789009876543212
    or "numeric38" between 3 and 123456789009876543212
    or "decimal37_22" between 4 and 123456789012345.1234567890123456789013
    or "numeric37_9"  between 4 and 1234567890123456789012345.123456790
 order by 1,2,3,4,5,6,7
----
12345678900987654321
NULL
NULL
NULL
NULL
NULL
NULL
123456789012345
123456789012345.000
123456789012345.000
123456789012345.000
123456789012345.000
123456789012345.000
123456789012345.000
123456789012345
123456789012345.000
123456789012345.000
123456789012345.000
123456789012345.000
123456789012345.000
123456789012345.000
NULL
123456789012345.672
NULL
NULL
NULL
NULL
NULL
NULL
NULL
12345678900987654144.000
NULL
NULL
NULL
NULL
NULL
NULL
NULL
123456789012345.125
NULL
NULL
NULL
NULL
NULL
NULL
NULL
123456789012345.672
NULL
NULL
NULL
NULL
NULL
NULL
NULL
12345678900987654144.000
NULL
NULL
NULL
NULL
NULL
NULL
NULL
1234567890123456824475648.000

query IRRRRRR rowsort
select * from hge_types
 where "hugeint" >= -12345678900987654322
    or "decimal" >= -123456789012345.679
    or "numeric" >= -123456789012345.679
    or "decimal38" >= -123456789009876543212
    or "numeric38" >= -123456789009876543212
    or "decimal37_22" >= -123456789012345.1234567890123456789013
    or "numeric37_9"  >= -1234567890123456789012345.123456790
 order by 7 desc, 6 desc, 5 desc, 4 desc, 3 desc, 2 desc, 1 desc
----
126 values hashing to 900e2d4b26334690c9f00720c9235f35

statement ok
insert into hge_types select -"hugeint" + 123, -"decimal" + 123, -"decimal38" + 123, -"decimal37_22" + 123, -"numeric" + 123, -"numeric38" + 123, -"numeric37_9" + 123 from hge_types

query IRRRRRR rowsort
select * from hge_types
 where "hugeint" >= -12345678900987654322
    or "decimal" >= -123456789012345.679
    or "numeric" >= -123456789012345.679
    or "decimal38" >= -123456789009876543212
    or "numeric38" >= -123456789009876543212
    or "decimal37_22" >= -123456789012345.1234567890123456789013
    or "numeric37_9"  >= -1234567890123456789012345.123456790
 order by 7 desc, 6 desc, 5 desc, 4 desc, 3 desc, 2 desc, 1 desc
----
252 values hashing to 07b5af07781026469e7a9e41ec8e5a4f

query IT rowsort
select type, name from sys.idxs where table_id in (select id from sys._tables where name = 'hge_types') order by name
----
4
hge_impidx_decimal
4
hge_impidx_decimal37_22
4
hge_impidx_decimal38
4
hge_impidx_hugeint
4
hge_impidx_numeric
4
hge_impidx_numeric37_9
4
hge_impidx_numeric38

statement ok
drop index "hge_impidx_hugeint"

statement ok
drop index "hge_impidx_decimal"

statement ok
drop index "hge_impidx_decimal38"

statement ok
drop index "hge_impidx_decimal37_22"

statement ok
drop index "hge_impidx_numeric"

statement ok
drop index "hge_impidx_numeric38"

statement ok
drop index "hge_impidx_numeric37_9"

statement ok
drop table hge_types

statement ok
drop table if exists hge_types cascade

query IT rowsort
select type, name from sys.idxs where table_id in (select id from sys._tables where name = 'hge_types') order by name
----

