statement ok
CREATE TABLE xtmp1(i integer)

statement ok
INSERT INTO xtmp1 VALUES (1),(2),(4),(0),(10),(7),(3),(1),(1),(-4),(-9),(-1)

query I rowsort
SELECT * FROM xtmp1
----
-1
-4
-9
0
1
1
1
10
2
3
4
7

query TTTTTIITITT rowsort
SELECT schema, table, column, type, mode, count, hashes, phash, imprints, sorted, orderidx > 0 FROM storage(current_schema, 'xtmp1')
----
sys
xtmp1
i
int
writable
12
0
False
0
NULL
False

statement ok
ALTER TABLE xtmp1 SET READ ONLY

statement ok
CREATE ORDERED INDEX sys_xtmp1_i_oidx ON xtmp1(i)

query TTTTTIITITT rowsort
SELECT schema, table, column, type, mode, count, hashes, phash, imprints, sorted, orderidx > 0 FROM storage(current_schema, 'xtmp1')
----
sys
xtmp1
i
int
readonly
12
0
False
0
NULL
False

query I rowsort
SELECT * FROM xtmp1 WHERE i<0
----
-1
-4
-9

query I rowsort
SELECT * FROM xtmp1 WHERE i<1
----
-1
-4
-9
0

query I rowsort
SELECT * FROM xtmp1 WHERE i<2
----
-1
-4
-9
0
1
1
1

query I rowsort
SELECT * FROM xtmp1 WHERE i<5
----
-1
-4
-9
0
1
1
1
2
3
4

query I rowsort
SELECT * FROM xtmp1 WHERE i<8
----
-1
-4
-9
0
1
1
1
2
3
4
7

query I rowsort
SELECT * FROM xtmp1 WHERE i>=0 AND i<8
----
0
1
1
1
2
3
4
7

query I rowsort
SELECT * FROM xtmp1 WHERE i>=2 AND i<=2
----
2

statement ok
DROP INDEX sys_xtmp1_i_oidx

statement ok
DROP TABLE xtmp1


