statement ok
CREATE TABLE xtmp2(i integer)

query TTTTTIIIIII rowsort
SELECT schema, table, column, type, mode, count, hashes, phash, imprints, sorted, orderidx > 0 as orderidx FROM storage(current_schema, 'xtmp2')
----
sys
xtmp2
i
int
writable
0
0
0
0
1
0

statement ok
ALTER TABLE xtmp2 SET read only

statement ok
CREATE ORDERED INDEX sys_xtmp2_i_oidx ON xtmp2(i)

query TTTTTIIIIII rowsort
SELECT schema, table, column, type, mode, count, hashes, phash, imprints, sorted, orderidx > 0 as orderidx FROM storage(current_schema, 'xtmp2')
----
sys
xtmp2
i
int
readonly
0
0
0
0
1
0

query I rowsort
SELECT * FROM xtmp2 wHERE i>=0 AND i<8
----

statement ok
CREATE TABLE xtmp3(i integer)

statement ok
INSERT INTO xtmp3 VALUES(3)

query TTTTTIIIIII rowsort
SELECT schema, table, column, type, mode, count, hashes, phash, imprints, sorted, orderidx > 0 as orderidx FROM storage(current_schema, 'xtmp3')
----
sys
xtmp3
i
int
writable
1
0
0
0
1
0

statement ok
ALTER TABLE xtmp3 SET read only

statement ok
CREATE ORDERED INDEX sys_xtmp3_i_oidx ON xtmp3(i)

query TTTTTIIIIII rowsort
SELECT schema, table, column, type, mode, count, hashes, phash, imprints, sorted, orderidx > 0 as orderidx from storage(current_schema, 'xtmp3')
----
sys
xtmp3
i
int
readonly
1
0
0
0
1
0

query I rowsort
SELECT * FROM xtmp3 WHERE i>=0 AND i<8
----
3

statement ok
CREATE TABLE xtmp4(i integer)

statement ok
INSERT INTO xtmp4 VALUES (3),(0),(2)

query TTTTTIIIIII rowsort
SELECT schema, table, column, type, mode, count, hashes, phash, imprints, sorted, orderidx > 0 as orderidx FROM storage(current_schema, 'xtmp4')
----
sys
xtmp4
i
int
writable
3
0
0
0
0
0

statement ok
ALTER TABLE xtmp4 SET read only

statement ok
CREATE ORDERED INDEX sys_xtmp4_i_oidx ON xtmp4(i)

query TTTTTIIIIII rowsort
SELECT schema, table, column, type, mode, count, hashes, phash, imprints, sorted, orderidx > 0 as orderidx from storage(current_schema, 'xtmp4')
----
sys
xtmp4
i
int
readonly
3
0
0
0
0
1

query I rowsort
SELECT * FROM xtmp4 WHERE i>=0 AND i<8
----
0
2
3

statement ok
DROP INDEX sys_xtmp2_i_oidx

statement ok
DROP INDEX sys_xtmp3_i_oidx

statement ok
DROP INDEX sys_xtmp4_i_oidx

statement ok
DROP TABLE xtmp2

statement ok
DROP TABLE xtmp3

statement ok
DROP TABLE xtmp4

