statement ok
start transaction

statement ok
create table testmore (a int, b clob)

statement ok
insert into testmore values (1, 'another'), (1, 'testing'), (1, 'todo')

statement ok
insert into testmore values (2, 'lets'), (3, 'get'), (2, 'harder')

statement ok
insert into testmore values (3, 'even'), (2, 'more'), (1, '')

statement ok
insert into testmore values (3, 'even'), (2, NULL), (1, '')

query T
select group_concat('游', '游때') as "游땎" from (values (1),(2),(3), (NULL)) v
----
游游때游游때游游때游

query T rowsort
select group_concat('游', '游때') over () as "游땎" from (values (1),(2),(3), (NULL)) v
----
游游때游游때游游때游
游游때游游때游游때游
游游때游游때游游때游
游游때游游때游游때游

query T
select group_concat(null) || 'a'
----
NULL

query T
select group_concat(null) || 'a' from testmore
----
NULL

query T
select group_concat(null) over () || 'a'
----
NULL

query T
select group_concat(null) over () || 'a' from testmore
----
NULL
NULL
NULL
NULL
NULL
NULL
NULL
NULL
NULL
NULL
NULL
NULL

query T
select group_concat('') || 'a' where false
----
NULL

query T
select group_concat('') over () || 'a' where false
----

query T
select group_concat('')
----
(empty)

query T
select group_concat('') from testmore
----
,,,,,,,,,,,

query T
select group_concat('') over () from testmore
----
,,,,,,,,,,,
,,,,,,,,,,,
,,,,,,,,,,,
,,,,,,,,,,,
,,,,,,,,,,,
,,,,,,,,,,,
,,,,,,,,,,,
,,,,,,,,,,,
,,,,,,,,,,,
,,,,,,,,,,,
,,,,,,,,,,,
,,,,,,,,,,,

query T
select group_concat('', '') over () from testmore
----
(empty)
(empty)
(empty)
(empty)
(empty)
(empty)
(empty)
(empty)
(empty)
(empty)
(empty)
(empty)

query T rowsort
select listagg(a) from testmore
----
1,1,1,2,3,2,3,2,1,3,2,1

query T rowsort
select listagg(b) from testmore
----
another,testing,todo,lets,get,harder,even,more,,even,

query T rowsort
select listagg(a, a) from testmore
----
11111223322332211332211

query T rowsort
select listagg(b, b) from testmore
----
anothertestingtestingtodotodoletsletsgetgetharderharderevenevenmoremoreeveneven

query T rowsort
select listagg(a, b) from testmore
----
1testing1todo1lets2get3harder2even3more21even321

query T rowsort
select listagg(b, a) from testmore
----
another1testing1todo2lets3get2harder3even2more13even1

statement ok
rollback

