statement ok
start transaction

statement ok
create table testme (b char(8))

statement ok
insert into testme values ('')

query T rowsort
select group_concat(b) from testme
----
(empty)

statement ok
insert into testme values ('one'), ('two'), ('three')

query T rowsort
select group_concat(b) from testme
----
,one,two,three

statement ok
insert into testme values ('')

query T rowsort
select group_concat(b) from testme
----
,one,two,three,

statement ok
create table othertest (a int, b clob)

statement ok
insert into othertest values (1, 'test'), (1, ''), (1, 'me')

query IT rowsort
select a, group_concat(b) from othertest group by a
----
1
test,,me

statement ok
insert into othertest values (2, 'other'), (2, 'test'), (2, '')

query IT rowsort
select a, group_concat(b) from othertest group by a
----
1
test,,me
2
other,test,

statement ok
insert into othertest values (3, ''), (2, 'i want to see the commas'), (3, ''), (4, '')

query IT rowsort
select a, group_concat(b) from othertest group by a
----
1
test,,me
2
other,test,,i want to see the commas
3
,
4
(empty)

query IT rowsort
select a, group_concat(b) as compacted from othertest group by a having count(*) > 2
----
1
test,,me
2
other,test,,i want to see the commas

statement ok
rollback

