statement ok
start transaction

statement ok
create table testmore (a int, b clob)

statement ok
insert into testmore values (1, 'another'), (1, 'testing'), (1, 'todo')

query IT rowsort
select a, group_concat(b, '!') from testmore group by a
----
1
another!testing!todo

query T rowsort
select group_concat(b, '!') from testmore
----
another!testing!todo

statement ok
insert into testmore values (2, 'lets'), (3, 'get'), (2, 'harder')

statement ok
insert into testmore values (3, 'even'), (2, 'more'), (1, '')

query IT rowsort
select a, group_concat(b, '') from testmore group by a
----
1
anothertestingtodo
2
letshardermore
3
geteven

query T rowsort
select group_concat(b, '') from testmore
----
anothertestingtodoletsgetharderevenmore

query IT rowsort
select a, group_concat(b, '-') from testmore group by a
----
1
another-testing-todo-
2
lets-harder-more
3
get-even

query IT rowsort
select a, group_concat(b) from testmore group by a
----
1
another,testing,todo,
2
lets,harder,more
3
get,even

statement ok
insert into testmore values (3, 'even'), (2, NULL), (1, '')

query IT rowsort
select a, group_concat(b, E'XyZ\n') from testmore group by a
----
1
anotherXyZ@testingXyZ@todoXyZ@XyZ@
2
letsXyZ@harderXyZ@more
3
getXyZ@evenXyZ@even

query IT rowsort
select a, group_concat(b, NULL) from testmore group by a
----
1
anothertestingtodo
2
letshardermore
3
geteveneven

query T rowsort
select group_concat(b, NULL) from testmore
----
anothertestingtodoletsgetharderevenmoreeven

query T rowsort
select group_concat(a, NULL) from testmore
----
111232321321

query T rowsort
select group_concat(a, a) from testmore
----
11111223322332211332211

query T rowsort
select group_concat(a, 8) from testmore
----
18181828382838281838281

query T rowsort
select group_concat(a, b) from testmore
----
1testing1todo1lets2get3harder2even3more21even321

query T rowsort
select group_concat(b, a) from testmore
----
another1testing1todo2lets3get2harder3even2more13even1

query T rowsort
select group_concat('üòÄ', 'üòÅ') as "üòÉ" from (values (1),(2),(3), (NULL)) v
----
@@@@@@@

query T rowsort
select group_concat('üòÄ', 'üòÅ') over () as "üòÉ" from (values (1),(2),(3), (NULL)) v
----
@@@@@@@
@@@@@@@
@@@@@@@
@@@@@@@

query T rowsort
select group_concat(null) || 'a'
----
NULL

query T rowsort
select group_concat(null) || 'a' from testmore
----
NULL

query T rowsort
select group_concat(null) over () || 'a'
----
NULL

query T rowsort
select group_concat(null) over () || 'a' from testmore
----
NULL
NULL
NULL
NULL
NULL
NULL
NULL
NULL
NULL
NULL
NULL
NULL

query T rowsort
select group_concat('') || 'a' where false
----
NULL

query T rowsort
select group_concat('') over () || 'a' where false
----

query T rowsort
select group_concat('')
----
(empty)

query T rowsort
select group_concat('') from testmore
----
,,,,,,,,,,,

query T rowsort
select group_concat('') over () from testmore
----
,,,,,,,,,,,
,,,,,,,,,,,
,,,,,,,,,,,
,,,,,,,,,,,
,,,,,,,,,,,
,,,,,,,,,,,
,,,,,,,,,,,
,,,,,,,,,,,
,,,,,,,,,,,
,,,,,,,,,,,
,,,,,,,,,,,
,,,,,,,,,,,

query T rowsort
select group_concat('', '') over () from testmore
----
(empty)
(empty)
(empty)
(empty)
(empty)
(empty)
(empty)
(empty)
(empty)
(empty)
(empty)
(empty)

query T rowsort
 
select listagg(a) from testmore
----
1,1,1,2,3,2,3,2,1,3,2,1

query T rowsort
select listagg(b) from testmore
----
another,testing,todo,lets,get,harder,even,more,,even,

query T rowsort
select listagg(a, a) from testmore
----
11111223322332211332211

query T rowsort
select listagg(b, b) from testmore
----
anothertestingtestingtodotodoletsletsgetgetharderharderevenevenmoremoreeveneven

query T rowsort
select listagg(a, b) from testmore
----
1testing1todo1lets2get3harder2even3more21even321

query T rowsort
select listagg(b, a) from testmore
----
another1testing1todo2lets3get2harder3even2more13even1

statement ok
rollback

