statement ok
CREATE TABLE integers(i INTEGER)

statement ok
INSERT INTO integers VALUES (1), (2), (3), (NULL)

query I rowsort
SELECT i FROM integers WHERE i >= ALL(SELECT i FROM integers)
----

query II rowsort
SELECT i, i >= ALL(SELECT i FROM integers) FROM integers ORDER BY i
----
1
0
2
0
3
NULL
NULL
NULL

query I rowsort
SELECT i FROM integers WHERE i >= ALL(SELECT i FROM integers WHERE i IS NOT NULL)
----
3

query II rowsort
SELECT i, i >= ALL(SELECT i FROM integers WHERE i IS NOT NULL) FROM integers ORDER BY i
----
1
0
2
0
3
1
NULL
NULL

query I rowsort
SELECT i FROM integers WHERE i >= ALL(SELECT i FROM integers WHERE i IS NOT NULL)
----
3

query I rowsort
SELECT i FROM integers WHERE i > ALL(SELECT MIN(i) FROM integers)
----
2
3

query I rowsort
SELECT i FROM integers WHERE i < ALL(SELECT MAX(i) FROM integers)
----
1
2

query I rowsort
SELECT i FROM integers WHERE i <= ALL(SELECT i FROM integers)
----

query I rowsort
SELECT i FROM integers WHERE i <= ALL(SELECT i FROM integers WHERE i IS NOT NULL)
----
1

query I rowsort
SELECT i FROM integers WHERE i = ALL(SELECT i FROM integers WHERE i=1)
----
1

query I rowsort
SELECT i FROM integers WHERE i <> ALL(SELECT i FROM integers WHERE i=1)
----
2
3

query I rowsort
SELECT i FROM integers WHERE i = ALL(SELECT i FROM integers WHERE i IS NOT NULL)
----

query I rowsort
SELECT i FROM integers WHERE i <> ALL(SELECT i FROM integers WHERE i IS NOT NULL)
----

query I rowsort
SELECT i FROM integers WHERE i <> ALL(SELECT i FROM integers WHERE i>10) ORDER BY i
----
1
2
3
NULL

query II rowsort
SELECT i, i <> ALL(SELECT i FROM integers WHERE i>10) FROM integers ORDER BY i
----
1
1
2
1
3
1
NULL
1

query II rowsort
SELECT i, i > ANY(SELECT i FROM integers WHERE i>10) FROM integers ORDER BY i
----
1
0
2
0
3
0
NULL
0

query II rowsort
SELECT i, i = ANY(SELECT i FROM integers WHERE i>10) FROM integers ORDER BY i
----
1
0
2
0
3
0
NULL
0

query II rowsort
SELECT i, i >= ANY(SELECT i FROM integers WHERE i>10) FROM integers ORDER BY i
----
1
0
2
0
3
0
NULL
0

query II rowsort
SELECT i, i <= ANY(SELECT i FROM integers WHERE i>10) FROM integers ORDER BY i
----
1
0
2
0
3
0
NULL
0

query II rowsort
SELECT i, i < ANY(SELECT i FROM integers WHERE i>10) FROM integers ORDER BY i
----
1
0
2
0
3
0
NULL
0

query II rowsort
SELECT i, i <> ANY(SELECT i FROM integers WHERE i>10) FROM integers ORDER BY i
----
1
0
2
0
3
0
NULL
0

query II rowsort
SELECT i >= ALL(SELECT i FROM integers WHERE i IS NOT NULL) AS k, CAST(SUM(i) AS BIGINT) FROM integers GROUP BY k ORDER BY k
----
0
3
1
3
NULL
NULL

query I rowsort
SELECT CAST(SUM(i) AS BIGINT) FROM integers GROUP BY (i >= ALL(SELECT i FROM integers WHERE i IS NOT NULL)) ORDER BY 1
----
3
3
NULL

query II rowsort
SELECT i >= ALL(SELECT MIN(i) FROM integers WHERE i IS NOT NULL) AS k, CAST(SUM(i) AS BIGINT) FROM integers GROUP BY k ORDER BY k
----
1
6
NULL
NULL

query II rowsort
SELECT i, CAST(SUM(CASE WHEN (i >= ALL(SELECT i FROM integers WHERE i=2)) THEN 1 ELSE 0 END) AS BIGINT) FROM integers GROUP BY i ORDER BY i
----
1
0
2
1
3
1
NULL
0

statement ok
DROP TABLE integers

