statement ok
CREATE TABLE integers(i INTEGER)

statement ok rowcount 4
INSERT INTO integers VALUES (1), (2), (3), (NULL)

query I rowsort
SELECT i FROM integers WHERE i >= ALL(SELECT i FROM integers)
----

query IT nosort
SELECT i, i >= ALL(SELECT i FROM integers) FROM integers ORDER BY i
----
NULL
NULL
1
False
2
False
3
NULL

query I rowsort
SELECT i FROM integers WHERE i >= ALL(SELECT i FROM integers WHERE i IS NOT NULL)
----
3

query IT nosort
SELECT i, i >= ALL(SELECT i FROM integers WHERE i IS NOT NULL) FROM integers ORDER BY i
----
NULL
NULL
1
False
2
False
3
True

query I rowsort
SELECT i FROM integers WHERE i >= ALL(SELECT i FROM integers WHERE i IS NOT NULL)
----
3

query I rowsort
SELECT i FROM integers WHERE i > ALL(SELECT MIN(i) FROM integers)
----
2
3

query I rowsort
SELECT i FROM integers WHERE i < ALL(SELECT MAX(i) FROM integers)
----
1
2

query I rowsort
SELECT i FROM integers WHERE i <= ALL(SELECT i FROM integers)
----

query I rowsort
SELECT i FROM integers WHERE i <= ALL(SELECT i FROM integers WHERE i IS NOT NULL)
----
1

query I rowsort
SELECT i FROM integers WHERE i = ALL(SELECT i FROM integers WHERE i=1)
----
1

query I rowsort
SELECT i FROM integers WHERE i <> ALL(SELECT i FROM integers WHERE i=1)
----
2
3

query I rowsort
SELECT i FROM integers WHERE i = ALL(SELECT i FROM integers WHERE i IS NOT NULL)
----

query I rowsort
SELECT i FROM integers WHERE i <> ALL(SELECT i FROM integers WHERE i IS NOT NULL)
----

query I nosort
SELECT i FROM integers WHERE i <> ALL(SELECT i FROM integers WHERE i>10) ORDER BY i
----
NULL
1
2
3

query IT nosort
SELECT i, i <> ALL(SELECT i FROM integers WHERE i>10) FROM integers ORDER BY i
----
NULL
True
1
True
2
True
3
True

query IT nosort
SELECT i, i > ANY(SELECT i FROM integers WHERE i>10) FROM integers ORDER BY i
----
NULL
False
1
False
2
False
3
False

query IT nosort
SELECT i, i = ANY(SELECT i FROM integers WHERE i>10) FROM integers ORDER BY i
----
NULL
False
1
False
2
False
3
False

query IT nosort
SELECT i, i >= ANY(SELECT i FROM integers WHERE i>10) FROM integers ORDER BY i
----
NULL
False
1
False
2
False
3
False

query IT nosort
SELECT i, i <= ANY(SELECT i FROM integers WHERE i>10) FROM integers ORDER BY i
----
NULL
False
1
False
2
False
3
False

query IT nosort
SELECT i, i < ANY(SELECT i FROM integers WHERE i>10) FROM integers ORDER BY i
----
NULL
False
1
False
2
False
3
False

query IT nosort
SELECT i, i <> ANY(SELECT i FROM integers WHERE i>10) FROM integers ORDER BY i
----
NULL
False
1
False
2
False
3
False

query TI nosort
SELECT i >= ALL(SELECT i FROM integers WHERE i IS NOT NULL) AS k, CAST(SUM(i) AS BIGINT) FROM integers GROUP BY k ORDER BY k
----
NULL
NULL
False
3
True
3

query I nosort
SELECT CAST(SUM(i) AS BIGINT) FROM integers GROUP BY (i >= ALL(SELECT i FROM integers WHERE i IS NOT NULL)) ORDER BY 1
----
NULL
3
3

query TI nosort
SELECT i >= ALL(SELECT MIN(i) FROM integers WHERE i IS NOT NULL) AS k, CAST(SUM(i) AS BIGINT) FROM integers GROUP BY k ORDER BY k
----
NULL
NULL
True
6

query II nosort
SELECT i, CAST(SUM(CASE WHEN (i >= ALL(SELECT i FROM integers WHERE i=2)) THEN 1 ELSE 0 END) AS BIGINT) FROM integers GROUP BY i ORDER BY i
----
NULL
0
1
0
2
1
3
1

statement ok
DROP TABLE integers


