statement ok
CREATE TABLE integers(i INTEGER)

statement ok
INSERT INTO integers VALUES (1), (2), (3), (NULL)

query I rowsort
SELECT i FROM integers WHERE i <= ANY(SELECT i FROM integers)
----
1
2
3

query I rowsort
SELECT i FROM integers WHERE i > ANY(SELECT i FROM integers)
----
2
3

query II rowsort
SELECT i, i > ANY(SELECT i FROM integers) FROM integers ORDER BY i
----
1
NULL
2
1
3
1
NULL
NULL

query II rowsort
SELECT i, i > ANY(SELECT i FROM integers WHERE i IS NOT NULL) FROM integers ORDER BY i
----
1
0
2
1
3
1
NULL
NULL

query II rowsort
SELECT i, NULL > ANY(SELECT i FROM integers) FROM integers ORDER BY i
----
1
NULL
2
NULL
3
NULL
NULL
NULL

query II rowsort
SELECT i, NULL > ANY(SELECT i FROM integers WHERE i IS NOT NULL) FROM integers ORDER BY i
----
1
NULL
2
NULL
3
NULL
NULL
NULL

query I rowsort
SELECT i FROM integers WHERE i = ANY(SELECT i FROM integers)
----
1
2
3

query II rowsort
SELECT i, i = ANY(SELECT i FROM integers WHERE i>2) FROM integers ORDER BY i
----
1
0
2
0
3
1
NULL
NULL

query II rowsort
SELECT i, i = ANY(SELECT i FROM integers WHERE i>2 OR i IS NULL) FROM integers ORDER BY i
----
1
NULL
2
NULL
3
1
NULL
NULL

query II rowsort
SELECT i, i <> ANY(SELECT i FROM integers WHERE i>2) FROM integers ORDER BY i
----
1
1
2
1
3
0
NULL
NULL

query II rowsort
SELECT i, i <> ANY(SELECT i FROM integers WHERE i>2 OR i IS NULL) FROM integers ORDER BY i
----
1
1
2
1
3
NULL
NULL
NULL

query II rowsort
SELECT i, i = ANY(SELECT i1.i FROM integers i1, integers i2, integers i3, integers i4, integers i5, integers i6 WHERE i1.i IS NOT NULL) FROM integers ORDER BY i
----
1
1
2
1
3
1
NULL
NULL

query II rowsort
SELECT i, i = ANY(SELECT i1.i FROM integers i1, integers i2, integers i3, integers i4, integers i5, integers i6 WHERE i1.i IS NOT NULL AND i1.i <> 2) FROM integers ORDER BY i
----
1
1
2
0
3
1
NULL
NULL

query II rowsort
SELECT i, i >= ANY(SELECT i1.i FROM integers i1, integers i2, integers i3, integers i4, integers i5, integers i6 WHERE i1.i IS NOT NULL) FROM integers ORDER BY i
----
1
1
2
1
3
1
NULL
NULL

statement error
SELECT i, i >= ANY(SELECT i1.i FROM integers i1, integers i2, integers i3, integers i4, integers i5, integers i6 WHERE i1.i IS NOT NULL AND i1.i <> 1 LIMIT 1) FROM integers ORDER BY i

statement error
SELECT 1 >= ANY(SELECT 2, 3)

statement ok
drop table integers

