query I rowsort
SELECT 1 = ANY(SELECT 1)
----
1

query I rowsort
SELECT 1 = ANY(SELECT NULL)
----
NULL

query I rowsort
SELECT 1 = ANY(SELECT 2)
----
0

query I rowsort
SELECT NULL = ANY(SELECT 2)
----
NULL

query I rowsort
SELECT 1 = ALL(SELECT 1)
----
1

query I rowsort
SELECT 1 = ALL(SELECT NULL)
----
NULL

query I rowsort
SELECT 1 = ALL(SELECT 2)
----
0

query I rowsort
SELECT NULL = ALL(SELECT 2)
----
NULL

statement ok
CREATE TABLE integers(i INTEGER)

statement ok
INSERT INTO integers VALUES (1), (2), (3)

query I rowsort
SELECT 2 > ANY(SELECT * FROM integers)
----
1

query I rowsort
SELECT 1 > ANY(SELECT * FROM integers)
----
0

query I rowsort
SELECT 4 > ALL(SELECT * FROM integers)
----
1

query I rowsort
SELECT 1 > ALL(SELECT * FROM integers)
----
0

query I rowsort
SELECT NULL > ANY(SELECT * FROM integers)
----
NULL

query I rowsort
SELECT NULL > ALL(SELECT * FROM integers)
----
NULL

statement ok
INSERT INTO integers VALUES (NULL)

query I rowsort
SELECT 2 > ANY(SELECT * FROM integers)
----
1

query I rowsort
SELECT 1 > ANY(SELECT * FROM integers)
----
NULL

query I rowsort
SELECT 4 > ALL(SELECT * FROM integers)
----
NULL

query I rowsort
SELECT 1 > ALL(SELECT * FROM integers)
----
0

query I rowsort
SELECT NULL > ANY(SELECT * FROM integers)
----
NULL

query I rowsort
SELECT NULL > ALL(SELECT * FROM integers)
----
NULL

query I rowsort
SELECT '1' = ALL(SELECT NULL)
----
NULL

query I rowsort
SELECT '1' = ALL(SELECT '1')
----
1

query I rowsort
SELECT '1' = ALL(SELECT '2')
----
0

query I rowsort
SELECT time '10:00:00' = ALL(SELECT NULL)
----
NULL

query I rowsort
SELECT time '10:00:00' = ALL(SELECT time '10:00:00')
----
1

query I rowsort
SELECT time '10:00:00' = ALL(SELECT time '10:00:01')
----
0

query I rowsort
SELECT i=ANY(SELECT i FROM integers WHERE i=i1.i) FROM integers i1 ORDER BY i
----
0
1
1
1

query I rowsort
SELECT i>ALL(SELECT (i+i1.i-1)/2 FROM integers WHERE i IS NOT NULL) FROM integers i1 ORDER BY i
----
0
0
1
NULL

query I rowsort
SELECT i=ALL(SELECT i FROM integers WHERE i<>i1.i) FROM integers i1 ORDER BY i
----
0
0
0
1

query I rowsort
SELECT i FROM integers i1 WHERE i=ANY(SELECT i FROM integers WHERE i=i1.i) ORDER BY i
----
1
2
3

query I rowsort
SELECT i FROM integers i1 WHERE i<>ANY(SELECT i FROM integers WHERE i=i1.i) ORDER BY i
----

query I rowsort
SELECT i FROM integers i1 WHERE i=ANY(SELECT i FROM integers WHERE i<>i1.i) ORDER BY i
----

query I rowsort
SELECT i FROM integers i1 WHERE i>ANY(SELECT i FROM integers WHERE i<>i1.i) ORDER BY i
----
2
3

query I rowsort
SELECT i FROM integers i1 WHERE i>ALL(SELECT (i+i1.i-1)/2 FROM integers WHERE i IS NOT NULL) ORDER BY i
----
3

query I rowsort
SELECT i=ALL(SELECT i FROM integers WHERE i=i1.i) FROM integers i1 ORDER BY i
----
1
1
1
1

query I rowsort
SELECT i=ANY(SELECT i FROM integers WHERE i=i1.i) FROM integers i1 ORDER BY i
----
0
1
1
1

query I rowsort
SELECT i<>ALL(SELECT i FROM integers WHERE i=i1.i) FROM integers i1 ORDER BY i
----
0
0
0
1

query I rowsort
SELECT i<>ANY(SELECT i FROM integers WHERE i=i1.i) FROM integers i1 ORDER BY i
----
0
0
0
0

query I rowsort
SELECT i=ANY(SELECT i FROM integers WHERE i<>i1.i) FROM integers i1 ORDER BY i
----
0
0
0
0

query I rowsort
SELECT i>ANY(SELECT i FROM integers WHERE i<>i1.i) FROM integers i1 ORDER BY i
----
0
0
1
1

query I rowsort
SELECT i>ALL(SELECT (i+i1.i-1)/2 FROM integers) FROM integers i1 ORDER BY i
----
0
0
NULL
NULL

query I rowsort
SELECT i>ALL(SELECT (i+i1.i-1)/2 FROM integers WHERE i IS NOT NULL) FROM integers i1 ORDER BY i
----
0
0
1
NULL

query I rowsort
SELECT i=ANY(SELECT i FROM integers WHERE i=i1.i OR i IS NULL) FROM integers i1 ORDER BY i
----
1
1
1
NULL

query I rowsort
SELECT i=ALL(SELECT i FROM integers WHERE i=i1.i OR i IS NULL) FROM integers i1 ORDER BY i
----
NULL
NULL
NULL
NULL

query I rowsort
SELECT MIN(i)>ANY(SELECT i FROM integers WHERE i>MIN(i1.i)) FROM integers i1
----
0

query I rowsort
SELECT SUM(i)>ANY(SELECT i FROM integers WHERE i>MIN(i1.i)) FROM integers i1
----
1

query I rowsort
SELECT (SELECT SUM(i)+SUM(i1.i) FROM integers)>ANY(SELECT i FROM integers WHERE i>MIN(i1.i)) FROM integers i1
----
1

query I rowsort
SELECT i=ANY(SELECT i FROM integers WHERE i=i1.i AND i>10) FROM integers i1 ORDER BY i
----
0
0
0
0

statement ok
DROP TABLE integers

