statement ok
CREATE TABLE integers(i INTEGER)

statement ok rowcount 4
INSERT INTO integers VALUES (1), (2), (3), (NULL)

query II nosort
SELECT i, EXISTS(SELECT i FROM integers WHERE i1.i>2) FROM integers i1 ORDER BY i
----
NULL
0
1
0
2
0
3
1

query II nosort
SELECT i, EXISTS(SELECT i FROM integers WHERE i=i1.i) FROM integers i1 ORDER BY i
----
NULL
0
1
1
2
1
3
1

query I nosort
SELECT i FROM integers i1 WHERE EXISTS(SELECT i FROM integers WHERE i=i1.i) ORDER BY i
----
1
2
3

query I rowsort
SELECT EXISTS(SELECT i FROM integers WHERE i>MIN(i1.i)) FROM integers i1
----
1

query II nosort
SELECT i, CAST(SUM(i) AS BIGINT) FROM integers i1 GROUP BY i HAVING EXISTS(SELECT i FROM integers WHERE i>MIN(i1.i)) ORDER BY i
----
1
1
2
2

query I rowsort
SELECT EXISTS(SELECT i+MIN(i1.i) FROM integers WHERE i=3) FROM integers i1
----
1

query I rowsort
SELECT EXISTS(SELECT i+MIN(i1.i) FROM integers WHERE i=5) FROM integers i1
----
0

query II nosort
SELECT EXISTS(SELECT i FROM integers WHERE i=i1.i) AS g, COUNT(*) FROM integers i1 GROUP BY g ORDER BY g
----
0
1
1
3

query I rowsort
SELECT CAST(SUM(CASE WHEN EXISTS(SELECT i FROM integers WHERE i=i1.i) THEN 1 ELSE 0 END) AS BIGINT) FROM integers i1
----
3

statement ok
DROP TABLE integers

