statement ok
CREATE TABLE integers(i INTEGER)

statement ok
INSERT INTO integers VALUES (1), (2), (3), (NULL)

query I rowsort
SELECT * FROM integers WHERE i=(SELECT 1)
----
1

query I rowsort
SELECT * FROM integers WHERE i=(SELECT SUM(1))
----
1

query I rowsort
SELECT * FROM integers WHERE i=(SELECT MIN(i) FROM integers)
----
1

query I rowsort
SELECT * FROM integers WHERE i=(SELECT MAX(i) FROM integers)
----
3

query II rowsort
SELECT *, (SELECT MAX(i) FROM integers) FROM integers ORDER BY i
----
1
3
2
3
3
3
NULL
3

query II rowsort
SELECT (SELECT 42) AS k, MAX(i) FROM integers GROUP BY k
----
42
3

query II rowsort
SELECT i, MAX((SELECT 42)) FROM integers GROUP BY i ORDER BY i
----
1
42
2
42
3
42
NULL
42

query I rowsort
SELECT (SELECT * FROM integers WHERE i>10) FROM integers
----
NULL
NULL
NULL
NULL

statement error
SELECT * FROM integers WHERE i=(SELECT i FROM integers WHERE i IS NOT NULL ORDER BY i)

statement error
SELECT * FROM integers WHERE i=(SELECT i FROM integers WHERE i IS NOT NULL ORDER BY i LIMIT 1)

statement error
SELECT * FROM integers WHERE i=(SELECT 1, 2)

statement error
SELECT * FROM integers WHERE i=(SELECT i, i + 2 FROM integers)

query I rowsort
SELECT * FROM integers WHERE EXISTS (SELECT 1, 2)
----
1
2
3
NULL

query I rowsort
SELECT * FROM integers WHERE EXISTS (SELECT i, i + 2 FROM integers)
----
1
2
3
NULL

query I rowsort
SELECT (SELECT i FROM integers WHERE i=1)
----
1

query I rowsort
SELECT * FROM integers WHERE i > (SELECT i FROM integers WHERE i=1)
----
2
3

query I rowsort
SELECT * FROM integers WHERE EXISTS(SELECT 1) ORDER BY i
----
1
2
3
NULL

query I rowsort
SELECT * FROM integers WHERE EXISTS(SELECT * FROM integers) ORDER BY i
----
1
2
3
NULL

query I rowsort
SELECT * FROM integers WHERE EXISTS(SELECT NULL) ORDER BY i
----
1
2
3
NULL

query I rowsort
SELECT * FROM integers WHERE NOT EXISTS(SELECT * FROM integers) ORDER BY i
----

query I rowsort
SELECT EXISTS(SELECT * FROM integers)
----
1

query I rowsort
SELECT EXISTS(SELECT * FROM integers WHERE i>10)
----
0

query II rowsort
SELECT EXISTS(SELECT * FROM integers), EXISTS(SELECT * FROM integers)
----
1
1

query I rowsort
SELECT EXISTS(SELECT * FROM integers) AND EXISTS(SELECT * FROM integers)
----
1

query I rowsort
SELECT EXISTS(SELECT EXISTS(SELECT * FROM integers))
----
1

query I rowsort
SELECT * FROM integers WHERE 1 IN (SELECT 1) ORDER BY i
----
1
2
3
NULL

query I rowsort
SELECT * FROM integers WHERE 1 IN (SELECT * FROM integers) ORDER BY i
----
1
2
3
NULL

query I rowsort
SELECT * FROM integers WHERE 1 IN (SELECT NULL) ORDER BY i
----

query I rowsort
SELECT 1 IN (SELECT NULL) FROM integers
----
NULL
NULL
NULL
NULL

query I rowsort
SELECT NULL IN (SELECT * FROM integers) FROM integers
----
NULL
NULL
NULL
NULL

query I rowsort
SELECT CAST(SUM(i) AS BIGINT) FROM integers WHERE 1 IN (SELECT * FROM integers)
----
6

query I rowsort
SELECT (SELECT (SELECT (SELECT 42)))
----
42

query I rowsort
SELECT (SELECT EXISTS(SELECT * FROM integers WHERE i>2)) FROM integers
----
1
1
1
1

query II rowsort
SELECT (SELECT MAX(i) FROM integers) AS k, CAST(SUM(i) AS BIGINT) FROM integers GROUP BY k
----
3
6

query II rowsort
SELECT i % 2 AS k, CAST(SUM(i) AS BIGINT) FROM integers GROUP BY k HAVING SUM(i) > (SELECT MAX(i) FROM integers)
----
1
4

query I rowsort
SELECT i FROM integers WHERE NOT(i IN (SELECT i FROM integers WHERE i>1))
----
1

query II rowsort
SELECT (SELECT CAST(SUM(i) AS BIGINT) FROM integers), (SELECT 42)
----
6
42

statement error
SELECT 1 FROM integers WHERE SUM(i) > 1

statement error
SELECT SUM(SUM(i)) FROM integers

statement error
SELECT i1.i FROM integers i1 WHERE i1.i >= (SELECT i1.i, i2.i FROM integers i2 WHERE i2.i > 1)

statement error
SELECT i1.i FROM integers i1 GROUP BY (SELECT SUM(i1.i) + i2.i FROM integers i2)

statement error
SELECT i1.i FROM integers i1 GROUP BY (SELECT i2.i FROM integers i2)

statement error
SELECT 1 FROM integers i1 GROUP BY (VALUES(1), (2))

statement error
SELECT 1 FROM integers i1 GROUP BY (VALUES(1,2,3))

query I rowsort
SELECT (VALUES(1))
----
1

statement error
SELECT (VALUES(1),(2))

statement error
SELECT (VALUES(1,2,3))

query I rowsort
SELECT i FROM integers ORDER BY (SELECT 1)
----
1
2
3
NULL

statement error
SELECT i FROM integers ORDER BY (SELECT 2)

query I rowsort
SELECT i FROM integers ORDER BY (SELECT -1)
----
1
2
3
NULL

statement ok
drop TABLE integers

statement ok
CREATE TABLE strings(v VARCHAR(128))

statement ok
INSERT INTO strings VALUES ('hello'), ('world'), (NULL)

query I rowsort
SELECT NULL IN (SELECT * FROM strings)
----
NULL

query I rowsort
SELECT 'hello' IN (SELECT * FROM strings)
----
1

query I rowsort
SELECT 'bla' IN (SELECT * FROM strings)
----
NULL

query I rowsort
SELECT 'bla' IN (SELECT * FROM strings WHERE v IS NOT NULL)
----
0

query T rowsort
SELECT * FROM strings WHERE EXISTS(SELECT NULL)
----
NULL
hello
world

query T rowsort
SELECT * FROM strings WHERE EXISTS(SELECT v FROM strings WHERE v='bla')
----

query T rowsort
SELECT (SELECT v FROM strings WHERE v='hello') FROM strings
----
hello
hello
hello

query T rowsort
SELECT (SELECT v FROM strings WHERE v='bla') FROM strings
----
NULL
NULL
NULL

statement ok
drop table strings

