statement ok
START TRANSACTION

statement ok
CREATE TABLE x (tailnum STRING, arr_delay INTEGER)

statement ok
COPY 2 RECORDS INTO x FROM STDIN USING DELIMITERS ',',E'\n','"' NULL as ''
<COPY_INTO_DATA>
"N907MQ",
"N907MQ",191

query R rowsort
-- correct result, 191
SELECT AVG( arr_delay ) FROM x
----
191.000

query TR rowsort
-- wrong result, NULL
SELECT tailnum , AVG( arr_delay ) FROM x GROUP BY tailnum
----
N907MQ
191.000

query TI rowsort
-- works fine with MIN
SELECT tailnum , MIN( arr_delay ) FROM x GROUP BY tailnum
----
N907MQ
191

query TR rowsort
-- correct again
SELECT tailnum , AVG( arr_delay ) FROM x WHERE tailnum = 'N907MQ' GROUP BY tailnum
----
N907MQ
191.000

query TR rowsort
-- wrong again
SELECT * FROM ( SELECT tailnum , AVG( arr_delay ) FROM x GROUP BY tailnum ) AS xxx WHERE tailnum = 'N907MQ'
----
N907MQ
191.000

query TI rowsort
-- both work fine with MIN
SELECT tailnum , MIN( arr_delay ) FROM x WHERE tailnum = 'N907MQ' GROUP BY tailnum
----
N907MQ
191

query TI rowsort
SELECT * FROM ( SELECT tailnum , MIN( arr_delay ) FROM x GROUP BY tailnum ) AS xxx WHERE tailnum = 'N907MQ'
----
N907MQ
191

statement ok
rollback

