statement ok
CREATE TABLE sys.abc (a INT, b VARCHAR(10))

statement ok rowcount 1
INSERT INTO sys.abc VALUES (1, 'one')

statement ok rowcount 1
INSERT INTO sys.abc VALUES (2, 'two')

query IT rowsort
SELECT * FROM sys.abc
----
1
one
2
two

statement ok
ANALYZE sys.abc

query TTITTTTTT nosort
SELECT "column", "type", "width", "unique", "nils", "minval", "maxval", "sorted", "revsorted" FROM sys.statistics ORDER BY "column"
----
a
int
4
True
False
1
2
True
False
b
varchar
1
True
False
one
two
True
False

query TTITTTTTT nosort
SELECT "column", "type", "width", "unique", "nils", "minval", "maxval", "sorted", "revsorted" FROM sys.statistics WHERE "column" NOT IN (select "name" from sys.columns) ORDER BY "column"
----

statement ok
ALTER TABLE sys.abc DROP COLUMN b

query TTITTTTTT nosort
SELECT "column", "type", "width", "unique", "nils", "minval", "maxval", "sorted", "revsorted" FROM sys.statistics WHERE "column" NOT IN (select "name" from sys.columns) ORDER BY "column"
----

statement ok
DROP TABLE sys.abc CASCADE

query TTITTTTTT nosort
SELECT "column", "type", "width", "unique", "nils", "minval", "maxval", "sorted", "revsorted" FROM sys.statistics WHERE "column" NOT IN (select "name" from sys.columns) ORDER BY "column"
----

query TTITTTTTT rowsort
SELECT "column", "type", "width", "unique", "nils", "minval", "maxval", "sorted", "revsorted" FROM sys.statistics
----

