statement ok
CREATE TABLE x ( a DOUBLE , b DOUBLE )

statement ok
INSERT INTO x VALUES (1.0,2.0)

statement ok
INSERT INTO x VALUES (2.0,3.0)

query RR rowsort
SELECT * FROM x
----
1.000
2.000
2.000
3.000

query R rowsort
SELECT CORR( a , b ) FROM x
----
1.000

query R rowsort
SELECT CORR( a , CAST( b AS INTEGER ) ) FROM x
----
1.000

query R rowsort
SELECT CORR( CAST( a AS INTEGER ) , b ) FROM x
----
1.000

statement ok
drop table x

