statement ok
CREATE TABLE test10 (id int NOT NULL, name varchar(100) NOT NULL)

statement ok
CREATE TABLE my_tables    AS SELECT name, schema_id, query, type, system, commit_action, access, temporary FROM sys.tables WHERE name IN ('table_types', 'dependency_types', 'optimizers', 'environment', 'test10')

statement ok
CREATE VIEW user_tables   AS SELECT * FROM my_tables WHERE NOT system AND query IS NULL ORDER BY schema_id, name

statement ok
CREATE VIEW user_views    AS SELECT * FROM my_tables WHERE NOT system AND query IS NOT NULL ORDER BY schema_id, name

statement ok
CREATE VIEW system_tables AS SELECT * FROM my_tables WHERE system AND query IS NULL AND schema_id IN (SELECT id FROM sys.schemas WHERE name = 'sys') ORDER BY schema_id, name

statement ok
CREATE VIEW system_views  AS SELECT * FROM my_tables WHERE system AND query IS NOT NULL AND schema_id IN (SELECT id FROM sys.schemas WHERE name = 'sys') ORDER BY schema_id, name

statement ok
CREATE VIEW all_tables    AS SELECT * FROM user_tables UNION SELECT * FROM system_tables ORDER BY schema_id, name

statement ok
CREATE VIEW all_views     AS SELECT * FROM user_views  UNION SELECT * FROM system_views  ORDER BY schema_id, name

statement ok
CREATE VIEW all_tbl_objs  AS SELECT * FROM all_tables  UNION SELECT * FROM all_views     ORDER BY schema_id, name

statement ok
INSERT INTO my_tables
SELECT name, schema_id, query, type, system, commit_action, access, temporary FROM sys.tables
 WHERE name IN ('my_tables', 'user_tables', 'user_views', 'system_tables', 'system_views', 'all_tables', 'all_views', 'all_tbl_objs')

query TITIIIII rowsort
select * from user_tables
----
my_tables
2000
NULL
0
0
0
0
0
test10
2000
NULL
0
0
0
0
0

query TITIIIII rowsort
select * from user_tables ORDER BY name DESC, schema_id
----
my_tables
2000
NULL
0
0
0
0
0
test10
2000
NULL
0
0
0
0
0

query TITIIIII rowsort
select * from user_views
----
all_tables
2000
create view all_tables as select * from user_tables union select * from system_tables order by schema_id, name@;
1
0
0
0
0
all_tbl_objs
2000
create view all_tbl_objs as select * from all_tables union select * from all_views order by schema_id, name@;
1
0
0
0
0
all_views
2000
create view all_views as select * from user_views union select * from system_views order by schema_id, name@;
1
0
0
0
0
system_tables
2000
create view system_tables as select * from my_tables where system and query is null and schema_id in (select id from sys.schemas where name = 'sys') order by schema_id, name@;
1
0
0
0
0
system_views
2000
create view system_views as select * from my_tables where system and query is not null and schema_id in (select id from sys.schemas where name = 'sys') order by schema_id, name@;
1
0
0
0
0
user_tables
2000
create view user_tables as select * from my_tables where not system and query is null order by schema_id, name@;
1
0
0
0
0
user_views
2000
create view user_views as select * from my_tables where not system and query is not null order by schema_id, name@;
1
0
0
0
0

query TITIIIII rowsort
select * from user_views ORDER BY query DESC, name ASC, schema_id
----
all_tables
2000
create view all_tables as select * from user_tables union select * from system_tables order by schema_id, name@;
1
0
0
0
0
all_tbl_objs
2000
create view all_tbl_objs as select * from all_tables union select * from all_views order by schema_id, name@;
1
0
0
0
0
all_views
2000
create view all_views as select * from user_views union select * from system_views order by schema_id, name@;
1
0
0
0
0
system_tables
2000
create view system_tables as select * from my_tables where system and query is null and schema_id in (select id from sys.schemas where name = 'sys') order by schema_id, name@;
1
0
0
0
0
system_views
2000
create view system_views as select * from my_tables where system and query is not null and schema_id in (select id from sys.schemas where name = 'sys') order by schema_id, name@;
1
0
0
0
0
user_tables
2000
create view user_tables as select * from my_tables where not system and query is null order by schema_id, name@;
1
0
0
0
0
user_views
2000
create view user_views as select * from my_tables where not system and query is not null order by schema_id, name@;
1
0
0
0
0

query TITIIIII rowsort
select * from system_tables
----
dependency_types
2000
NULL
10
1
0
1
0
table_types
2000
NULL
10
1
0
1
0

query TITIIIII rowsort
select * from system_tables ORDER BY name DESC, schema_id LIMIT 10
----
dependency_types
2000
NULL
10
1
0
1
0
table_types
2000
NULL
10
1
0
1
0

query TITIIIII rowsort
select * from system_views
----
environment
2000
create view sys.environment as select * from sys.env();
11
1
0
0
0
optimizers
2000
create view sys.optimizers as select * from sys.optimizers();
11
1
0
0
0

query TITIIIII rowsort
select * from system_views ORDER BY query DESC, name ASC, schema_id LIMIT 10
----
environment
2000
create view sys.environment as select * from sys.env();
11
1
0
0
0
optimizers
2000
create view sys.optimizers as select * from sys.optimizers();
11
1
0
0
0

query TITIIIII rowsort
select * from all_tables
----
dependency_types
2000
NULL
10
1
0
1
0
my_tables
2000
NULL
0
0
0
0
0
table_types
2000
NULL
10
1
0
1
0
test10
2000
NULL
0
0
0
0
0

query TITIIIII rowsort
select * from all_tables ORDER BY name DESC, schema_id LIMIT 10
----
dependency_types
2000
NULL
10
1
0
1
0
my_tables
2000
NULL
0
0
0
0
0
table_types
2000
NULL
10
1
0
1
0
test10
2000
NULL
0
0
0
0
0

query TITIIIII rowsort
select * from all_views
----
all_tables
2000
create view all_tables as select * from user_tables union select * from system_tables order by schema_id, name@;
1
0
0
0
0
all_tbl_objs
2000
create view all_tbl_objs as select * from all_tables union select * from all_views order by schema_id, name@;
1
0
0
0
0
all_views
2000
create view all_views as select * from user_views union select * from system_views order by schema_id, name@;
1
0
0
0
0
environment
2000
create view sys.environment as select * from sys.env();
11
1
0
0
0
optimizers
2000
create view sys.optimizers as select * from sys.optimizers();
11
1
0
0
0
system_tables
2000
create view system_tables as select * from my_tables where system and query is null and schema_id in (select id from sys.schemas where name = 'sys') order by schema_id, name@;
1
0
0
0
0
system_views
2000
create view system_views as select * from my_tables where system and query is not null and schema_id in (select id from sys.schemas where name = 'sys') order by schema_id, name@;
1
0
0
0
0
user_tables
2000
create view user_tables as select * from my_tables where not system and query is null order by schema_id, name@;
1
0
0
0
0
user_views
2000
create view user_views as select * from my_tables where not system and query is not null order by schema_id, name@;
1
0
0
0
0

query TITIIIII rowsort
select * from all_views ORDER BY query DESC, name ASC, schema_id LIMIT 10
----
all_tables
2000
create view all_tables as select * from user_tables union select * from system_tables order by schema_id, name@;
1
0
0
0
0
all_tbl_objs
2000
create view all_tbl_objs as select * from all_tables union select * from all_views order by schema_id, name@;
1
0
0
0
0
all_views
2000
create view all_views as select * from user_views union select * from system_views order by schema_id, name@;
1
0
0
0
0
environment
2000
create view sys.environment as select * from sys.env();
11
1
0
0
0
optimizers
2000
create view sys.optimizers as select * from sys.optimizers();
11
1
0
0
0
system_tables
2000
create view system_tables as select * from my_tables where system and query is null and schema_id in (select id from sys.schemas where name = 'sys') order by schema_id, name@;
1
0
0
0
0
system_views
2000
create view system_views as select * from my_tables where system and query is not null and schema_id in (select id from sys.schemas where name = 'sys') order by schema_id, name@;
1
0
0
0
0
user_tables
2000
create view user_tables as select * from my_tables where not system and query is null order by schema_id, name@;
1
0
0
0
0
user_views
2000
create view user_views as select * from my_tables where not system and query is not null order by schema_id, name@;
1
0
0
0
0

query TITIIIII rowsort
select * from all_tbl_objs
----
104 values hashing to 002a9539bba14a999d0bf0f03a00def1

query TITIIIII rowsort
select * from all_tbl_objs ORDER BY query DESC, name ASC, schema_id LIMIT 10
----
all_tables
2000
create view all_tables as select * from user_tables union select * from system_tables order by schema_id, name@;
1
0
0
0
0
all_tbl_objs
2000
create view all_tbl_objs as select * from all_tables union select * from all_views order by schema_id, name@;
1
0
0
0
0
all_views
2000
create view all_views as select * from user_views union select * from system_views order by schema_id, name@;
1
0
0
0
0
dependency_types
2000
NULL
10
1
0
1
0
environment
2000
create view sys.environment as select * from sys.env();
11
1
0
0
0
optimizers
2000
create view sys.optimizers as select * from sys.optimizers();
11
1
0
0
0
system_tables
2000
create view system_tables as select * from my_tables where system and query is null and schema_id in (select id from sys.schemas where name = 'sys') order by schema_id, name@;
1
0
0
0
0
system_views
2000
create view system_views as select * from my_tables where system and query is not null and schema_id in (select id from sys.schemas where name = 'sys') order by schema_id, name@;
1
0
0
0
0
user_tables
2000
create view user_tables as select * from my_tables where not system and query is null order by schema_id, name@;
1
0
0
0
0
user_views
2000
create view user_views as select * from my_tables where not system and query is not null order by schema_id, name@;
1
0
0
0
0

query TITIIIII rowsort
select * from user_tables
UNION
select * from user_views
ORDER by name
----
all_tables
2000
create view all_tables as select * from user_tables union select * from system_tables order by schema_id, name@;
1
0
0
0
0
all_tbl_objs
2000
create view all_tbl_objs as select * from all_tables union select * from all_views order by schema_id, name@;
1
0
0
0
0
all_views
2000
create view all_views as select * from user_views union select * from system_views order by schema_id, name@;
1
0
0
0
0
my_tables
2000
NULL
0
0
0
0
0
system_tables
2000
create view system_tables as select * from my_tables where system and query is null and schema_id in (select id from sys.schemas where name = 'sys') order by schema_id, name@;
1
0
0
0
0
system_views
2000
create view system_views as select * from my_tables where system and query is not null and schema_id in (select id from sys.schemas where name = 'sys') order by schema_id, name@;
1
0
0
0
0
test10
2000
NULL
0
0
0
0
0
user_tables
2000
create view user_tables as select * from my_tables where not system and query is null order by schema_id, name@;
1
0
0
0
0
user_views
2000
create view user_views as select * from my_tables where not system and query is not null order by schema_id, name@;
1
0
0
0
0

query TITIIIII rowsort
select * from user_views
UNION ALL
select * from user_tables
ORDER by query, name
----
all_tables
2000
create view all_tables as select * from user_tables union select * from system_tables order by schema_id, name@;
1
0
0
0
0
all_tbl_objs
2000
create view all_tbl_objs as select * from all_tables union select * from all_views order by schema_id, name@;
1
0
0
0
0
all_views
2000
create view all_views as select * from user_views union select * from system_views order by schema_id, name@;
1
0
0
0
0
my_tables
2000
NULL
0
0
0
0
0
system_tables
2000
create view system_tables as select * from my_tables where system and query is null and schema_id in (select id from sys.schemas where name = 'sys') order by schema_id, name@;
1
0
0
0
0
system_views
2000
create view system_views as select * from my_tables where system and query is not null and schema_id in (select id from sys.schemas where name = 'sys') order by schema_id, name@;
1
0
0
0
0
test10
2000
NULL
0
0
0
0
0
user_tables
2000
create view user_tables as select * from my_tables where not system and query is null order by schema_id, name@;
1
0
0
0
0
user_views
2000
create view user_views as select * from my_tables where not system and query is not null order by schema_id, name@;
1
0
0
0
0

query TITIIIII rowsort
select * from user_views
UNION
select * from user_tables
UNION ALL
select * from system_views
UNION
select * from system_tables
ORDER BY system, query, name DESC
LIMIT 10
----
all_tables
2000
create view all_tables as select * from user_tables union select * from system_tables order by schema_id, name@;
1
0
0
0
0
all_tbl_objs
2000
create view all_tbl_objs as select * from all_tables union select * from all_views order by schema_id, name@;
1
0
0
0
0
all_views
2000
create view all_views as select * from user_views union select * from system_views order by schema_id, name@;
1
0
0
0
0
my_tables
2000
NULL
0
0
0
0
0
system_tables
2000
create view system_tables as select * from my_tables where system and query is null and schema_id in (select id from sys.schemas where name = 'sys') order by schema_id, name@;
1
0
0
0
0
system_views
2000
create view system_views as select * from my_tables where system and query is not null and schema_id in (select id from sys.schemas where name = 'sys') order by schema_id, name@;
1
0
0
0
0
table_types
2000
NULL
10
1
0
1
0
test10
2000
NULL
0
0
0
0
0
user_tables
2000
create view user_tables as select * from my_tables where not system and query is null order by schema_id, name@;
1
0
0
0
0
user_views
2000
create view user_views as select * from my_tables where not system and query is not null order by schema_id, name@;
1
0
0
0
0

query TITIIIII rowsort
(select * from user_tables UNION ALL select * from user_views)
INTERSECT
(select * from system_tables UNION select * from system_views)
ORDER BY name DESC
----

query TITIIIII rowsort
(select * from user_tables UNION ALL select * from user_views)
EXCEPT
(select * from user_views UNION select * from user_tables)
ORDER BY name DESC
----

statement ok
-- cleanup
DROP VIEW all_tbl_objs

statement ok
DROP VIEW all_tables

statement ok
DROP VIEW all_views

statement ok
DROP VIEW user_tables

statement ok
DROP VIEW user_views

statement ok
DROP VIEW system_tables

statement ok
DROP VIEW system_views

statement ok
DROP TABLE my_tables

statement ok
DROP TABLE test10

