query TT nosort
select cast('2017-10-10' as date) - cast('2017-10-01' as date), date '2017-10-10' - date '2017-10-01'
----
9
9

query TT rowsort
select cast('2017-10-01' as date) + interval '9' day, date '2017-10-01' + interval '9' day
----
2017-10-10
2017-10-10

query TT rowsort
select cast('2017-10-01' as date) + interval '777600' SECOND, date '2017-10-01' + interval '777600' SECOND
----
2017-10-10
2017-10-10

statement error
select '1' + '1'

