query TT rowsort
select privilege_code_name,privilege_code_name from sys.privilege_codes group by privilege_code_name limit 2
----
SELECT
SELECT
UPDATE
UPDATE

query TT rowsort
select privilege_code_name, privilege_code_name from sys.privilege_codes group by privilege_code_name,privilege_code_name limit 2
----
SELECT
SELECT
UPDATE
UPDATE

query TT rowsort
select f.privilege_code_name, f.privilege_code_name from sys.privilege_codes AS f group by privilege_code_name,privilege_code_name limit 2
----
SELECT
SELECT
UPDATE
UPDATE

