statement ok
CREATE SCHEMA xyz

statement ok
CREATE TABLE xyz.t1 (col1 int Primary Key)

statement ok
CREATE VIEW xyz.v1 as SELECT col1 FROM xyz.t1 WHERE col1 > 0 ORDER BY col1

statement ok
INSERT INTO xyz.t1 VALUES (0), (2), (1)

query I rowsort
SELECT * FROM xyz.t1
----
0
1
2

query I rowsort
SELECT * FROM xyz.v1
----
1
2

statement error
DROP SCHEMA xyz RESTRICT

query I rowsort
-- this should return an error as there are objects (table, column, pkey, view) depending on the schema
SELECT * FROM xyz.t1
----
0
1
2

query I rowsort
SELECT * FROM xyz.v1
----
1
2

statement error
DROP SCHEMA xyz

query I rowsort
-- this should return an error as the default behavior should be RESTRICT and there are objects (table, column, pkey, view) depending on the schema
SELECT * FROM xyz.t1
----
0
1
2

query I rowsort
SELECT * FROM xyz.v1
----
1
2

statement ok
DROP SCHEMA xyz CASCADE

statement error
-- this should return success. Also all depending objects should be dropped
SELECT * FROM xyz.t1

statement error
SELECT * FROM xyz.v1

statement error
DROP SCHEMA xyz CASCADE

statement ok
-- this should return an error as the schema should not exist anymore
DROP SCHEMA IF EXISTS xyz CASCADE

statement ok
-- this should return success.
CREATE SCHEMA xyz2

statement ok
CREATE TABLE xyz2.t1 (col1 int Primary Key)

statement ok
CREATE VIEW xyz2.v1 as SELECT col1 FROM xyz2.t1 WHERE col1 > 0 ORDER BY col1

statement ok
INSERT INTO xyz2.t1 VALUES (0), (2), (1)

statement error
DROP SCHEMA xyz2 RESTRICT

query I rowsort
-- this should return an error as there are objects (table, column, pkey, view) depending on the schema
SELECT * FROM xyz2.t1
----
0
1
2

query I rowsort
SELECT * FROM xyz2.v1
----
1
2

statement ok
DROP TABLE xyz2.t1 CASCADE

statement error
-- this should drop the table and the dependent view
SELECT * FROM xyz2.t1

statement error
SELECT * FROM xyz2.v1

statement ok
DROP SCHEMA xyz2 RESTRICT

statement ok
-- this should return success as there are no depending objects anymore
DROP SCHEMA IF EXISTS xyz2 CASCADE

