statement ok
CREATE TABLE "PKeyNotNull" (
	"PK_COL1" varchar(4) NOT NULL,
	"PK_COL2" varchar(4) NOT NULL,
	"DataCol" int DEFAULT NULL,
	PRIMARY KEY ("PK_COL1","PK_COL2") )

query TTI nosort
select c.name, c.type, c."null" from sys.columns c, sys.tables t, sys.schemas s where c.table_id = t.id and t.schema_id = s.id and t.name = 'PKeyNotNull' and s.name = 'sys' order by c.number
----
PK_COL1
varchar
0
PK_COL2
varchar
0
DataCol
int
1

statement error
INSERT INTO "PKeyNotNull" values ('C12', NULL, 1)

statement error
ALTER TABLE "PKeyNotNull" ALTER "PK_COL2" SET NULL

statement error
INSERT INTO "PKeyNotNull" values ('C12', NULL, 2)

query TTI rowsort
SELECT * FROM "PKeyNotNull"
----

statement ok
DROP TABLE "PKeyNotNull"

statement ok
CREATE TABLE "PKeyImplicitNotNull" (
	"PK_COL1" varchar(4) NULL,
	"PK_COL2" varchar(4) NULL,
	"DataCol" int DEFAULT NULL,
	PRIMARY KEY ("PK_COL1","PK_COL2") )

query TTI nosort
select c.name, c.type, c."null" from sys.columns c, sys.tables t, sys.schemas s where c.table_id = t.id and t.schema_id = s.id and t.name = 'PKeyImplicitNotNull' and s.name = 'sys' order by c.number
----
PK_COL1
varchar
0
PK_COL2
varchar
0
DataCol
int
1

statement error
INSERT INTO "PKeyImplicitNotNull" values ('C12', NULL, 1)

statement error
ALTER TABLE "PKeyImplicitNotNull" ALTER "PK_COL2" SET NULL

statement error
INSERT INTO "PKeyImplicitNotNull" values ('C12', NULL, 2)

query TTI rowsort
SELECT * FROM "PKeyImplicitNotNull"
----

statement ok
DROP TABLE "PKeyImplicitNotNull"

