statement ok
set time zone interval '+02:00' hour to minute

statement ok
create table my_dates(dt date, ts timestamp, tstz timestamp with time zone)

statement ok
insert into my_dates values (date '2017-06-14', timestamp '2017-06-14 12:12:12.12', timestamp with time zone '2017-06-14 12:12:12.12 CET+1')

statement ok
insert into my_dates values (date '2016-07-14', timestamp '2016-07-14 12:12:12.12', timestamp with time zone '2016-07-14 12:12:12.12 CET+1')

statement ok
insert into my_dates values (date '2014-01-14', timestamp '2014-01-14 12:12:12.12', timestamp with time zone '2014-01-14 12:12:12.12 CET+1')

statement ok
insert into my_dates values (date '2015-12-14', timestamp '2015-12-14 12:12:12.12', timestamp with time zone '2015-12-14 12:12:12.12 CET+1')

query TTT rowsort
select * from my_dates order by dt
----
2014-01-14
2014-01-14 12:12:12.120000
2014-01-14 16:12:12.120000
2015-12-14
2015-12-14 12:12:12.120000
2015-12-14 16:12:12.120000
2016-07-14
2016-07-14 12:12:12.120000
2016-07-14 16:12:12.120000
2017-06-14
2017-06-14 12:12:12.120000
2017-06-14 16:12:12.120000

query TI rowsort
select dt, extract(year from dt) as dt_yr from my_dates order by dt
----
2014-01-14
2014
2015-12-14
2015
2016-07-14
2016
2017-06-14
2017

query TI rowsort
select ts, extract(year from ts) as ts_yr from my_dates order by dt
----
2014-01-14 12:12:12.120000
2014
2015-12-14 12:12:12.120000
2015
2016-07-14 12:12:12.120000
2016
2017-06-14 12:12:12.120000
2017

query TI rowsort
select tstz, extract(year from tstz) as tstz_yr from my_dates order by dt
----
2014-01-14 16:12:12.120000
2014
2015-12-14 16:12:12.120000
2015
2016-07-14 16:12:12.120000
2016
2017-06-14 16:12:12.120000
2017

query TI rowsort
select dt, extract(quarter from dt) as dt_qrfrom from my_dates order by dt
----
2014-01-14
1
2015-12-14
4
2016-07-14
3
2017-06-14
2

query TI rowsort
select ts, extract(quarter from ts) as ts_qrfrom from my_dates order by dt
----
2014-01-14 12:12:12.120000
1
2015-12-14 12:12:12.120000
4
2016-07-14 12:12:12.120000
3
2017-06-14 12:12:12.120000
2

query TI rowsort
select tstz, extract(quarter from tstz) as tstz_qr from my_dates order by dt
----
2014-01-14 16:12:12.120000
1
2015-12-14 16:12:12.120000
4
2016-07-14 16:12:12.120000
3
2017-06-14 16:12:12.120000
2

query TI rowsort
select dt, extract(week from dt) as dt_wk from my_dates order by dt
----
2014-01-14
3
2015-12-14
51
2016-07-14
28
2017-06-14
24

query TI rowsort
select ts, extract(week from ts) as ts_wk from my_dates order by dt
----
2014-01-14 12:12:12.120000
3
2015-12-14 12:12:12.120000
51
2016-07-14 12:12:12.120000
28
2017-06-14 12:12:12.120000
24

query TI rowsort
select tstz, extract(week from tstz) as tstz_wk from my_dates order by dt
----
2014-01-14 16:12:12.120000
3
2015-12-14 16:12:12.120000
51
2016-07-14 16:12:12.120000
28
2017-06-14 16:12:12.120000
24

query TI rowsort
select dt, "year"(dt) as dt_yr from my_dates order by dt
----
2014-01-14
2014
2015-12-14
2015
2016-07-14
2016
2017-06-14
2017

query TI rowsort
select ts, "year"(ts) as ts_yr from my_dates order by dt
----
2014-01-14 12:12:12.120000
2014
2015-12-14 12:12:12.120000
2015
2016-07-14 12:12:12.120000
2016
2017-06-14 12:12:12.120000
2017

query TI rowsort
select tstz, "year"(tstz) as tstz_yr from my_dates order by dt
----
2014-01-14 16:12:12.120000
2014
2015-12-14 16:12:12.120000
2015
2016-07-14 16:12:12.120000
2016
2017-06-14 16:12:12.120000
2017

query TI rowsort
select dt, quarter(dt) as dt_qrfrom from my_dates order by dt
----
2014-01-14
1
2015-12-14
4
2016-07-14
3
2017-06-14
2

query TI rowsort
select ts, quarter(ts) as ts_qrfrom from my_dates order by dt
----
2014-01-14 12:12:12.120000
1
2015-12-14 12:12:12.120000
4
2016-07-14 12:12:12.120000
3
2017-06-14 12:12:12.120000
2

query TI rowsort
select tstz, quarter(tstz) as tstz_qr from my_dates order by dt
----
2014-01-14 16:12:12.120000
1
2015-12-14 16:12:12.120000
4
2016-07-14 16:12:12.120000
3
2017-06-14 16:12:12.120000
2

query TI rowsort
select dt, week(dt) as dt_wk from my_dates order by dt
----
2014-01-14
3
2015-12-14
51
2016-07-14
28
2017-06-14
24

query TI rowsort
select ts, week(ts) as ts_wk from my_dates order by dt
----
2014-01-14 12:12:12.120000
3
2015-12-14 12:12:12.120000
51
2016-07-14 12:12:12.120000
28
2017-06-14 12:12:12.120000
24

query TI rowsort
select tstz, week(tstz) as tstz_wk from my_dates order by dt
----
2014-01-14 16:12:12.120000
3
2015-12-14 16:12:12.120000
51
2016-07-14 16:12:12.120000
28
2017-06-14 16:12:12.120000
24

statement ok
drop table my_dates

