statement ok
CREATE SCHEMA banana

statement ok
SET SCHEMA banana

statement ok
CREATE MERGE TABLE t  ( num DECIMAL(8,2) DEFAULT NULL )

statement ok
CREATE       TABLE t0 ( num DECIMAL(8,2) DEFAULT NULL )

statement ok
ALTER TABLE t ADD TABLE t0

query R rowsort
SELECT * FROM t
----

statement ok
CREATE FUNCTION foo ()
RETURNS TABLE (i DECIMAL(8,2))
BEGIN
    RETURN SELECT * FROM t;
END

query R rowsort
-- this fails unexpectedly
SELECT * FROM foo()
----

statement ok
SET SCHEMA sys

statement ok
DROP SCHEMA banana CASCADE

