statement ok
START TRANSACTION

statement ok
create table data(i integer)

statement ok
insert into data values(0),(1),(2)

statement ok
create table multiples(i integer)

statement ok
insert into multiples VALUES((select count(*) from data)), ((select count(distinct i) from data))

query I rowsort
select * from multiples
----
3
3

statement ok
insert into multiples VALUES((select count(*) from data))

statement ok
insert into multiples VALUES((select count(distinct i) from data))

query I rowsort
select * from multiples
----
3
3
3
3

statement ok
ROLLBACK

