statement ok
create table test_oidx (c1 int, c2 string)

statement ok
insert into test_oidx (c1, c2) values (1, 'ccc'), (2, 'bbb'), (3, 'eee'), (4, 'aaa'), (5, 'ddd')

query IT rowsort
select * from test_oidx order by c2, c1
----
1
ccc
2
bbb
3
eee
4
aaa
5
ddd

statement ok
create ordered index test_oidx1 on test_oidx (c2)

query IT rowsort
select * from test_oidx order by c2, c1
----
1
ccc
2
bbb
3
eee
4
aaa
5
ddd

statement ok
drop index test_oidx1

statement ok
drop table test_oidx

statement ok
create table test_oidx (c1 int, c2 char(5))

statement ok
insert into test_oidx (c1, c2) values (1, 'ccc'), (2, 'bbb'), (3, 'eee'), (4, 'aaa'), (5, 'ddd')

query IT rowsort
select * from test_oidx order by c2, c1
----
1
ccc
2
bbb
3
eee
4
aaa
5
ddd

statement ok
create ordered index test_oidx1 on test_oidx (c2)

query IT rowsort
select * from test_oidx order by c2, c1
----
1
ccc
2
bbb
3
eee
4
aaa
5
ddd

statement ok
drop index test_oidx1

statement ok
drop table test_oidx

statement ok
create table test_oidx (c1 int, c2 varchar(6))

statement ok
insert into test_oidx (c1, c2) values (1, 'ccc'), (2, 'bbb'), (3, 'eee'), (4, 'aaa'), (5, 'ddd')

query IT rowsort
select * from test_oidx order by c2, c1
----
1
ccc
2
bbb
3
eee
4
aaa
5
ddd

statement ok
create ordered index test_oidx1 on test_oidx (c2)

query IT rowsort
select * from test_oidx order by c2, c1
----
1
ccc
2
bbb
3
eee
4
aaa
5
ddd

statement ok
drop index test_oidx1

statement ok
drop table test_oidx

statement ok
create table test_oidx (c1 int, c2 clob)

statement ok
insert into test_oidx (c1, c2) values (1, 'ccc'), (2, 'bbb'), (3, 'eee'), (4, 'aaa'), (5, 'ddd')

query IT rowsort
select * from test_oidx order by c2, c1
----
1
ccc
2
bbb
3
eee
4
aaa
5
ddd

statement ok
create ordered index test_oidx1 on test_oidx (c2)

query IT rowsort
select * from test_oidx order by c2, c1
----
1
ccc
2
bbb
3
eee
4
aaa
5
ddd

statement ok
drop index test_oidx1

statement ok
drop table test_oidx

