statement ok
create table t (
	a integer auto_increment primary key,
	b integer generated always as identity (start with 2) unique,
	c integer generated always as identity (start with 3) not null,
	d integer generated always as identity (start with 4),
	e integer default 5 not null,
	f integer default 6,
	g integer
)

statement ok
copy 1 records into t (g) from stdin (g)
<COPY_INTO_DATA>
-7

statement ok
copy 1 records into t (g) from stdin (g)
<COPY_INTO_DATA>
NULL

statement ok
insert into t (g) values (NULL)

statement ok
insert into t (g) values (-7)

statement ok
copy 1 records into t (f) from stdin (f)
<COPY_INTO_DATA>
-6

statement ok
copy 1 records into t (f) from stdin (f)
<COPY_INTO_DATA>
NULL

statement ok
insert into t (f) values (NULL)

statement ok
insert into t (f) values (-6)

statement ok
copy 1 records into t (e) from stdin (e)
<COPY_INTO_DATA>
-5

statement error
copy 1 records into t (e) from stdin (e)
<COPY_INTO_DATA>
NULL

statement error
insert into t (e) values (NULL)

statement ok
insert into t (e) values (-5)

statement ok
copy 1 records into t (d) from stdin (d)
<COPY_INTO_DATA>
-4

statement ok
copy 1 records into t (d) from stdin (d)
<COPY_INTO_DATA>
NULL

statement ok
insert into t (d) values (NULL)

statement ok
insert into t (d) values (-4)

statement ok
copy 1 records into t (c) from stdin (c)
<COPY_INTO_DATA>
-3

statement error
copy 1 records into t (c) from stdin (c)
<COPY_INTO_DATA>
NULL

statement error
insert into t (c) values (NULL)

statement ok
insert into t (c) values (-3)

statement ok
copy 1 records into t (b) from stdin (b)
<COPY_INTO_DATA>
-2

statement ok
copy 1 records into t (b) from stdin (b)
<COPY_INTO_DATA>
NULL

statement ok
insert into t (b) values (NULL)

statement error
insert into t (b) values (-2)

statement ok
copy 1 records into t (a) from stdin (a)
<COPY_INTO_DATA>
-1

statement error
copy 1 records into t (a) from stdin (a)
<COPY_INTO_DATA>
NULL

statement error
insert into t (a) values (NULL)

statement error
insert into t (a) values (-1)

query IIIIIII rowsort
select * from t
----
140 values hashing to e1c44aeb60fd8b0f2ca04971ab325dd5

statement ok
drop table t

statement ok
create table t (
	a integer auto_increment primary key,
	b integer generated always as identity (start with 2) unique,
	c integer generated always as identity (start with 3) not null,
	d integer generated always as identity (start with 4),
	e integer default 5 not null,
	f integer default 6,
	g integer
)

statement ok
insert into t (a,b,c,d,e,f,g) values (-11,-12,-13,-14,-15,-16,-17)

statement ok
insert into t (a,b,c,d,e,f)   values (-21,-22,-23,-24,-25,-26)

statement ok
insert into t (a,b,c,d,e,g)   values (-31,-32,-33,-34,-35,-37)

statement ok
insert into t (a,b,c,d,f,g)   values (-41,-42,-43,-44,-46,-47)

statement ok
insert into t (a,b,c,e,f,g)   values (-51,-52,-53,-55,-56,-57)

statement ok
insert into t (a,b,d,e,f,g)   values (-61,-62,-64,-65,-66,-67)

statement ok
insert into t (a,c,d,e,f,g)   values (-71,-73,-74,-75,-76,-77)

statement ok
insert into t (b,c,d,e,f,g)   values (-82,-83,-84,-85,-86,-87)

query IIIIIII rowsort
select * from t
----
-11
-12
-13
-14
-15
-16
-17
-21
-22
-23
-24
-25
-26
NULL
-31
-32
-33
-34
-35
6
-37
-41
-42
-43
-44
5
-46
-47
-51
-52
-53
4
-55
-56
-57
-61
-62
3
-64
-65
-66
-67
-71
2
-73
-74
-75
-76
-77
1
-82
-83
-84
-85
-86
-87

statement ok
drop table t

statement ok
create table t (
	a integer auto_increment primary key,
	b integer generated always as identity (start with 2) unique,
	c integer generated always as identity (start with 3) not null,
	d integer generated always as identity (start with 4),
	e integer default 5 not null,
	f integer default 6,
	g integer
)

statement ok
copy 2 records into t (a,b,c,d,e,f,g) from stdin (a,b,c,d,e,f,g)
<COPY_INTO_DATA>
-111|-112|-113|-114|-115|-116|-117
-121|-122|-123|-124|-125|-126|-127

statement ok
copy 2 records into t (a,b,c,d,e,f) from stdin (a,b,c,d,e,f)
<COPY_INTO_DATA>
-211|-212|-213|-214|-215|-216
-221|-222|-223|-224|-225|-226

statement ok
copy 2 records into t (a,b,c,d,e,g) from stdin (a,b,c,d,e,g)
<COPY_INTO_DATA>
-311|-312|-313|-314|-315|-317
-321|-322|-323|-324|-325|-327

statement ok
copy 2 records into t (a,b,c,d,f,g) from stdin (a,b,c,d,f,g)
<COPY_INTO_DATA>
-411|-412|-413|-414|-416|-417
-421|-422|-423|-424|-426|-427

statement ok
copy 2 records into t (a,b,c,e,f,g) from stdin (a,b,c,e,f,g)
<COPY_INTO_DATA>
-511|-512|-513|-515|-516|-517
-521|-522|-523|-525|-526|-527

statement ok
copy 2 records into t (a,b,d,e,f,g) from stdin (a,b,d,e,f,g)
<COPY_INTO_DATA>
-611|-612|-614|-615|-616|-617
-621|-622|-624|-625|-626|-627

statement ok
copy 2 records into t (a,c,d,e,f,g) from stdin (a,c,d,e,f,g)
<COPY_INTO_DATA>
-711|-713|-714|-715|-716|-717
-721|-723|-724|-725|-726|-727

statement ok
copy 2 records into t (b,c,d,e,f,g) from stdin (b,c,d,e,f,g)
<COPY_INTO_DATA>
-812|-813|-814|-815|-816|-817
-822|-823|-824|-825|-826|-827

query IIIIIII rowsort
select * from t
----
112 values hashing to d82c83ddf1ff260710cf7f6e4b0b7e23

statement ok
drop table t

statement ok
CREATE LOADER myloader(x integer, y string) LANGUAGE PYTHON {
	z={}
	i=0
	for j in ('a','b','c','d','e','f','g'):
		i += 1
		if j in y:
			z[j] = x - i
	_emit.emit(z)
}

statement ok
create table t (
	a integer auto_increment primary key,
	b integer generated always as identity (start with 2) unique,
	c integer generated always as identity (start with 3) not null,
	d integer generated always as identity (start with 4),
	e integer default 5 not null,
	f integer default 6,
	g integer
)

statement ok
COPY LOADER INTO t FROM myloader(-10,'abcdefg')

statement ok
COPY LOADER INTO t FROM myloader(-20,'abcdef')

statement error
COPY LOADER INTO t FROM myloader(-30,'abcdeg')

statement error
COPY LOADER INTO t FROM myloader(-40,'abcdfg')

statement error
COPY LOADER INTO t FROM myloader(-50,'abcefg')

statement error
COPY LOADER INTO t FROM myloader(-60,'abdefg')

statement error
COPY LOADER INTO t FROM myloader(-70,'acdefg')

statement error
COPY LOADER INTO t FROM myloader(-80,'bcdefg')

query IIIIIII rowsort
select * from t
----
-11
-12
-13
-14
-15
-16
-17
-21
-22
-23
-24
-25
-26
NULL

statement ok
drop table t

statement ok
drop loader myloader

statement ok
CREATE LOADER myloader(x integer, y string) LANGUAGE PYTHON {
	z={}
	i=0
	for j in ('a','b','c','d','e','f','g'):
		i += 1
		if j in y:
			z[j] = numpy.array([ x - 10 - i , x - 20 - i ])
	_emit.emit(z)
}

statement ok
create table t (
	a integer auto_increment primary key,
	b integer generated always as identity (start with 2) unique,
	c integer generated always as identity (start with 3) not null,
	d integer generated always as identity (start with 4),
	e integer default 5 not null,
	f integer default 6,
	g integer
)

statement ok
COPY LOADER INTO t FROM myloader(-100,'abcdefg')

statement ok
COPY LOADER INTO t FROM myloader(-200,'abcdef')

statement error
COPY LOADER INTO t FROM myloader(-300,'abcdeg')

statement error
COPY LOADER INTO t FROM myloader(-400,'abcdfg')

statement error
COPY LOADER INTO t FROM myloader(-500,'abcefg')

statement error
COPY LOADER INTO t FROM myloader(-600,'abdefg')

statement error
COPY LOADER INTO t FROM myloader(-700,'acdefg')

statement error
COPY LOADER INTO t FROM myloader(-800,'bcdefg')

query IIIIIII rowsort
select * from t
----
-111
-112
-113
-114
-115
-116
-117
-121
-122
-123
-124
-125
-126
-127
-211
-212
-213
-214
-215
-216
NULL
-221
-222
-223
-224
-225
-226
NULL

statement ok
drop table t

statement ok
drop loader myloader

