statement ok
CREATE TABLE t(i INT)

statement ok
INSERT INTO t VALUES (1), (2), (3)

query I rowsort
SELECT 1 IN (SELECT i FROM t)
----
1

query I rowsort
-- expect true
SELECT 4 IN (SELECT i FROM t)
----
0

statement ok
-- expect false, got null
drop table t

