statement ok
drop table if exists t

statement ok
start transaction

statement ok
create table t ( c1 int , c2 int )

statement ok
copy 1 records into t (c1) from stdin (c1,c2) best effort
<COPY_INTO_DATA>
1|2

query II nosort
select * from t
----
1
NULL

statement ok
rollback

statement ok
start transaction

statement ok
create table t ( c1 int , c2 int )

statement ok
copy 1 records into t (c2) from stdin (c1,c2) best effort
<COPY_INTO_DATA>
1|2

query II nosort
select * from t
----
NULL
2

statement ok
rollback

statement ok
start transaction

statement ok
create table t ( c1 int , c2 int )

statement ok
copy 1 records into t (c1,c2) from stdin (x,c1,c2) best effort
<COPY_INTO_DATA>
0|1|2

query II nosort
select * from t
----
1
2

statement ok
rollback

statement ok
start transaction

statement ok
create table t ( c1 int , c2 int )

statement ok
copy 1 records into t (c1,c2) from stdin (c1,x,c2) best effort
<COPY_INTO_DATA>
1|0|2

query II nosort
select * from t
----
1
2

statement ok
rollback

statement ok
start transaction

statement ok
create table t ( c1 int , c2 int )

statement ok
copy 1 records into t (c1,c2) from stdin (c1,c2,x) best effort
<COPY_INTO_DATA>
1|2|0

query II nosort
select * from t
----
1
2

statement ok
rollback

