statement ok
CREATE TABLE tab1(col0 INTEGER, col1 INTEGER, col2 INTEGER)

query T rowsort
SELECT col0 + - - CAST ( NULL AS REAL ) - + col0 + + col1 FROM tab1 cor0 WHERE ( NULL ) IS NOT NULL
----

query R rowsort
SELECT col0 + - - CAST( NULL AS DECIMAL ) - + col0 + + col1 FROM tab1 cor0 WHERE ( NULL ) IS NOT NULL
----

statement ok
DROP TABLE tab1

