statement ok
CREATE TABLE tab0(pk INTEGER PRIMARY KEY, col0 INTEGER, col1 FLOAT, col2 TEXT, col3 INTEGER, col4 FLOAT, col5 TEXT)

statement ok
INSERT INTO tab0 VALUES(0,698,169.42,'apdbu',431,316.15,'sqvis')

statement ok
INSERT INTO tab0 VALUES(1,538,676.36,'fuqeu',514,685.97,'bgwrq')

statement ok
INSERT INTO tab0 VALUES(2,90,205.26,'yrrzx',123,836.88,'kpuhc')

statement ok
INSERT INTO tab0 VALUES(3,620,864.8,'myrdv',877,820.98,'oxkuv')

statement ok
INSERT INTO tab0 VALUES(4,754,677.3,'iofrg',67,665.49,'bzqba')

statement ok
INSERT INTO tab0 VALUES(5,107,710.19,'lhfro',286,504.28,'kwwsg')

statement ok
INSERT INTO tab0 VALUES(6,904,193.16,'eozui',48,698.55,'ejyzs')

statement ok
INSERT INTO tab0 VALUES(7,606,650.64,'ovmce',417,962.43,'dvkbh')

statement ok
INSERT INTO tab0 VALUES(8,535,18.11,'ijika',630,489.63,'hpnyu')

statement ok
INSERT INTO tab0 VALUES(9,501,776.40,'cvygg',725,75.5,'etlyv')

query IIRTIRT rowsort
SELECT * FROM tab0 AS cor0 WHERE NOT ( - col0 ) BETWEEN - + col4 AND NULL
----
0
698
169.420
apdbu
431
316.150
sqvis
4
754
677.300
iofrg
67
665.490
bzqba
6
904
193.160
eozui
48
698.550
ejyzs
8
535
18.110
ijika
630
489.630
hpnyu
9
501
776.400
cvygg
725
75.500
etlyv

query I rowsort
SELECT + - COUNT ( * ) FROM tab0 AS cor0 WHERE NOT ( - col0 ) BETWEEN - + col4 AND NULL; --should be -5
----
-5

statement ok
DROP TABLE tab0

statement ok
CREATE TABLE tab1(col0 INTEGER, col1 INTEGER, col2 INTEGER)

statement ok
INSERT INTO tab1 VALUES(51,14,96)

statement ok
INSERT INTO tab1 VALUES(85,5,59)

statement ok
INSERT INTO tab1 VALUES(91,47,68)

query III rowsort
SELECT * FROM tab1 AS cor0 WHERE col2 + 5 > NULL; --should be 0
----

query I rowsort
SELECT ALL + COUNT ( DISTINCT 64 ) FROM tab1 AS cor0 WHERE col2 + 5 > NULL; --should be 0
----
0

statement ok
DROP TABLE tab1

