statement ok
START TRANSACTION

statement ok
CREATE TABLE another_T (col1 INT, col2 INT, col3 INT, col4 INT, col5 INT, col6 INT, col7 INT, col8 INT)

statement ok
INSERT INTO another_T VALUES (1,2,3,4,5,6,7,8), (11,22,33,44,55,66,77,88), (111,222,333,444,555,666,777,888), (1111,2222,3333,4444,5555,6666,7777,8888)

statement ok
CREATE TABLE LongTable (col1 INT, col2 INT, col3 INT, col4 INT, col5 INT, col6 INT, col7 INT, col8 INT)

statement ok
INSERT INTO LongTable VALUES (1,7,2,1,1,909,1,1), (2,7,2,2,3,4,4,6), (NULL,5,4,81,NULL,5,-10,1), (-90,NULL,0,NULL,2,0,1,NULL)

statement ok
CREATE TABLE integers(i INTEGER)

statement ok
INSERT INTO integers VALUES (1), (2), (3), (NULL)

statement ok
CREATE TABLE tbl_ProductSales (col1 INT, col2 varchar(64), col3 varchar(64), col4 INT, col5 REAL, col6 date)

statement ok
INSERT INTO tbl_ProductSales VALUES (1,'Game','Mobo Game',200, 1.2, date '2015-12-12'),(2,'Game','PKO Game',400, -1.0, date '2012-02-10'),(3,'Fashion','Shirt',500, NULL, date '1990-01-01'),
(4,'Fashion','Shorts',100, 102.45, date '2000-03-08'),(5,'Sport','Ball',0, 224.78, NULL)

statement ok
CREATE TABLE analytics (aa INT, bb INT, cc BIGINT)

statement ok
INSERT INTO analytics VALUES (15, 3, 15), (3, 1, 3), (2, 1, 2), (5, 3, 5), (NULL, 2, NULL), (3, 2, 3), (4, 1, 4), (6, 3, 6), (8, 2, 8), (NULL, 4, NULL)

statement ok
CREATE TABLE tab0(col0 INTEGER, col1 INTEGER, col2 INTEGER)

statement ok
INSERT INTO tab0 VALUES (97,1,99), (15,81,47),(87,21,10)

statement ok
CREATE TABLE tab1(col0 INTEGER, col1 INTEGER, col2 INTEGER)

statement ok
INSERT INTO tab1 VALUES (51,14,96), (85,5,59), (91,47,68)

statement ok
CREATE TABLE tab2(col0 INTEGER, col1 INTEGER, col2 INTEGER)

statement ok
INSERT INTO tab2 VALUES (64,77,40), (75,67,58),(46,51,23)

query II rowsort
select
  ref_20.col3 as c0,
  cast(coalesce(ref_20.col2,
    ref_20.col2) as bigint) as c1
from
  another_T as ref_20
where ref_20.col1 is not NULL; --empty
----
3
2
33
22
333
222
3333
2222

query IIII rowsort
select
  cast(coalesce(subq_0.c0,
    subq_0.c0) as int) as c0,
  subq_0.c0 as c1,
  subq_0.c0 as c2,
  subq_0.c0 as c3
from
  (select
        ref_20.col1 as c0
      from
        tab0 as ref_11
          inner join tab1 as ref_18
                inner join tab2 as ref_19
                on (ref_18.col0 = ref_19.col0 )
              right join another_T as ref_20
              on (ref_18.col1 = ref_20.col2 )
            left join analytics as ref_21
              inner join tbl_ProductSales as ref_22
              on (ref_21.aa = ref_22.col1 )
            on (ref_20.col3 = ref_21.bb )
          on (ref_11.col0 = ref_19.col1 )
      where ref_22.col2 is not NULL) as subq_0
where false
limit 132; --four rows
----

statement ok
ROLLBACK

