statement ok
CREATE TABLE t0 (c0 INT , c1 INT)

statement ok
INSERT INTO t0(c1) VALUES(1), (2), (3)

query III
SELECT * FROM t0 JOIN LATERAL (SELECT CASE WHEN 0.7 <> ALL(SELECT t0.c1 FROM t0 AS sub1) THEN 2 ELSE 1 END FROM t0 AS sub2) AS subQuery(col_1) ON NOT (( EXISTS (SELECT 1)) AND 0);
----
NULL
1
2
NULL
1
2
NULL
1
2
NULL
2
2
NULL
2
2
NULL
2
2
NULL
3
2
NULL
3
2
NULL
3
2

query I
SELECT t0.c1 FROM t0 JOIN LATERAL (SELECT CASE WHEN 0.7 <> ALL(SELECT t0.c1 FROM t0 AS sub1) THEN 2 ELSE 1 END FROM t0 AS sub2) AS subQuery(col_1) ON NOT (( EXISTS (SELECT 1)) AND 0);
----
1
1
1
2
2
2
3
3
3
