statement ok
CREATE TABLE t0(c0 INT)

statement ok
INSERT INTO t0(c0) VALUES(1)

statement ok
CREATE TABLE t1(c0 TIMESTAMP )

query II nosort
SELECT * FROM t0 LEFT JOIN (VALUES(1)) ON ((SELECT t1.c0 FROM t1 WHERE t0.c0)) NOT IN (SQL_ADD(TIMESTAMP '2000-12-03', INTERVAL '1' SECOND))
----
1
NULL

query II nosort
SELECT * FROM t0 RIGHT JOIN (VALUES(1)) ON ((SELECT t1.c0 FROM t1 WHERE t0.c0)) NOT IN (SQL_ADD(TIMESTAMP '2000-12-03', INTERVAL '1' SECOND))
----
NULL
1

