statement ok
CREATE TABLE test_fields (id INT, name VARCHAR(50))

statement ok rowcount 4
INSERT INTO test_fields VALUES (1, 'foo'), (2, 'bar'), (3, 'baz'), (4, 'qux')

query I
SELECT field('bar', (SELECT name FROM test_fields WHERE id = 2)) AS index_in_subquery;
----
0

query I
SELECT field('bar', (SELECT name FROM test_fields order by id)) AS index_in_subquery;
----
1

query I
SELECT field('bar', (SELECT name FROM test_fields where id >= 2 order by id)) AS index_in_subquery;
----
0
