statement ok
CREATE TABLE e (
    "a" CLOB,
    "r" BIGINT
)

statement ok
CREATE TABLE s (
    "a" CLOB,
    "v" BIGINT
)

statement ok
INSERT INTO e VALUES ('Simon', '1')

statement ok
INSERT INTO s VALUES ('Simon', '0')

query TITI rowsort
SELECT *
FROM
        (
        SELECT
            "a" AS "ea",
            "r" AS "er"
        FROM
            "e"
        ) AS "e"
    ,
        (
        SELECT
            "a" AS "sa",
            "v" AS "sv"
        FROM
            "s"
        ) AS "s"
WHERE "sv" <= "er"
  AND "ea" = "sa"
----
Simon
1
Simon
0

query TITI rowsort
SELECT *
FROM
        (
        SELECT
            "a" AS "ea",
            "r" AS "er"
        FROM
            "e"
        ) AS "e"
    ,
        (
        SELECT
            "a" AS "sa",
            "v" AS "sv"
        FROM
            "s"
        ) AS "s"
WHERE "ea" = "sa"
  AND "sv" <= "er"
----
Simon
1
Simon
0

query TITI rowsort
SELECT *
FROM
        (
        SELECT
            "a" AS "ea",
            "r" AS "er"
        FROM
            "e"
        ) AS "e",
        (
        SELECT
            "a" AS "sa",
            "v" AS "sv"
        FROM
            "s"
        ) AS "s"
WHERE ("sv" <= "er") = true
  AND ("ea" = "sa") = true
----
Simon
1
Simon
0

statement ok
DROP TABLE "e"

statement ok
DROP TABLE "s"

