query T rowsort
select str_to_date('12-01-01','%y-%m-%d')
----
2012-01-01

query T rowsort
select str_to_date('2012-01-01','%Y-%m-%d')
----
2012-01-01

query T rowsort
select date_to_str('2012-02-11','%y/%m/%d')
----
12/02/11

query T rowsort
select date_to_str('2012-02-11','%Y/%m/%d')
----
2012/02/11

