statement ok
start transaction

statement ok
create table t3086 (d double)

statement ok
insert into t3086 values (0.011)

query R rowsort
select mod(0.011 + 180, 360)
----
180.011

query R rowsort
select mod(d + 180, 360) from t3086
----
180.011

statement ok
rollback

