statement ok
create table tab3205(pos int, col inet)

statement ok
insert into tab3205 values(1, '127.0.0.1')

statement ok
insert into tab3205 values(2, inet '127.0.0.1')

statement ok
insert into tab3205 values(3, cast('127.0.0.1' as inet))

query IT rowsort
select * from tab3205 order by pos
----
1
127.0.0.1
2
127.0.0.1
3
127.0.0.1

query IT rowsort
select * from tab3205 where col = '127.0.0.1' order by pos
----
1
127.0.0.1
2
127.0.0.1
3
127.0.0.1

query IT rowsort
select * from tab3205 where col = inet '127.0.0.1' order by pos
----
1
127.0.0.1
2
127.0.0.1
3
127.0.0.1

query IT rowsort
select * from tab3205 where col = cast('127.0.0.1' as inet) order by pos
----
1
127.0.0.1
2
127.0.0.1
3
127.0.0.1

query IT rowsort
select * from tab3205 where col = inet '127.0.0.1' order by pos
----
1
127.0.0.1
2
127.0.0.1
3
127.0.0.1

query IT rowsort
select * from tab3205 where col = inet '127.0.0.1' order by pos
----
1
127.0.0.1
2
127.0.0.1
3
127.0.0.1

query IT rowsort
select * from tab3205 order by pos
----
1
127.0.0.1
2
127.0.0.1
3
127.0.0.1

statement ok
drop table tab3205

