statement ok
CREATE TABLE tableA(x integer, y integer)

statement ok
INSERT INTO tableA values(1,10)

statement ok
INSERT INTO tableA values(2,20)

statement ok
CREATE TABLE tableB(x integer, y integer)

statement ok
INSERT INTO tableB values(1,-10)

statement ok
INSERT INTO tableB values(2,-20)

query IIII rowsort
SELECT A.x, A.y, B.x, B.y
FROM tableA A
LEFT JOIN tableB B ON ( B.y < -10 ) 
----
1
10
2
-20
2
20
2
-20

query IIII rowsort
SELECT A.x, A.y, B.x, B.y
FROM tableA A
LEFT JOIN tableB B ON ( A.y < 20 ) 
----
1
10
1
-10
1
10
2
-20
2
20
NULL
NULL

query IIII rowsort
SELECT A.x, A.y, B.x, B.y
FROM tableA A
RIGHT JOIN tableB B ON ( B.y < -10 ) 
----
1
10
2
-20
2
20
2
-20
NULL
NULL
1
-10

query IIII rowsort
SELECT A.x, A.y, B.x, B.y
FROM tableA A
RIGHT JOIN tableB B ON ( A.y < 20 ) 
----
1
10
1
-10
1
10
2
-20

query IIII rowsort
SELECT A.x, A.y, B.x, B.y
FROM tableA A
FULL JOIN tableB B ON ( B.y < -10 ) 
----
1
10
2
-20
2
20
2
-20
NULL
NULL
1
-10

query IIII rowsort
SELECT A.x, A.y, B.x, B.y
FROM tableA A
FULL JOIN tableB B ON ( A.y < 20 ) 
----
1
10
1
-10
1
10
2
-20
2
20
NULL
NULL

statement ok
DROP TABLE tableA

statement ok
DROP TABLE tableB

