statement ok
CREATE TABLE test1 ( id INT, name VARCHAR(20))

statement ok
CREATE TABLE test2 ( id INT, name VARCHAR(20))

query II rowsort
SELECT (SELECT COUNT(id) AS cnt1
          FROM test1
       ) AS c1
      ,(SELECT COUNT(b.id) AS cnt2
          FROM test2 b
         WHERE a.id = b.id
       ) AS c2
  FROM test1 a
  ORDER BY 1, 2
----

query II rowsort
SELECT (SELECT COUNT(id) AS cnt1
          FROM test1
       )
      ,(SELECT COUNT(b.id) AS cnt2
          FROM test2 b
         WHERE a.id = b.id
       )
  FROM test1 a
  ORDER BY 1, 2
----

query II rowsort
SELECT (SELECT COUNT(id) AS cnt1
          FROM test1
       )
      ,(SELECT COUNT(b.id) AS cnt2
          FROM test2 b
         WHERE a.id = b.id
       ) AS c2
  FROM test1 a
  ORDER BY 1, 2
----

query II rowsort
SELECT (SELECT COUNT(b.id) AS cnt2
          FROM test2 b
         WHERE a.id = b.id
       ) AS c2
      ,(SELECT COUNT(id) AS cnt1
          FROM test1
       ) AS c1
  FROM test1 a
  ORDER BY 1, 2
----

query II rowsort
SELECT (SELECT COUNT(id) AS cnt1
          FROM test1
       ) AS c1
      ,(SELECT COUNT(b.id) AS cnt2
          FROM test2 b
         WHERE a.id = b.id
       ) AS c2
  FROM test1 a
  ORDER BY 1, 2
----

statement ok
DROP TABLE test1

statement ok
DROP TABLE test2

statement ok
CREATE TABLE test1 ( id INT, name VARCHAR(20))

statement ok
insert INTO test1 values (1,'name1'),(2,'name2'),(3,'name3')

statement ok
CREATE TABLE test2 ( id INT, name VARCHAR(20))

statement ok
insert INTO test2 values (3,'name3'),(4,'name4')

query II rowsort
SELECT (SELECT COUNT(id) AS cnt1
          FROM test1
       ) AS c1
      ,(SELECT COUNT(b.id) AS cnt2
          FROM test2 b
         WHERE a.id = b.id
       ) AS c2
  FROM test1 a
  ORDER BY 1, 2
----
3
0
3
0
3
1

query II rowsort
SELECT (SELECT COUNT(id) AS cnt1
          FROM test1
       )
      ,(SELECT COUNT(b.id) AS cnt2
          FROM test2 b
         WHERE a.id = b.id
       )
  FROM test1 a
  ORDER BY 1, 2
----
3
0
3
0
3
1

query II rowsort
SELECT (SELECT COUNT(id) AS cnt1
          FROM test1
       )
      ,(SELECT COUNT(b.id) AS cnt2
          FROM test2 b
         WHERE a.id = b.id
       ) AS c2
  FROM test1 a
  ORDER BY 1, 2
----
3
0
3
0
3
1

query II rowsort
SELECT (SELECT COUNT(b.id) AS cnt2
          FROM test2 b
         WHERE a.id = b.id
       ) AS c2
      ,(SELECT COUNT(id) AS cnt1
          FROM test1
       ) AS c1
  FROM test1 a
  ORDER BY 1, 2
----
0
3
0
3
1
3

query II rowsort
SELECT (SELECT COUNT(id) AS cnt1
          FROM test1
       ) AS c1
      ,(SELECT COUNT(b.id) AS cnt2
          FROM test2 b
         WHERE a.id = b.id
       ) AS c2
  FROM test1 a
  ORDER BY 1, 2
----
3
0
3
0
3
1

statement ok
DROP TABLE test1

statement ok
DROP TABLE test2

