statement ok
create table time_table (atime timestamp, btime timestamp, ctime date)

statement ok
insert into time_table values(timestamp '1970-JAN-1', timestamp '1980-DEC-31', date '2012-JAN-1')

query TTT rowsort
select * from time_table
----
1970-01-01 00:00:00
1980-12-31 00:00:00
2012-01-01

query I rowsort
select btime <> atime from time_table
----
1

query T rowsort
select btime - timestamp '1975-JAN-01' from time_table
----
2191 days, 0:00:00

query T rowsort
select btime - atime from time_table
----
4017 days, 0:00:00

statement ok
drop table time_table

