statement ok
CREATE TABLE T (a  INTEGER NOT NULL,
                                b  INTEGER NOT NULL,
                                c  INTEGER NOT NULL,
                                d  INTEGER NOT NULL,
                                e  INTEGER NOT NULL)

statement ok
insert into T values (7,7,7,7,7)

statement ok
insert into T values (82,82,82,82,82)

statement ok
insert into T values (75,75,75,75,75)

statement ok
insert into T values (48,48,48,48,48)

statement ok
insert into T values (43,43,43,43,43)

statement ok
insert into T values (87,87,87,87,87)

statement ok
insert into T values (53,53,53,53,53)

statement ok
insert into T values (84,84,84,84,84)

statement ok
insert into T values (6,6,6,6,6)

statement ok
insert into T values (96,96,96,96,96)

statement ok
insert into T values (21,21,21,21,21)

statement ok
insert into T values (8,8,8,8,8)

statement ok
insert into T values (72,72,72,72,72)

statement ok
insert into T values (39,39,39,39,39)

statement ok
insert into T values (74,74,74,74,74)

statement ok
insert into T values (9,9,9,9,9)

statement ok
insert into T values (67,67,67,67,67)

statement ok
insert into T values (73,73,73,73,73)

statement ok
insert into T values (29,29,29,29,29)

statement ok
insert into T values (78,78,78,78,78)

statement ok
insert into T values (97,97,97,97,97)

statement ok
insert into T values (58,58,58,58,58)

statement ok
insert into T values (18,18,18,18,18)

statement ok
insert into T values (90,90,90,90,90)

statement ok
insert into T values (46,46,46,46,46)

statement ok
insert into T values (79,79,79,79,79)

statement ok
insert into T values (15,15,15,15,15)

statement ok
insert into T values (3,3,3,3,3)

statement ok
insert into T values (11,11,11,11,11)

statement ok
insert into T values (28,28,28,28,28)

statement ok
insert into T values (89,89,89,89,89)

statement ok
insert into T values (66,66,66,66,66)

statement ok
insert into T values (14,14,14,14,14)

statement ok
insert into T values (57,57,57,57,57)

statement ok
insert into T values (47,47,47,47,47)

statement ok
insert into T values (55,55,55,55,55)

statement ok
insert into T values (68,68,68,68,68)

statement ok
insert into T values (41,41,41,41,41)

statement ok
insert into T values (24,24,24,24,24)

statement ok
insert into T values (20,20,20,20,20)

statement ok
insert into T values (54,54,54,54,54)

statement ok
insert into T values (50,50,50,50,50)

statement ok
insert into T values (17,17,17,17,17)

statement ok
insert into T values (93,93,93,93,93)

statement ok
insert into T values (31,31,31,31,31)

statement ok
insert into T values (5,5,5,5,5)

statement ok
insert into T values (63,63,63,63,63)

statement ok
insert into T values (45,45,45,45,45)

statement ok
insert into T values (19,19,19,19,19)

statement ok
insert into T values (10,10,10,10,10)

statement ok
insert into T values (49,49,49,49,49)

statement ok
insert into T values (32,32,32,32,32)

statement ok
insert into T values (38,38,38,38,38)

statement ok
insert into T values (34,34,34,34,34)

statement ok
insert into T values (40,40,40,40,40)

statement ok
insert into T values (59,59,59,59,59)

statement ok
insert into T values (65,65,65,65,65)

statement ok
insert into T values (4,4,4,4,4)

statement ok
insert into T values (62,62,62,62,62)

statement ok
insert into T values (51,51,51,51,51)

statement ok
insert into T values (86,86,86,86,86)

statement ok
insert into T values (94,94,94,94,94)

statement ok
insert into T values (81,81,81,81,81)

statement ok
insert into T values (70,70,70,70,70)

statement ok
insert into T values (85,85,85,85,85)

statement ok
insert into T values (88,88,88,88,88)

statement ok
insert into T values (98,98,98,98,98)

statement ok
insert into T values (26,26,26,26,26)

statement ok
insert into T values (69,69,69,69,69)

statement ok
insert into T values (35,35,35,35,35)

statement ok
insert into T values (2,2,2,2,2)

statement ok
insert into T values (42,42,42,42,42)

statement ok
insert into T values (60,60,60,60,60)

statement ok
insert into T values (80,80,80,80,80)

statement ok
insert into T values (33,33,33,33,33)

statement ok
insert into T values (99,99,99,99,99)

statement ok
insert into T values (91,91,91,91,91)

statement ok
insert into T values (13,13,13,13,13)

statement ok
insert into T values (36,36,36,36,36)

statement ok
insert into T values (95,95,95,95,95)

statement ok
insert into T values (23,23,23,23,23)

statement ok
insert into T values (77,77,77,77,77)

statement ok
insert into T values (92,92,92,92,92)

statement ok
insert into T values (44,44,44,44,44)

statement ok
insert into T values (83,83,83,83,83)

statement ok
insert into T values (76,76,76,76,76)

statement ok
insert into T values (64,64,64,64,64)

statement ok
insert into T values (16,16,16,16,16)

statement ok
insert into T values (27,27,27,27,27)

statement ok
insert into T values (52,52,52,52,52)

statement ok
insert into T values (12,12,12,12,12)

statement ok
insert into T values (1,1,1,1,1)

statement ok
insert into T values (37,37,37,37,37)

statement ok
insert into T values (100,100,100,100,100)

statement ok
insert into T values (61,61,61,61,61)

statement ok
insert into T values (71,71,71,71,71)

statement ok
insert into T values (56,56,56,56,56)

statement ok
insert into T values (22,22,22,22,22)

statement ok
insert into T values (25,25,25,25,25)

statement ok
insert into T values (30,30,30,30,30)

statement ok
insert into T values (12,12,12,12,12)

statement ok
insert into T values (1,1,1,1,1)

statement ok
insert into T values (37,37,37,37,37)

statement ok
insert into T values (100,100,100,100,100)

statement ok
insert into T values (61,61,61,61,61)

statement ok
insert into T values (71,71,71,71,71)

statement ok
insert into T values (56,56,56,56,56)

statement ok
insert into T values (22,22,22,22,22)

statement ok
insert into T values (25,25,25,25,24)

statement ok
insert into T values (30,30,30,30,10)

query IIIII rowsort
select * from T intersect select * from T
----
510 values hashing to 66644f2327bdb7be8e7081eca39aac59

query I rowsort
select count(*) from (select * from T intersect select * from T ) as cnt
----
102

statement ok
DROP TABLE T

