statement ok
create function truncode(lon decimal(9,6), lat decimal(9,6))
   returns int
begin
	return 1;
end

query I rowsort
select truncode(12,12)
----
1

query I rowsort
select truncode(12.0,12)
----
1

query I rowsort
select truncode(12.00,12)
----
1

statement ok
drop function truncode

