statement ok
CREATE TABLE t2 (a int, b int)

statement ok
INSERT INTO t2 VALUES (1,2)

query II rowsort
SELECT * FROM t2
----
1
2

query III rowsort
SELECT b, (SELECT count(*) FROM t2 AS x WHERE x.a < t2.a), CASE a WHEN b THEN 444 END FROM t2
----
2
0
NULL

query III rowsort
SELECT b, CASE a WHEN b THEN 444 END, (SELECT count(*) FROM t2 AS x WHERE x.a < t2.a) FROM t2
----
2
NULL
0

query III rowsort
SELECT b as "b1", (SELECT count(*) FROM t2 AS x WHERE x.a < t2.a), CASE a WHEN b THEN 444 END FROM t2
----
2
0
NULL

statement ok
DROP TABLE t2

