statement ok
CREATE TABLE t1(a INTEGER, b INTEGER, c INTEGER, d INTEGER, e INTEGER)

statement ok
INSERT INTO t1(e,c,b,d,a) VALUES(103,102,100,101,104)

query I rowsort
SELECT CASE WHEN c>(SELECT avg(c) FROM t1) THEN a*2 ELSE b*10 END FROM t1
----
1000

query I rowsort
SELECT abs(b-c) FROM t1
----
2

query II rowsort
SELECT abs(b-c), CASE WHEN c>(SELECT avg(c) FROM t1) THEN a*2 ELSE b*10 END FROM t1
----
2
1000

query II rowsort
SELECT CASE WHEN c>(SELECT avg(c) FROM t1) THEN a*2 ELSE b*10 END, abs(b-c) FROM t1
----
1000
2

statement ok
drop table t1

