statement ok
START TRANSACTION

statement ok
CREATE TABLE t1(a INTEGER, b INTEGER, c INTEGER, d INTEGER, e INTEGER)

statement ok
INSERT INTO t1(e,c,b,d,a) VALUES(103,102,100,101,104)

statement ok
INSERT INTO t1(a,c,d,e,b) VALUES(107,106,108,109,105)

statement ok
INSERT INTO t1(e,d,b,a,c) VALUES(110,114,112,111,113)

statement ok
INSERT INTO t1(d,c,e,a,b) VALUES(116,119,117,115,118)

query I rowsort
SELECT count(*) FROM t1 AS x
----
4

query I rowsort
SELECT count(*) FROM t1 AS x WHERE x.c
----
4

statement ok
ROLLBACK

