statement ok
CREATE SCHEMA schema3764

query TTT rowsort
SELECT u.name, u.fullname, s.name as schema FROM "sys"."users" u JOIN "sys"."schemas" s ON u.default_schema = s.id AND not s.system
----

statement ok
CREATE USER user1 with password '1' name '1st user' schema schema3764

statement ok
CREATE USER user2 with password '2' name '2nd user' schema schema3764

statement ok
CREATE USER user3 with password '3' name '3rd user' schema schema3764

statement ok
CREATE USER user4 with password '4' name '4th user' schema schema3764

query TTT rowsort
SELECT u.name, u.fullname, s.name as schema FROM "sys"."users" u JOIN "sys"."schemas" s ON u.default_schema = s.id AND not s.system
----
user1
1st user
schema3764
user2
2nd user
schema3764
user3
3rd user
schema3764
user4
4th user
schema3764

statement ok
DROP USER user1

statement ok
DROP USER user2

statement ok
DROP USER user3

statement ok
DROP USER user4

query TTT rowsort
SELECT u.name, u.fullname, s.name as schema FROM "sys"."users" u JOIN "sys"."schemas" s ON u.default_schema = s.id AND not s.system
----

statement ok
DROP SCHEMA schema3764

