statement ok
CREATE TABLE DOUBLE_TBL(f1 double)

statement error
INSERT INTO DOUBLE_TBL(f1) VALUES (' ')

statement error
INSERT INTO DOUBLE_TBL(f1) VALUES (E'\t')

statement error
INSERT INTO DOUBLE_TBL(f1) VALUES (E'\n')

statement error
INSERT INTO DOUBLE_TBL(f1) VALUES (E'  \t  \t\t \n ')

statement error
INSERT INTO DOUBLE_TBL(f1) VALUES ('')

query R rowsort
SELECT f1 FROM DOUBLE_TBL
----

statement ok
CREATE TABLE FLOAT_TBL(f1 float)

statement error
INSERT INTO FLOAT_TBL(f1) VALUES (' ')

statement error
INSERT INTO FLOAT_TBL(f1) VALUES (E'\t')

statement error
INSERT INTO FLOAT_TBL(f1) VALUES (E'\n')

statement error
INSERT INTO FLOAT_TBL(f1) VALUES (E'  \t  \t\t \n ')

statement error
INSERT INTO FLOAT_TBL(f1) VALUES ('')

query R rowsort
SELECT f1 FROM FLOAT_TBL
----

statement ok
DROP TABLE DOUBLE_TBL

statement ok
DROP TABLE FLOAT_TBL

