statement ok
create table foo (a int)

statement ok
insert into foo values (1),(2),(3)

query I rowsort
select cast(sum(1) as bigint) as v from foo group by a
----
1
1
1

query I rowsort
select cast(100*v as bigint) from (select sum(1) as v from foo group by a) as t
----
100
100
100

statement ok
drop table foo

