statement ok
CREATE TABLE DOUBLE_TBL(x double)

statement error
INSERT INTO DOUBLE_TBL(x) VALUES ('NaN')

query RT rowsort
SELECT x, cast(x as varchar(30)) as x_str FROM DOUBLE_TBL
----

statement error
INSERT INTO DOUBLE_TBL(x) VALUES ('-NaN')

query RT rowsort
SELECT x, cast(x as varchar(30)) as x_str FROM DOUBLE_TBL
----

statement error
INSERT INTO DOUBLE_TBL(x) VALUES ('Inf')

statement error
INSERT INTO DOUBLE_TBL(x) VALUES ('Infinity')

statement error
INSERT INTO DOUBLE_TBL(x) VALUES ('inf')

statement error
INSERT INTO DOUBLE_TBL(x) VALUES ('infinity')

query RT rowsort
SELECT x, cast(x as varchar(30)) as x_str FROM DOUBLE_TBL
----

statement error
INSERT INTO DOUBLE_TBL(x) VALUES ('-Inf')

statement error
INSERT INTO DOUBLE_TBL(x) VALUES ('-Infinity')

statement error
INSERT INTO DOUBLE_TBL(x) VALUES ('-inf')

statement error
INSERT INTO DOUBLE_TBL(x) VALUES ('-infinity')

query RT rowsort
SELECT x, cast(x as varchar(30)) as x_str FROM DOUBLE_TBL
----

statement ok
CREATE TABLE REAL_TBL(x real)

statement error
INSERT INTO REAL_TBL(x) VALUES ('NaN')

query TT rowsort
SELECT x, cast(x as varchar(30)) as x_str FROM REAL_TBL
----

statement error
INSERT INTO REAL_TBL(x) VALUES ('-NaN')

query TT rowsort
SELECT x, cast(x as varchar(30)) as x_str FROM REAL_TBL
----

statement error
INSERT INTO REAL_TBL(x) VALUES ('Inf')

statement error
INSERT INTO REAL_TBL(x) VALUES ('Infinity')

statement error
INSERT INTO REAL_TBL(x) VALUES ('inf')

statement error
INSERT INTO REAL_TBL(x) VALUES ('infinity')

query TT rowsort
SELECT x, cast(x as varchar(30)) as x_str FROM REAL_TBL
----

statement error
INSERT INTO REAL_TBL(x) VALUES ('-Inf')

statement error
INSERT INTO REAL_TBL(x) VALUES ('-Infinity')

statement error
INSERT INTO REAL_TBL(x) VALUES ('-inf')

statement error
INSERT INTO REAL_TBL(x) VALUES ('-infinity')

query TT rowsort
SELECT x, cast(x as varchar(30)) as x_str FROM REAL_TBL
----

statement error
INSERT INTO REAL_TBL(x) VALUES ('1e+39')

statement error
INSERT INTO REAL_TBL(x) VALUES ('-1e+39')

query TT rowsort
SELECT x, cast(x as varchar(30)) as x_str FROM REAL_TBL
----

statement ok
CREATE TABLE FLOAT_TBL(x float)

statement error
INSERT INTO FLOAT_TBL(x) VALUES ('NaN')

query RT rowsort
SELECT x, cast(x as varchar(30)) as x_str FROM FLOAT_TBL
----

statement error
INSERT INTO FLOAT_TBL(x) VALUES ('-NaN')

query RT rowsort
SELECT x, cast(x as varchar(30)) as x_str FROM FLOAT_TBL
----

statement error
INSERT INTO FLOAT_TBL(x) VALUES ('Inf')

statement error
INSERT INTO FLOAT_TBL(x) VALUES ('Infinity')

statement error
INSERT INTO FLOAT_TBL(x) VALUES ('inf')

statement error
INSERT INTO FLOAT_TBL(x) VALUES ('infinity')

query RT rowsort
SELECT x, cast(x as varchar(30)) as x_str FROM FLOAT_TBL
----

statement error
INSERT INTO FLOAT_TBL(x) VALUES ('-Inf')

statement error
INSERT INTO FLOAT_TBL(x) VALUES ('-Infinity')

statement error
INSERT INTO FLOAT_TBL(x) VALUES ('-inf')

statement error
INSERT INTO FLOAT_TBL(x) VALUES ('-infinity')

query RT rowsort
SELECT x, cast(x as varchar(30)) as x_str FROM FLOAT_TBL
----

statement ok
DROP TABLE DOUBLE_TBL

statement ok
DROP TABLE REAL_TBL

statement ok
DROP TABLE FLOAT_TBL

