statement ok
start transaction

statement ok
create table test (a inet)

statement ok
insert into test (a) values ('10.0.0.1')

query T rowsort
select * from test where a << inet '10.0.0.0/8'
----
10.0.0.1

statement ok
create schema test

statement ok
set schema test

query T rowsort
select * from sys.test where a << inet '10.0.0.0/8'
----
10.0.0.1

statement ok
rollback

