statement ok
create table two (
	id int,
	name string,
	istrue boolean,
	joindate date,
	jointime timestamp,
	count int
)

statement ok
copy 6 records into two from stdin using delimiters ',',E'\n'
<COPY_INTO_DATA>
1,null,false,2017-12-08,2014-06-30 14:05:31.000000,2
2,vijay,false,2017-12-08,2014-06-30 14:05:59.000000,3
3,krish,true,2017-12-08,2014-06-30 14:06:17.000000,5
4,bat,true,null,null,null
5,gotham,false,null,null,null
6,wayne,false,null,null,3

query ITITTI rowsort
select * from two
----
1
NULL
0
2017-12-08
2014-06-30 14:05:31
2
2
vijay
0
2017-12-08
2014-06-30 14:05:59
3
3
krish
1
2017-12-08
2014-06-30 14:06:17
5
4
bat
1
NULL
NULL
NULL
5
gotham
0
NULL
NULL
NULL
6
wayne
0
NULL
NULL
3

query ITIIT rowsort
select two.id, two.name, two.count, twoAlias.id as id2, twoAlias.name as name2 from two left join two as twoAlias on two.count=twoAlias.id
----
1
NULL
2
2
vijay
2
vijay
3
3
krish
3
krish
5
5
gotham
4
bat
NULL
NULL
NULL
5
gotham
NULL
NULL
NULL
6
wayne
3
3
krish

statement ok
drop table two

