statement ok
CREATE TABLE bar (name CHAR(8), ct INTEGER, ct2 INTEGER)

statement ok
INSERT INTO bar VALUES ('A', 123, 456)

statement ok
CREATE TABLE foo AS SELECT cast(SUM(ct + ct2) as bigint) / 100.0 AS eur FROM bar GROUP BY name WITH DATA

query TTTT rowsort
select "name", "query", "type", "remark" from describe_table('sys', 'foo')
----
foo
NULL
TABLE
NULL

query TITIT rowsort
select "name", "nulls", "cdefault", "number", "remark" from describe_columns('sys', 'foo')
----
eur
1
NULL
0
NULL

statement ok
DROP TABLE foo

statement ok
DROP TABLE bar

