statement ok
START TRANSACTION

statement ok
create table foo (a smallint)

statement ok
insert into foo values (1), (200)

query TII rowsort
select '',false,a=200 from foo union all select '',null,a=200 from foo
----
(empty)
0
0
(empty)
0
1
(empty)
NULL
0
(empty)
NULL
1

query II rowsort
select count(y),cast(sum(z)as bigint) from (select '',false,a=200 from foo union all select '',null,a=200 from foo) as t(x,y,z) group by x
----
2
2

statement ok
ROLLBACK

