statement ok
start transaction

statement ok
create table test (id int, value text)

statement ok
insert into test values (1, 'Alice'), (2, 'Bob'), (3, 'Carol')

query IT rowsort
select * from test
----
1
Alice
2
Bob
3
Carol

query IT rowsort
select * from test where value not like 'Bob'
----
1
Alice
3
Carol

query IT rowsort
select * from test where value not ilike 'Bob'
----
1
Alice
3
Carol

statement ok
rollback

