statement ok
create table t1 (i int)

statement ok
create schema tst

statement ok
create view tst.v1 (i) as select * from t1

query I rowsort
select * from tst.v1
----

query T rowsort
select "name" from sys._tables where name like '%v1%'
----
v1

statement error
create view tst.v1 (i) as select * from t1

statement ok
drop view tst.v1

statement ok
drop schema tst

statement ok
drop table t1

