statement error
select split_part('joeuser@mydatabase','@',0) AS "an error"

query T rowsort
select split_part('joeuser@mydatabase','@',1) AS "joeuser"
----
joeuser

query T rowsort
select split_part('joeuser@mydatabase','@',2) AS "mydatabase"
----
mydatabase

query T rowsort
select split_part('joeuser@mydatabase','@',3) AS "empty string"
----
(empty)

query T rowsort
select split_part('','@',3) AS "error"
----
(empty)

statement ok
start transaction

statement ok
create table somestrings(a string)

statement ok
insert into somestrings values(''),(' '),('joeuser@mydatabase'), ('a@'), ('@b'), ('a@@@b'), ('@@b')

query T rowsort
select * from somestrings
----
 
(empty)
@@b
@b
a@
a@@@b
joeuser@mydatabase

query TT rowsort
select split_part(a,'@',1), split_part(a,'@',2) from somestrings
----
 
(empty)
(empty)
(empty)
(empty)
(empty)
(empty)
b
a
(empty)
a
(empty)
joeuser
mydatabase

statement ok
drop table somestrings

statement ok
rollback

