statement ok
create table foo (a timestamp,b timestamp)

statement ok
insert into foo values ('2000-1-1','2001-1-1')

query T rowsort
select sum(b-a) from foo
----
366 days, 0:00:00

statement ok
drop table foo

query T nosort
select sum(i) from (select interval '1' day) x(i)
----
1

