statement ok
create table test(value int)

statement ok
insert into test values (1), (2), (3)

query I rowsort
select * from test where value = 12345678900
----

query I rowsort
select * from test where value = 1
----
1

query I rowsort
select * from test where value > 12345678900
----

query I rowsort
select * from test where value > 1
----
2
3

query I rowsort
select * from test where value >= 12345678900
----

query I rowsort
select * from test where value >= 1
----
1
2
3

query I rowsort
select * from test where value < 12345678900
----
1
2
3

query I rowsort
select * from test where value < 1
----

query I rowsort
select * from test where value <= 12345678900
----
1
2
3

query I rowsort
select * from test where value <= 1
----
1

query I rowsort
select * from test where value <> 12345678900
----
1
2
3

query I rowsort
select * from test where value <> 1
----
2
3

statement ok
drop table test

