statement ok
create table u (u1 uuid, u2 uuid)

query TT rowsort
select * from u where u1 = u2
----

query TT rowsort
select * from u where u1 <> u2
----

query TT rowsort
select * from u where u1 < u2
----

query TT rowsort
select * from u where u1 <= u2
----

query TT rowsort
select * from u where u1 > u2
----

query TT rowsort
select * from u where u1 >= u2
----

statement ok
drop table u

