statement ok
start transaction

statement ok
create table students (course TEXT, type TEXT)

statement ok rowcount 7
insert into students (course, type) values ('CS', 'Bachelor'), ('CS', 'Bachelor'), ('CS', 'PhD'), ('Math', 'Masters'), ('CS', NULL), ('CS', NULL), ('Math', NULL)

query TT nosort
select course, type from students group by grouping sets((course, type), (type)) order by 1, 2
----
NULL
NULL
NULL
Bachelor
NULL
Masters
NULL
PhD
CS
NULL
CS
Bachelor
CS
PhD
Math
NULL
Math
Masters

query ITT nosort
select count(*), course, type from students group by grouping sets((course, type), (type)) order by 1, 2, 3
----
1
NULL
Masters
1
NULL
PhD
1
CS
PhD
1
Math
NULL
1
Math
Masters
2
NULL
Bachelor
2
CS
NULL
2
CS
Bachelor
3
NULL
NULL

query TITT nosort
select min(course), grouping(course), course, type from students group by grouping sets((course, type), (type)) order by 1, 2, 3, 4
----
CS
0
CS
NULL
CS
0
CS
Bachelor
CS
0
CS
PhD
CS
1
NULL
NULL
CS
1
NULL
Bachelor
CS
1
NULL
PhD
Math
0
Math
NULL
Math
0
Math
Masters
Math
1
NULL
Masters

query TT nosort
select course AS crs, type AS tp from students group by grouping sets((crs, tp), (tp)) order by 1, 2
----
NULL
NULL
NULL
Bachelor
NULL
Masters
NULL
PhD
CS
NULL
CS
Bachelor
CS
PhD
Math
NULL
Math
Masters

query ITT nosort
select count(*), course AS crs, type AS tp from students group by grouping sets((crs, tp), (tp)) order by 1, 2, 3
----
1
NULL
Masters
1
NULL
PhD
1
CS
PhD
1
Math
NULL
1
Math
Masters
2
NULL
Bachelor
2
CS
NULL
2
CS
Bachelor
3
NULL
NULL

query TITT nosort
select min(course), grouping(course), course AS crs, type AS tp from students group by grouping sets((crs, tp), (tp)) order by 1, 2, 3, 4
----
CS
0
CS
NULL
CS
0
CS
Bachelor
CS
0
CS
PhD
CS
1
NULL
NULL
CS
1
NULL
Bachelor
CS
1
NULL
PhD
Math
0
Math
NULL
Math
0
Math
Masters
Math
1
NULL
Masters

statement ok
rollback

