statement ok
create table DWDATE (
D_DATEKEY int,
D_DATE string,
D_DAYOFWEEK string,
D_MONTH string,
D_YEAR int,
D_YEARMONTHNUM int,
D_YEARMONTH string,
D_DAYNUMINWEEK int,
D_DAYNUMINMONTH int,
D_DAYNUMINYEAR int,
D_MONTHNUMINYEAR int,
D_WEEKNUMINYEAR int,
D_SELLINGSEASON string,
D_LASTDAYINWEEKFL int,
D_LASTDAYINMONTHFL int,
D_HOLIDAYFL int,
D_WEEKDAYFL int,
primary key(D_DATEKEY)
)

statement ok
create table SUPPLIER (
S_SUPPKEY int,
S_NAME string,
S_ADDRESS string,
S_CITY string,
S_NATION string,
S_REGION string,
S_PHONE string,
primary key(S_SUPPKEY)
)

statement ok
create table CUSTOMER (
C_CUSTKEY int,
C_NAME string,
C_ADDRESS string,
C_CITY string,
C_NATION string,
C_REGION string,
C_PHONE string,
C_MKTSEGMENT string,
primary key (C_CUSTKEY)
)

statement ok
create table PART (
P_PARTKEY int,
P_NAME string,
P_MFGR string,
P_CATEGORY string,
P_BRAND1 string,
P_COLOR string,
P_TYPE string,
P_SIZE int,
P_CONTAINER string,
primary key (P_PARTKEY)
)

statement ok
create table LINEORDER (
LO_ORDERKEY int,
LO_LINENUMBER int,
LO_CUSTKEY int,
LO_PARTKEY int,
LO_SUPPKEY int,
LO_ORDERDATE int,
LO_ORDERPRIORITY string,
LO_SHIPPRIORITY string,
LO_QUANTITY int,
LO_EXTENDEDPRICE int,
LO_ORDTOTALPRICE int,
LO_DISCOUNT int,
LO_REVENUE int,
LO_SUPPLYCOST int,
LO_TAX int,
LO_COMMITDATE int,
LO_SHIPMODE string,
primary key (LO_ORDERKEY, LO_LINENUMBER),
FOREIGN KEY (LO_ORDERDATE)  REFERENCES DWDATE   (D_DATEKEY),
FOREIGN KEY (LO_COMMITDATE) REFERENCES DWDATE   (D_DATEKEY),
FOREIGN KEY (LO_SUPPKEY)    REFERENCES SUPPLIER (S_SUPPKEY),
FOREIGN KEY (LO_CUSTKEY)    REFERENCES CUSTOMER (C_CUSTKEY),
FOREIGN KEY (LO_PARTKEY)    REFERENCES PART     (P_PARTKEY)
)

query ITTTIITIIIIITIIII rowsort
select * from DWDATE
----

query ITTTTTT rowsort
select * from SUPPLIER
----

query ITTTTTTT rowsort
select * from CUSTOMER
----

query ITTTTTTIT rowsort
select * from PART
----

query IIIIIITTIIIIIIIIT rowsort
select * from LINEORDER
----

statement ok
START TRANSACTION

statement ok
COPY    2556 RECORDS INTO DWDATE    FROM E'$QTSTSRCDIR/SF-0.01/date.tbl'      USING DELIMITERS '|', E'|\n'

statement ok
COPY     100 RECORDS INTO SUPPLIER  FROM E'$QTSTSRCDIR/SF-0.01/supplier.tbl'  USING DELIMITERS '|', E'|\n'

statement ok
COPY     300 RECORDS INTO CUSTOMER  FROM E'$QTSTSRCDIR/SF-0.01/customer.tbl'  USING DELIMITERS '|', E'|\n'

statement ok
COPY    2000 RECORDS INTO PART      FROM E'$QTSTSRCDIR/SF-0.01/part.tbl'      USING DELIMITERS '|', E'|\n'

statement ok
COPY   60175 RECORDS INTO LINEORDER FROM E'$QTSTSRCDIR/SF-0.01/lineorder.tbl' USING DELIMITERS '|', E'|\n'

statement ok
COMMIT

query I rowsort
select count(*) from DWDATE
----
2556

query I rowsort
select count(*) from SUPPLIER
----
100

query I rowsort
select count(*) from CUSTOMER
----
300

query I rowsort
select count(*) from PART
----
2000

query I rowsort
select count(*) from LINEORDER
----
60175

query ITTTIITIIIIITIIII rowsort
select * from DWDATE    order by D_DATEKEY limit 9
----
153 values hashing to 208f3d42f09b64a2c5bdadd8db7d4bec

query ITTTTTT rowsort
select * from SUPPLIER  order by S_SUPPKEY limit 9
----
1
Supplier#000000001
sdrGnXCDRcfriBvY0KL,i
PERU     0
PERU
AMERICA
27-989-741-2988
2
Supplier#000000002
TRMhVHz3XiFu
ETHIOPIA 1
ETHIOPIA
AFRICA
15-768-687-3665
3
Supplier#000000003
BZ0kXcHUcHjx62L7CjZS
ARGENTINA7
ARGENTINA
AMERICA
11-719-748-3364
4
Supplier#000000004
qGTQJXogS83a7MB
MOROCCO  4
MOROCCO
AFRICA
25-128-190-5944
5
Supplier#000000005
lONEYAh9sF
IRAQ     5
IRAQ
MIDDLE EAST
21-750-942-6364
6
Supplier#000000006
zaux5FT
KENYA    2
KENYA
AFRICA
24-114-968-4951
7
Supplier#000000007
 0W7IPdkpWycU
UNITED KI0
UNITED KINGDOM
EUROPE
33-190-982-9759
8
Supplier#000000008
S8AWPqjYlanEQlcDO2
PERU     6
PERU
AMERICA
27-147-574-9335
9
Supplier#000000009
,gJ6K2MKveYxQT
IRAN     6
IRAN
MIDDLE EAST
20-338-906-3675

query ITTTTTTT rowsort
select * from CUSTOMER  order by C_CUSTKEY limit 9
----
1
Customer#000000001
j5JsirBM9P
MOROCCO  0
MOROCCO
AFRICA
25-989-741-2988
BUILDING
2
Customer#000000002
487LW1dovn6Q4dMVym
JORDAN   1
JORDAN
MIDDLE EAST
23-768-687-3665
AUTOMOBILE
3
Customer#000000003
fkRGN8n
ARGENTINA7
ARGENTINA
AMERICA
11-719-748-3364
AUTOMOBILE
4
Customer#000000004
4u58h f
EGYPT    4
EGYPT
MIDDLE EAST
14-128-190-5944
MACHINERY
5
Customer#000000005
hwBtxkoBF qSW4KrI
CANADA   5
CANADA
AMERICA
13-750-942-6364
HOUSEHOLD
6
Customer#000000006
 g1s,pzDenUEBW3O,2 pxu
SAUDI ARA2
SAUDI ARABIA
MIDDLE EAST
30-114-968-4951
AUTOMOBILE
7
Customer#000000007
8OkMVLQ1dK6Mbu6WG9
CHINA    0
CHINA
ASIA
28-190-982-9759
AUTOMOBILE
8
Customer#000000008
j,pZ,Qp,qtFEo0r0c 92qo
PERU     6
PERU
AMERICA
27-147-574-9335
BUILDING
9
Customer#000000009
vgIql8H6zoyuLMFN
INDIA    6
INDIA
ASIA
18-338-906-3675
FURNITURE

query ITTTTTTIT rowsort
select * from PART      order by P_PARTKEY limit 9
----
1
lace spring
MFGR#1
MFGR#11
MFGR#1121
goldenrod
PROMO BURNISHED COPPER
7
JUMBO PKG
2
rosy metallic
MFGR#4
MFGR#43
MFGR#4318
blush
LARGE BRUSHED BRASS
1
LG CASE
3
green antique
MFGR#3
MFGR#32
MFGR#3210
dark
STANDARD POLISHED BRASS
21
WRAP CASE
4
metallic smoke
MFGR#1
MFGR#14
MFGR#1426
chocolate
SMALL PLATED BRASS
14
MED DRUM
5
blush chiffon
MFGR#4
MFGR#45
MFGR#4510
forest
STANDARD POLISHED TIN
15
SM PKG
6
ivory azure
MFGR#2
MFGR#23
MFGR#2325
white
PROMO PLATED STEEL
4
MED BAG
7
blanched tan
MFGR#5
MFGR#51
MFGR#513
blue
SMALL PLATED COPPER
45
SM BAG
8
khaki cream
MFGR#1
MFGR#13
MFGR#1328
ivory
PROMO BURNISHED TIN
41
LG DRUM
9
rose moccasin
MFGR#4
MFGR#41
MFGR#4117
thistle
SMALL BURNISHED STEEL
12
WRAP CASE

query IIIIIITTIIIIIIIIT rowsort
select * from LINEORDER order by LO_ORDERKEY, LO_LINENUMBER limit 9
----
153 values hashing to 1f5f562bf00a0bf197569dc56625d60d

query I rowsort
select sum(lo_extendedprice*lo_discount) as revenue
	from lineorder, dwdate
	where lo_orderdate = d_datekey
		and d_year = 1993
		and lo_discount between 1 and 3
		and lo_quantity < 25
----
4199635969

query I rowsort
select sum(lo_extendedprice*lo_discount) as revenue
	from lineorder, dwdate
	where lo_orderdate = d_datekey
		and d_yearmonthnum = 199401
		and lo_discount between 4 and 6
		and lo_quantity between 26 and 35
----
927530712

query I rowsort
select sum(lo_extendedprice*lo_discount) as revenue
	from lineorder, dwdate
	where lo_orderdate = d_datekey
		and d_weeknuminyear = 6 and d_year = 1994
		and lo_discount between 5 and 7
		and lo_quantity between 36 and 40
----
213477639

query IIT rowsort
select sum(lo_revenue), d_year, p_brand1
	from lineorder, dwdate, part, supplier
	where lo_orderdate = d_datekey
		and lo_partkey = p_partkey
		and lo_suppkey = s_suppkey
		and p_category = 'MFGR#12'
		and s_region = 'AMERICA'
	group by d_year, p_brand1
	order by d_year, p_brand1
----
465 values hashing to 7a17aefb56671083165cf6c1ec7165c9

query IIT rowsort
select sum(lo_revenue), d_year, p_brand1
	from lineorder, dwdate, part, supplier
	where lo_orderdate = d_datekey
		and lo_partkey = p_partkey
		and lo_suppkey = s_suppkey
		and p_brand1 between 'MFGR#2221' and 'MFGR#2228'
		and s_region = 'ASIA'
	group by d_year, p_brand1
	order by d_year, p_brand1
----
135 values hashing to d604cf966140b2342b84aaf8da38f8d8

query IIT rowsort
select sum(lo_revenue), d_year, p_brand1
	from lineorder, dwdate, part, supplier
	where lo_orderdate = d_datekey
		and lo_partkey = p_partkey
		and lo_suppkey = s_suppkey
		and p_brand1 = 'MFGR#2221'
		and s_region = 'EUROPE'
	group by d_year, p_brand1
	order by d_year, p_brand1
----
11180484
1995
MFGR#2221
2535744
1992
MFGR#2221
4605666
1997
MFGR#2221
5646414
1993
MFGR#2221
6838192
1996
MFGR#2221
9102972
1998
MFGR#2221
9516564
1994
MFGR#2221

query TTII rowsort
select c_nation, s_nation, d_year, sum(lo_revenue) as revenue
	from customer, lineorder, supplier, dwdate
	where lo_custkey = c_custkey
		and lo_suppkey = s_suppkey
		and lo_orderdate = d_datekey
		and c_region = 'ASIA'
		and s_region = 'ASIA'
		and d_year >= 1992 and d_year <= 1997
	group by c_nation, s_nation, d_year
	order by d_year asc, revenue desc
----
600 values hashing to dfed01b3001e93a41c0865d715ee2b97

query TTII rowsort
select c_city, s_city, d_year, sum(lo_revenue) as revenue
	from customer, lineorder, supplier, dwdate
	where lo_custkey = c_custkey
		and lo_suppkey = s_suppkey
		and lo_orderdate = d_datekey
		and c_nation = 'UNITED STATES'
		and s_nation = 'UNITED STATES'
		and d_year >= 1992 and d_year <= 1997
	group by c_city, s_city, d_year
	order by d_year asc, revenue desc
----

query TTII rowsort
select c_city, s_city, d_year, sum(lo_revenue) as revenue
	from customer, lineorder, supplier, dwdate
	where lo_custkey = c_custkey
		and lo_suppkey = s_suppkey
		and lo_orderdate = d_datekey
		and c_nation = 'UNITED KINGDOM'
		and (c_city='UNITED KI1' or c_city='UNITED KI5')
		and (s_city='UNITED KI1' or s_city='UNITED KI5')
		and s_nation = 'UNITED KINGDOM'
		and d_year >= 1992 and d_year <= 1997
	group by c_city, s_city, d_year
	order by d_year asc, revenue desc
----

query TTII rowsort
select c_city, s_city, d_year, sum(lo_revenue) as revenue
	from customer, lineorder, supplier, dwdate
	where lo_custkey = c_custkey
		and lo_suppkey = s_suppkey
		and lo_orderdate = d_datekey
		and c_nation = 'UNITED KINGDOM'
		and (c_city='UNITED KI1' or c_city='UNITED KI5')
		and (s_city='UNITED KI1' or s_city='UNITED KI5')
		and s_nation = 'UNITED KINGDOM'
		and d_yearmonth = 'Dec1997'
	group by c_city, s_city, d_year
	order by d_year asc, revenue desc
----

query ITI rowsort
select d_year, c_nation, sum(lo_revenue-lo_supplycost) as profit1
	from dwdate, customer, supplier, part, lineorder
	where lo_custkey = c_custkey
		and lo_suppkey = s_suppkey
		and lo_partkey = p_partkey
		and lo_orderdate = d_datekey
		and c_region = 'AMERICA'
		and s_region = 'AMERICA'
		and (p_mfgr = 'MFGR#1' or p_mfgr = 'MFGR#2')
	group by d_year, c_nation
	order by d_year, c_nation
----
1992
ARGENTINA
60236596
1992
BRAZIL
50116740
1992
CANADA
158594332
1992
PERU
122782525
1993
ARGENTINA
101488494
1993
BRAZIL
18300780
1993
CANADA
220466287
1993
PERU
138221761
1994
ARGENTINA
96762374
1994
BRAZIL
41192541
1994
CANADA
142838983
1994
PERU
81585186
1995
ARGENTINA
77733294
1995
BRAZIL
48321419
1995
CANADA
132723304
1995
PERU
120699540
1996
ARGENTINA
77775674
1996
BRAZIL
30868579
1996
CANADA
227015896
1996
PERU
82556019
1997
ARGENTINA
70072123
1997
BRAZIL
33222386
1997
CANADA
118280072
1997
PERU
68393464
1998
ARGENTINA
29902049
1998
BRAZIL
17035775
1998
CANADA
93061401
1998
PERU
41688725

query ITTI rowsort
select d_year, s_nation, p_category, sum(lo_revenue-lo_supplycost) as profit1
	from dwdate, customer, supplier, part, lineorder
	where lo_custkey = c_custkey
		and lo_suppkey = s_suppkey
		and lo_partkey = p_partkey
		and lo_orderdate = d_datekey
		and c_region = 'AMERICA'
		and s_region = 'AMERICA'
		and (d_year = 1997 or d_year = 1998)
		and (p_mfgr = 'MFGR#1' or p_mfgr = 'MFGR#2')
	group by d_year, s_nation, p_category
	order by d_year, s_nation, p_category
----
304 values hashing to e5636859acb993008b37bfae32f2f9e9

query ITTI rowsort
select d_year, s_city, p_brand1, sum(lo_revenue-lo_supplycost) as profit1
	from dwdate, customer, supplier, part, lineorder
	where lo_custkey = c_custkey
		and lo_suppkey = s_suppkey
		and lo_partkey = p_partkey
		and lo_orderdate = d_datekey
		and c_region = 'AMERICA'
		and s_nation = 'UNITED STATES'
		and (d_year = 1997 or d_year = 1998)
		and p_category = 'MFGR#14'
	group by d_year, s_city, p_brand1
	order by d_year, s_city, p_brand1
----
1997
UNITED ST2
MFGR#1433
2636841
1997
UNITED ST6
MFGR#1415
5022945
1997
UNITED ST7
MFGR#1415
2846336
1998
UNITED ST0
MFGR#1418
1457152
1998
UNITED ST2
MFGR#1414
442555
1998
UNITED ST7
MFGR#142
306182
1998
UNITED ST9
MFGR#1433
141465

