statement ok
CREATE TABLE test01 ( col1 INT, col2 INT ) 

statement ok
INSERT INTO test01 VALUES (1,2) 

statement ok
INSERT INTO test01 VALUES (3,4) 

statement ok
INSERT INTO test01 VALUES (5,6) 

query II rowsort
select * from test01
----
1
2
3
4
5
6

statement ok
ALTER TABLE test01 ADD COLUMN col3 INT 

query III rowsort
select * from test01
----
1
2
NULL
3
4
NULL
5
6
NULL

statement ok
INSERT INTO test01 VALUES (1,2,3) 

statement ok
INSERT INTO test01 VALUES (3,4,5) 

statement ok
INSERT INTO test01 VALUES (5,6,7) 

query III rowsort
select * from test01
----
1
2
3
1
2
NULL
3
4
5
3
4
NULL
5
6
7
5
6
NULL

statement ok
ALTER TABLE test01 DROP COLUMN col2 

statement ok
INSERT INTO test01 VALUES (7,8) 

query II rowsort
select * from test01
----
1
3
1
NULL
3
5
3
NULL
5
7
5
NULL
7
8

statement ok
DROP   TABLE test01 

