statement ok
CREATE TABLE bulk (
	id NUMERIC(9, 0) NOT NULL,
   	fax NUMERIC(10, 0),
        phone NUMERIC(10, 0),
        acctnum NUMERIC(7, 0)
)

statement ok
COPY 3 RECORDS INTO bulk from stdin USING DELIMITERS '|', E'\n'
<COPY_INTO_DATA>
1001|NULL|231231234|1001
1001|NULL|231231234|1001
1002|1234|1231231235|1002

query RRRR rowsort
select * from bulk
----
1001.000
NULL
231231234.000
1001.000
1001.000
NULL
231231234.000
1001.000
1002.000
1234.000
1231231235.000
1002.000

statement ok
drop table bulk

statement ok
CREATE TABLE bulk (
	id BIGINT NOT NULL,
   	fax BIGINT,
        phone BIGINT,
        acctnum BIGINT
)

statement ok
COPY 3 RECORDS INTO bulk from stdin USING DELIMITERS '|', E'\n'
<COPY_INTO_DATA>
1001|NULL|231231234|1001
1001|NULL|231231234|1001
1002|1234|1231231235|1002

query IIII rowsort
select * from bulk
----
1001
NULL
231231234
1001
1001
NULL
231231234
1001
1002
1234
1231231235
1002

statement ok
drop table bulk

