statement ok
START TRANSACTION

statement ok
CREATE TABLE "a" (
	"property" int	NOT NULL,
	"class"    int	NOT NULL,
	CONSTRAINT "a_property_class_pkey" PRIMARY KEY ("class", "property")
)

statement ok
INSERT INTO "a" VALUES (1, 17)

statement ok
INSERT INTO "a" VALUES (21, 17)

statement ok
INSERT INTO "a" VALUES (22, 17)

statement ok
INSERT INTO "a" VALUES (20, 2)

statement ok
INSERT INTO "a" VALUES (19, 17)

statement ok
INSERT INTO "a" VALUES (4, 16)

statement ok
INSERT INTO "a" VALUES (5, 16)

statement ok
INSERT INTO "a" VALUES (6, 16)

statement ok
INSERT INTO "a" VALUES (29, 16)

statement ok
INSERT INTO "a" VALUES (12, 16)

statement ok
INSERT INTO "a" VALUES (13, 11)

statement ok
INSERT INTO "a" VALUES (26, 16)

statement ok
INSERT INTO "a" VALUES (25, 16)

statement ok
INSERT INTO "a" VALUES (23, 18)

statement ok
INSERT INTO "a" VALUES (24, 18)

statement ok
INSERT INTO "a" VALUES (15, 16)

statement ok
CREATE TABLE "b" (
	"property" int	NOT NULL,
	"class"    int	NOT NULL,
	CONSTRAINT "b_property_class_pkey" PRIMARY KEY ("class", "property")
)

statement ok
INSERT INTO "b" VALUES (1, 17)

statement ok
INSERT INTO "b" VALUES (21, 17)

statement ok
INSERT INTO "b" VALUES (22, 17)

statement ok
INSERT INTO "b" VALUES (20, 2)

statement ok
INSERT INTO "b" VALUES (19, 17)

statement ok
INSERT INTO "b" VALUES (4, 16)

statement ok
INSERT INTO "b" VALUES (5, 16)

statement ok
INSERT INTO "b" VALUES (6, 16)

statement ok
INSERT INTO "b" VALUES (28, 15)

statement ok
INSERT INTO "b" VALUES (11, 15)

statement ok
INSERT INTO "b" VALUES (12, 10)

statement ok
INSERT INTO "b" VALUES (25, 15)

statement ok
INSERT INTO "b" VALUES (24, 15)

statement ok
INSERT INTO "b" VALUES (23, 17)

statement ok
INSERT INTO "b" VALUES (14, 15)

statement ok
COMMIT

statement ok
START TRANSACTION

query II rowsort
SELECT * FROM a
----
1
17
12
16
13
11
15
16
19
17
20
2
21
17
22
17
23
18
24
18
25
16
26
16
29
16
4
16
5
16
6
16

query II rowsort
SELECT * FROM b
----
1
17
11
15
12
10
14
15
19
17
20
2
21
17
22
17
23
17
24
15
25
15
28
15
4
16
5
16
6
16

statement ok
ROLLBACK

statement ok
START TRANSACTION

query I rowsort
SELECT class FROM a EXCEPT SELECT 16 ORDER BY class
----
11
17
18
2

query I rowsort
SELECT class FROM a UNION SELECT 16 ORDER BY class
----
11
16
17
18
2

query I rowsort
SELECT class FROM a INTERSECT SELECT 16 ORDER BY class
----
16

statement ok
ROLLBACK

statement ok
START TRANSACTION

query II rowsort
SELECT * FROM a EXCEPT SELECT * FROM b ORDER BY class, property
----
12
16
13
11
15
16
23
18
24
18
25
16
26
16
29
16

query II rowsort
SELECT * FROM a UNION SELECT * FROM b ORDER BY class, property
----
1
17
11
15
12
10
12
16
13
11
14
15
15
16
19
17
20
2
21
17
22
17
23
17
23
18
24
15
24
18
25
15
25
16
26
16
28
15
29
16
4
16
5
16
6
16

query II rowsort
SELECT * FROM a INTERSECT SELECT * FROM b ORDER BY class, property
----
1
17
19
17
20
2
21
17
22
17
4
16
5
16
6
16

statement ok
ROLLBACK

statement ok
START TRANSACTION

query I rowsort
SELECT class FROM a EXCEPT ALL SELECT 16 ORDER BY class
----
11
16
16
16
16
16
16
16
17
17
17
17
18
18
2

query I rowsort
SELECT class FROM a UNION ALL SELECT 16 ORDER BY class
----
11
16
16
16
16
16
16
16
16
16
17
17
17
17
18
18
2

query I rowsort
SELECT class FROM a INTERSECT ALL SELECT 16 ORDER BY class
----
16

statement ok
ROLLBACK

statement ok
START TRANSACTION

query II rowsort
SELECT * FROM a EXCEPT ALL SELECT * FROM b ORDER BY class, property
----
12
16
13
11
15
16
23
18
24
18
25
16
26
16
29
16

query I rowsort
SELECT class FROM a EXCEPT ALL SELECT class FROM b ORDER BY class
----
11
16
16
16
16
16
18
18

query II rowsort
SELECT * FROM a UNION ALL SELECT * FROM b ORDER BY class, property
----
1
17
1
17
11
15
12
10
12
16
13
11
14
15
15
16
19
17
19
17
20
2
20
2
21
17
21
17
22
17
22
17
23
17
23
18
24
15
24
18
25
15
25
16
26
16
28
15
29
16
4
16
4
16
5
16
5
16
6
16
6
16

query II rowsort
SELECT * FROM a INTERSECT ALL SELECT * FROM b ORDER BY class, property
----
1
17
19
17
20
2
21
17
22
17
4
16
5
16
6
16

query I rowsort
SELECT class FROM a INTERSECT ALL SELECT class FROM b ORDER BY class
----
16
16
16
17
17
17
17
2

statement ok
ROLLBACK

statement ok
START TRANSACTION

statement ok
DROP TABLE "a"

statement ok
DROP TABLE "b"

statement ok
COMMIT

