query TTI rowsort
SELECT   a.name, b.name, COUNT(*)
FROM     tables a, columns ta,
         tables b, columns tb
WHERE    a.id < b.id AND
         a.id = ta.table_id AND
         b.id = tb.table_id AND
         ta.name = tb.name AND
         a."system" = true AND
         b."system" = true AND
         a.name IN ('args', 'columns', 'functions', 'idxs',
             'objects', 'keys', 'modules', 'sequences') AND
         b.name IN ('args', 'columns', 'functions', 'idxs',
             'objects', 'keys', 'modules', 'sequences')
GROUP BY a.name, b.name
HAVING COUNT(*) >= 1
ORDER BY a.name, b.name
----
args
columns
6
args
idxs
6
args
keys
6
args
objects
4
args
sequences
2
columns
columns
1
columns
sequences
10
functions
args
3
functions
columns
4
functions
idxs
6
functions
keys
6
functions
objects
4
functions
sequences
4
idxs
columns
10
idxs
idxs
4
idxs
keys
4
idxs
objects
6
keys
columns
10
keys
idxs
12
keys
keys
7
keys
objects
6
objects
columns
4
objects
idxs
2
objects
keys
2
objects
objects
4
sequences
columns
3
sequences
idxs
4
sequences
keys
4
sequences
objects
4
sequences
sequences
3

statement error
select name from tables where "type" = 10 and "system" = true
and name IN ('args', 'columns', 'functions', 'idxs', 'objects',
'keys', 'modules', 'sequences') having 1=1

statement error
select name from tables where "type" = 10 and "system" = true having 1=0

query T rowsort
select name from tables where "type" = 10 and "system" = true
and name IN ('args', 'columns', 'functions', 'idxs', 'objects',
'keys', 'modules', 'sequences') group by name having 1=1
----
args
functions
idxs
keys
objects
sequences

query T rowsort
select name from tables where "type" = 10 and "system" = true group by name having 1=0
----

