query TTI rowsort
SELECT   a.name, b.name, COUNT(*)
FROM     tables a, columns ta,
         tables b, columns tb
WHERE    a.id < b.id AND
         a.id = ta.table_id AND
         b.id = tb.table_id AND
         ta.name = tb.name AND
         a."system" = true AND
         b."system" = true AND
         a.name IN ('args', 'columns', 'functions', 'idxs',
             'objects', 'keys', 'modules', 'sequences') AND
         b.name IN ('args', 'columns', 'functions', 'idxs',
             'objects', 'keys', 'modules', 'sequences')
GROUP BY a.name, b.name
HAVING COUNT(*) >= 1
ORDER BY a.name, b.name
----
81 values hashing to 7e14c830ba404a3f20dcbfa3bea01e26

statement error
select name from tables where "type" = 10 and "system" = true
and name IN ('args', 'columns', 'functions', 'idxs', 'objects',
'keys', 'modules', 'sequences') having 1=1

statement error
select name from tables where "type" = 10 and "system" = true having 1=0

query T rowsort
select name from tables where "type" = 10 and "system" = true
and name IN ('args', 'columns', 'functions', 'idxs', 'objects',
'keys', 'modules', 'sequences') group by name having 1=1
----
args
functions
idxs
keys
objects
sequences

query T rowsort
select name from tables where "type" = 10 and "system" = true group by name having 1=0
----


