statement ok
CREATE TABLE query_users (
        user_id INT NOT NULL AUTO_INCREMENT,
        user_name VARCHAR(20),
        PRIMARY KEY (user_id)
)

statement ok
INSERT INTO query_users (user_id, user_name) VALUES (1, 'matt')

statement ok
INSERT INTO query_users (user_id, user_name) VALUES (2, 'fred')

statement ok
INSERT INTO query_users (user_id, user_name) VALUES (3, null)

query T rowsort
SELECT user_name
FROM query_users
WHERE user_name IN ('matt', 'fred')
----
fred
matt

query T rowsort
SELECT user_name
FROM query_users
WHERE user_name NOT IN ('matt', 'fred')
----

statement ok
drop table query_users

