statement ok
start transaction

statement ok
create table "t951206" (name varchar(1024), isloco boolean)

statement ok
insert into "t951206" values ('niels', false), ('fabian', true),
('martin', false)

query I rowsort
select x from (select count(*) as x from "t951206" where "isloco" = true) as t
----
1

query T rowsort
select x from (select name as x from "t951206" where "isloco" = true) as t
----
fabian

statement ok
rollback

