statement ok
START TRANSACTION

statement ok
CREATE TABLE "datetest" (
	"low"  timestamp,
	"high" timestamp
)

statement ok
INSERT INTO "datetest" VALUES ('2004-12-27 16:29:57.409', '9999-12-31 00:00:00.000')

query TT rowsort
select * from datetest where now() > low and now() < high
----
2004-12-27 16:29:57.409000
9999-12-31 00:00:00

query TT rowsort
select * from datetest where low < high
----
2004-12-27 16:29:57.409000
9999-12-31 00:00:00

query TT rowsort
select max(low), max( CAST (low as timestamp(0))) from datetest
----
2004-12-27 16:29:57.409000
2004-12-27 16:29:57

statement ok
ROLLBACK

