statement ok
CREATE TABLE my_table1 (
--
     id1    INT NOT NULL,
     col1a  VARCHAR(10),
     col1b  VARCHAR(1)
--
) 

statement ok
INSERT INTO my_table1 VALUES (1, 'a', '') 

statement ok
INSERT INTO my_table1 VALUES (2, 'b', '') 

statement ok
INSERT INTO my_table1 VALUES (3, 'c', '') 

statement ok
INSERT INTO my_table1 VALUES (4, 'd', '') 

statement ok
INSERT INTO my_table1 VALUES (5, 'e', '') 

statement ok
INSERT INTO my_table1 VALUES (6, 'f', '') 

statement ok
INSERT INTO my_table1 VALUES (7, 'g', '') 

statement ok
INSERT INTO my_table1 VALUES (8, 'h', '') 

statement ok
INSERT INTO my_table1 VALUES (9, 'i', '') 

statement ok
CREATE TABLE my_table2 (
--
     id2    INT NOT NULL,
     col2   VARCHAR(10)
) 

query IT rowsort
SELECT
      COALESCE(id1,0),
      (SELECT col2 FROM my_table2 WHERE col2 = col1a)
FROM  my_table1 x
----
1
NULL
2
NULL
3
NULL
4
NULL
5
NULL
6
NULL
7
NULL
8
NULL
9
NULL

query IT rowsort
SELECT
      COALESCE(id1,0),
      (SELECT col2 FROM my_table2 WHERE col2 = col1a) AS my_col1
FROM  my_table1 x
----
1
NULL
2
NULL
3
NULL
4
NULL
5
NULL
6
NULL
7
NULL
8
NULL
9
NULL

statement ok
DROP   TABLE my_table1 

statement ok
DROP   TABLE my_table2 

