query T
select contains(NULL, '')
----
NULL

query T
select contains('', NULL)
----
NULL

query T
select contains('', '')
----
True

query T
select contains('johndoe', '')
----
True

query T
select contains('', 'johndoe')
----
False

query T
select contains('johndoe', 'john')
----
True

query T
select contains('one two three', 'three', true)
----
True

query T
select contains('one two three', 'THREE', true)
----
True

query T
select contains('one two three', 'THREE', false)
----
False

query T
select contains('M端ller Thomas', 'm端ller', true)
----
True

query T
select contains('M端ller Thomas', 'm端ller', false)
----
False

statement ok
create table foo(x string)

statement ok
create table bar(x string)

statement ok
insert into foo values ('johnleft'),('janeright'),('robertright'),('timup'),('lexleft'),('joeleft')

statement ok
insert into bar values ('left'),('right'),('up'),('down')

query T
select contains(x, 'left') from foo
----
True
False
False
False
True
True

query TT rowsort
select * from foo,bar where [foo.x] contains [bar.x, false]
----
janeright
right
joeleft
left
johnleft
left
lexleft
left
robertright
right
timup
up

statement ok
drop table foo

statement ok
drop table bar
