query T
select startswith(NULL, '')
----
NULL

query T
select startswith('', NULL)
----
NULL

query T
select startswith('', '')
----
True

query T
select startswith('johndoe', '')
----
True

query T
select startswith('', 'johndoe')
----
False

query T
select startswith('johndoe', 'john')
----
True

query T
select startswith('one two three', 'three', true)
----
False

query T
select startswith('M端ller Thomas', 'm端ller', true)
----
True

query T
select startswith('M端ller Thomas', 'm端ller', false)
----
False
