-- test with 'odbc:DRIVER=/usr/lib64/libsqlite3odbc.so;' protocol specification

statement error 42000!SELECT: proto_loader function failed 'odbc_loader Could not connect. SQLDriverConnect failed. SQLstate HY000, Errnr 14, Message [SQLite]connect failed'
select * from proto_loader('odbc:DRIVER=/usr/lib64/libsqlite3odbc.so;QUERY=SELECT * FROM INFORMATION_SCHEMA.TABLES')

statement error 42000!SELECT: proto_loader function failed 'odbc_loader Could not connect. SQLDriverConnect failed. SQLstate HY000, Errnr 14, Message [SQLite]connect failed'
select * from proto_loader('odbc:DRIVER=/usr/lib64/libsqlite3odbc.so;Database=~/Downloads/sqlite_dbs/chinook.db;QUERY=SELECT * FROM INFORMATION_SCHEMA.TABLES')

statement error 42000!SELECT: proto_loader function failed 'odbc_loader SQLExecDirect query failed. SQLstate HY000, Errnr 1, Message [SQLite]no such table: INFORMATION_SCHEMA.TABLES (1)'
select * from proto_loader('odbc:DRIVER=/usr/lib64/libsqlite3odbc.so;Database=odbc_loader_test.db;QUERY=SELECT * FROM INFORMATION_SCHEMA.TABLES')

query TTT
select * from proto_loader('odbc:DRIVER=/usr/lib64/libsqlite3odbc.so;Database=odbc_loader_test.db;QUERY=SELECT type, name, tbl_name FROM sqlite_schema ORDER BY 1,2,3')
----

query TTTIT
select * from proto_loader('odbc:DRIVER=/usr/lib64/libsqlite3odbc.so;Database=odbc_loader_test.db;QUERY=SELECT * FROM sqlite_schema ORDER BY 1,2,3')
----

query TTTT
select * from proto_loader('odbc:DRIVER=/usr/lib64/libsqlite3odbc.so;Database=/home/dinther/Downloads/sqlite_dbs/chinook.db;QUERY=SELECT tbl_name, type, name, sql FROM sqlite_schema ORDER BY 1,2 DESC,3')
----
albums
table
albums
CREATE TABLE "albums"@@(@@    [AlbumId] INTEGER PRIMARY KEY AUTOINCREMENT NOT NULL,@@    [Title] NVARCHAR(160)  NOT NULL,@@    [ArtistId] INTEGER  NOT NULL,@@    FOREIGN KEY ([ArtistId]) REFERENCES "artists" ([ArtistId]) @@@@ON DELETE NO ACTION ON UPDATE NO ACTION@@)
albums
index
IFK_AlbumArtistId
CREATE INDEX [IFK_AlbumArtistId] ON "albums" ([ArtistId])
artists
table
artists
CREATE TABLE "artists"@@(@@    [ArtistId] INTEGER PRIMARY KEY AUTOINCREMENT NOT NULL,@@    [Name] NVARCHAR(120)@@)
customers
table
customers
CREATE TABLE "customers"@@(@@    [CustomerId] INTEGER PRIMARY KEY AUTOINCREMENT NOT NULL,@@    [FirstName] NVARCHAR(40)  NOT NULL,@@    [LastName] NVARCHAR(20)  NOT NULL,@@    [Company] NVARCHAR(80),@@    [Address] NVARCHAR(70),@@    [City] NVARCHAR(40),@@    [State] NVARCHAR(40),@@    [Country] NVARCHAR(40),@@    [PostalCode] NVARCHAR(10),@@    [Phone] NVARCHAR(24),@@    [Fax] NVARCHAR(24),@@    [Email] NVARCHAR(60)  NOT NULL,@@    [SupportRepId] INTEGER,@@    FOREIGN KEY ([SupportRepId]) REFERENCES "employees" ([EmployeeId]) @@@@ON DELETE NO ACTION ON UPDATE NO ACTION@@)
customers
index
IFK_CustomerSupportRepId
CREATE INDEX [IFK_CustomerSupportRepId] ON "customers" ([SupportRepId])
employees
table
employees
CREATE TABLE "employees"@@(@@    [EmployeeId] INTEGER PRIMARY KEY AUTOINCREMENT NOT NULL,@@    [LastName] NVARCHAR(20)  NOT NULL,@@    [FirstName] NVARCHAR(20)  NOT NULL,@@    [Title] NVARCHAR(30),@@    [ReportsTo] INTEGER,@@    [BirthDate] DATETIME,@@    [HireDate] DATETIME,@@    [Address] NVARCHAR(70),@@    [City] NVARCHAR(40),@@    [State] NVARCHAR(40),@@    [Country] NVARCHAR(40),@@    [PostalCode] NVARCHAR(10),@@    [Phone] NVARCHAR(24),@@    [Fax] NVARCHAR(24),@@    [Email] NVARCHAR(60),@@    FOREIGN KEY ([ReportsTo]) REFERENCES "employees" ([EmployeeId]) @@@@ON DELETE NO ACTION ON UPDATE NO ACTION@@)
employees
index
IFK_EmployeeReportsTo
CREATE INDEX [IFK_EmployeeReportsTo] ON "employees" ([ReportsTo])
genres
table
genres
CREATE TABLE "genres"@@(@@    [GenreId] INTEGER PRIMARY KEY AUTOINCREMENT NOT NULL,@@    [Name] NVARCHAR(120)@@)
invoice_items
table
invoice_items
CREATE TABLE "invoice_items"@@(@@    [InvoiceLineId] INTEGER PRIMARY KEY AUTOINCREMENT NOT NULL,@@    [InvoiceId] INTEGER  NOT NULL,@@    [TrackId] INTEGER  NOT NULL,@@    [UnitPrice] NUMERIC(10,2)  NOT NULL,@@    [Quantity] INTEGER  NOT NULL,@@    FOREIGN KEY ([InvoiceId]) REFERENCES "invoices" ([InvoiceId]) @@@@ON DELETE NO ACTION ON UPDATE NO ACTION,@@    FOREIGN KEY ([TrackId]) REFERENCES "tracks" ([TrackId]) @@@@ON DELETE NO ACTION ON UPDATE NO ACTION@@)
invoice_items
index
IFK_InvoiceLineInvoiceId
CREATE INDEX [IFK_InvoiceLineInvoiceId] ON "invoice_items" ([InvoiceId])
invoice_items
index
IFK_InvoiceLineTrackId
CREATE INDEX [IFK_InvoiceLineTrackId] ON "invoice_items" ([TrackId])
invoices
table
invoices
CREATE TABLE "invoices"@@(@@    [InvoiceId] INTEGER PRIMARY KEY AUTOINCREMENT NOT NULL,@@    [CustomerId] INTEGER  NOT NULL,@@    [InvoiceDate] DATETIME  NOT NULL,@@    [BillingAddress] NVARCHAR(70),@@    [BillingCity] NVARCHAR(40),@@    [BillingState] NVARCHAR(40),@@    [BillingCountry] NVARCHAR(40),@@    [BillingPostalCode] NVARCHAR(10),@@    [Total] NUMERIC(10,2)  NOT NULL,@@    FOREIGN KEY ([CustomerId]) REFERENCES "customers" ([CustomerId]) @@@@ON DELETE NO ACTION ON UPDATE NO ACTION@@)
invoices
index
IFK_InvoiceCustomerId
CREATE INDEX [IFK_InvoiceCustomerId] ON "invoices" ([CustomerId])
media_types
table
media_types
CREATE TABLE "media_types"@@(@@    [MediaTypeId] INTEGER PRIMARY KEY AUTOINCREMENT NOT NULL,@@    [Name] NVARCHAR(120)@@)
playlist_track
table
playlist_track
CREATE TABLE "playlist_track"@@(@@    [PlaylistId] INTEGER  NOT NULL,@@    [TrackId] INTEGER  NOT NULL,@@    CONSTRAINT [PK_PlaylistTrack] PRIMARY KEY  ([PlaylistId], [TrackId]),@@    FOREIGN KEY ([PlaylistId]) REFERENCES "playlists" ([PlaylistId]) @@@@ON DELETE NO ACTION ON UPDATE NO ACTION,@@    FOREIGN KEY ([TrackId]) REFERENCES "tracks" ([TrackId]) @@@@ON DELETE NO ACTION ON UPDATE NO ACTION@@)
playlist_track
index
IFK_PlaylistTrackTrackId
CREATE INDEX [IFK_PlaylistTrackTrackId] ON "playlist_track" ([TrackId])
playlist_track
index
sqlite_autoindex_playlist_track_1
NULL
playlists
table
playlists
CREATE TABLE "playlists"@@(@@    [PlaylistId] INTEGER PRIMARY KEY AUTOINCREMENT NOT NULL,@@    [Name] NVARCHAR(120)@@)
sqlite_sequence
table
sqlite_sequence
CREATE TABLE sqlite_sequence(name,seq)
sqlite_stat1
table
sqlite_stat1
CREATE TABLE sqlite_stat1(tbl,idx,stat)
tracks
table
tracks
CREATE TABLE "tracks"@@(@@    [TrackId] INTEGER PRIMARY KEY AUTOINCREMENT NOT NULL,@@    [Name] NVARCHAR(200)  NOT NULL,@@    [AlbumId] INTEGER,@@    [MediaTypeId] INTEGER  NOT NULL,@@    [GenreId] INTEGER,@@    [Composer] NVARCHAR(220),@@    [Milliseconds] INTEGER  NOT NULL,@@    [Bytes] INTEGER,@@    [UnitPrice] NUMERIC(10,2)  NOT NULL,@@    FOREIGN KEY ([AlbumId]) REFERENCES "albums" ([AlbumId]) @@@@ON DELETE NO ACTION ON UPDATE NO ACTION,@@    FOREIGN KEY ([GenreId]) REFERENCES "genres" ([GenreId]) @@@@ON DELETE NO ACTION ON UPDATE NO ACTION,@@    FOREIGN KEY ([MediaTypeId]) REFERENCES "media_types" ([MediaTypeId]) @@@@ON DELETE NO ACTION ON UPDATE NO ACTION@@)
tracks
index
IFK_TrackAlbumId
CREATE INDEX [IFK_TrackAlbumId] ON "tracks" ([AlbumId])
tracks
index
IFK_TrackGenreId
CREATE INDEX [IFK_TrackGenreId] ON "tracks" ([GenreId])
tracks
index
IFK_TrackMediaTypeId
CREATE INDEX [IFK_TrackMediaTypeId] ON "tracks" ([MediaTypeId])

query IITTTTTTI
select * from proto_loader('odbc:DRIVER=/usr/lib64/libsqlite3odbc.so;Database=/home/dinther/Downloads/sqlite_dbs/chinook.db;QUERY=SELECT * FROM invoices limit 11')
----
1
2
2009-01-01 00:00:00
Theodor-Heuss-Straße 34
Stuttgart
NULL
Germany
70174
1
2
4
2009-01-02 00:00:00
Ullevålsveien 14
Oslo
NULL
Norway
0171
3
3
8
2009-01-03 00:00:00
Grétrystraat 63
Brussels
NULL
Belgium
1000
5
4
14
2009-01-06 00:00:00
8210 111 ST NW
Edmonton
AB
Canada
T6G 2C7
8
5
23
2009-01-11 00:00:00
69 Salem Street
Boston
MA
USA
2113
13
6
37
2009-01-19 00:00:00
Berger Straße 10
Frankfurt
NULL
Germany
60316
0
7
38
2009-02-01 00:00:00
Barbarossastraße 19
Berlin
NULL
Germany
10779
1
8
40
2009-02-01 00:00:00
8, Rue Hanovre
Paris
NULL
France
75002
1
9
42
2009-02-02 00:00:00
9, Place Louis Barthou
Bordeaux
NULL
France
33000
3
10
46
2009-02-03 00:00:00
3 Chatham Street
Dublin
Dublin
Ireland
NULL
5
11
52
2009-02-06 00:00:00
202 Hoxton Street
London
NULL
United Kingdom
N1 5LH
8

query TI
select * from proto_loader('odbc:DRIVER=/usr/lib64/libsqlite3odbc.so;Database=/home/dinther/Downloads/sqlite_dbs/chinook.db;QUERY=SELECT * FROM sqlite_sequence')
----
genres
25
media_types
5
artists
275
albums
347
tracks
3503
employees
8
customers
59
invoices
412
invoice_items
2240
playlists
18

