statement ok
START TRANSACTION

statement ok
CREATE TABLE part1 ( x double, y double, z double)

statement ok rowcount 4
COPY 4 RECORDS INTO part1 FROM stdin USING DELIMITERS ' ',E'\n'
<COPY_INTO_DATA>
0.0 0.0 0.0
1.0 0.0 0.0 
0.0 1.0 0.0 
1.0 1.0 0.0 

statement ok
CREATE TABLE part2 ( x double, y double, z double)

statement ok rowcount 4
COPY 4 RECORDS INTO part2 FROM stdin USING DELIMITERS ' ',E'\n'
<COPY_INTO_DATA>
2.0 0.0 0.0
3.0 0.0 0.0 
2.0 1.0 0.0 
3.0 1.0 0.0 

statement ok
CREATE MERGE TABLE complete ( x double, y double, z double)

statement ok
ALTER TABLE complete ADD TABLE part1

statement ok
ALTER TABLE complete ADD TABLE part2

query RRR rowsort
SELECT * FROM COMPLETE
----
0.000
0.000
0.000
0.000
1.000
0.000
1.000
0.000
0.000
1.000
1.000
0.000
2.000
0.000
0.000
2.000
1.000
0.000
3.000
0.000
0.000
3.000
1.000
0.000

statement ok
alter table part1 set read only

statement ok
alter table part2 set read only

statement ok
analyze sys.part1 (x,y,z) minmax

statement ok
analyze sys.part2 (x,y,z) minmax

query RRR rowsort
SELECT * FROM complete where x>=0.0 AND x <=1.0
----
0.000
0.000
0.000
0.000
1.000
0.000
1.000
0.000
0.000
1.000
1.000
0.000

query RRR rowsort
SELECT * FROM complete where x>=2.0 AND x <=3.0
----
2.000
0.000
0.000
2.000
1.000
0.000
3.000
0.000
0.000
3.000
1.000
0.000

query T nosort
PLAN SELECT * FROM complete where x = 0.0
----
project (
| select (
| | table("sys"."part1") [ "part1"."x" NOT NULL as "complete"."x", "part1"."y" NOT NULL as "complete"."y", "part1"."z" NOT NULL as "complete"."z" ]
| ) [ ("complete"."x" NOT NULL) = (double(53) "0") ]
) [ "complete"."x" NOT NULL, "complete"."y" NOT NULL, "complete"."z" NOT NULL ]

query RRR rowsort
SELECT * FROM complete where x = 0.0
----
0.000
0.000
0.000
0.000
1.000
0.000

query T nosort
PLAN SELECT * FROM complete where x = 3.0
----
project (
| select (
| | table("sys"."part2") [ "part2"."x" NOT NULL as "complete"."x", "part2"."y" NOT NULL as "complete"."y", "part2"."z" NOT NULL as "complete"."z" ]
| ) [ ("complete"."x" NOT NULL) = (double(53) "3") ]
) [ "complete"."x" NOT NULL, "complete"."y" NOT NULL, "complete"."z" NOT NULL ]

query RRR rowsort
SELECT * FROM complete where x = 3.0
----
3.000
0.000
0.000
3.000
1.000
0.000

query T nosort
PLAN SELECT * FROM complete where x >= 1.0 AND x < 2.0
----
project (
| select (
| | table("sys"."part1") [ "part1"."x" NOT NULL as "complete"."x", "part1"."y" NOT NULL as "complete"."y", "part1"."z" NOT NULL as "complete"."z" ]
| ) [ (double(53) "1") <= ("complete"."x" NOT NULL) < (double(53) "2") ]
) [ "complete"."x" NOT NULL, "complete"."y" NOT NULL, "complete"."z" NOT NULL ]

query RRR rowsort
SELECT * FROM complete where x >= 1.0 AND x < 2.0
----
1.000
0.000
0.000
1.000
1.000
0.000

query T nosort
PLAN SELECT * FROM complete where x > 1.0 AND x <= 2.0
----
project (
| select (
| | table("sys"."part2") [ "part2"."x" NOT NULL as "complete"."x", "part2"."y" NOT NULL as "complete"."y", "part2"."z" NOT NULL as "complete"."z" ]
| ) [ (double(53) "1") < ("complete"."x" NOT NULL) <= (double(53) "2") ]
) [ "complete"."x" NOT NULL, "complete"."y" NOT NULL, "complete"."z" NOT NULL ]

query RRR rowsort
SELECT * FROM complete where x > 1.0 AND x <= 2.0
----
2.000
0.000
0.000
2.000
1.000
0.000

query T nosort
PLAN SELECT * FROM complete where x > 1.0 AND x < 2.0
----
project (
| select (
| |  [ boolean(1) "true" as "%1"."%1" ]
| ) [ boolean(1) "false" ]
) [ double(53) NULL as "complete"."x", double(53) NULL as "complete"."y", double(53) NULL as "complete"."z" ]

query RRR rowsort
SELECT * FROM complete where x > 1.0 AND x < 2.0
----

query T nosort
PLAN SELECT * FROM complete where x >= 1.0 AND x <= 2.0
----
union (
| project (
| | select (
| | | table("sys"."part1") [ "part1"."x" NOT NULL as "complete"."x", "part1"."y" NOT NULL as "complete"."y", "part1"."z" NOT NULL as "complete"."z" ]
| | ) [ (double(53) "1") <= ("complete"."x" NOT NULL) <= (double(53) "2") ]
| ) [ "complete"."x" NOT NULL, "complete"."y" NOT NULL, "complete"."z" NOT NULL ],
| project (
| | select (
| | | table("sys"."part2") [ "part2"."x" NOT NULL as "complete"."x", "part2"."y" NOT NULL as "complete"."y", "part2"."z" NOT NULL as "complete"."z" ]
| | ) [ (double(53) "1") <= ("complete"."x" NOT NULL) <= (double(53) "2") ]
| ) [ "complete"."x" NOT NULL, "complete"."y" NOT NULL, "complete"."z" NOT NULL ]
) [ "complete"."x" NOT NULL, "complete"."y" NOT NULL, "complete"."z" NOT NULL ]

query RRR nosort
SELECT * FROM complete where x >= 1.0 AND x <= 2.0
----
1.000
0.000
0.000
1.000
1.000
0.000
2.000
0.000
0.000
2.000
1.000
0.000

query T nosort
PLAN SELECT * FROM complete WHERE x BETWEEN 0 AND 2 AND Y BETWEEN 0 AND 2
----
union (
| project (
| | table("sys"."part1") [ "part1"."x" NOT NULL as "complete"."x", "part1"."y" NOT NULL as "complete"."y", "part1"."z" NOT NULL as "complete"."z" ]
| ) [ "complete"."x" NOT NULL, "complete"."y" NOT NULL, "complete"."z" NOT NULL ],
| project (
| | select (
| | | table("sys"."part2") [ "part2"."x" NOT NULL as "complete"."x", "part2"."y" NOT NULL as "complete"."y", "part2"."z" NOT NULL as "complete"."z" ]
| | ) [ (double(53) "0") <= ("complete"."x" NOT NULL) <= (double(53) "2") ]
| ) [ "complete"."x" NOT NULL, "complete"."y" NOT NULL, "complete"."z" NOT NULL ]
) [ "complete"."x" NOT NULL, "complete"."y" NOT NULL, "complete"."z" NOT NULL ]

query RRR rowsort
SELECT * FROM complete WHERE x BETWEEN 0 AND 2 AND Y BETWEEN 0 AND 2
----
0.000
0.000
0.000
0.000
1.000
0.000
1.000
0.000
0.000
1.000
1.000
0.000
2.000
0.000
0.000
2.000
1.000
0.000

statement ok
ROLLBACK

