statement ok
create table lines_tbl(g geometry(linestring))

statement ok
insert into lines_tbl values (st_linefromtext('linestring(10 10, 20 20, 30 30)'))

statement error
insert into lines_tbl values (st_linefromtext('linestring(20 20, 30 30, 40 40)', 4326))

statement ok
insert into lines_tbl values (st_linefromtext('linestring(30 30, 40 40, 50 50)', 0))

statement error
insert into lines_tbl values (st_linefromtext('point(0 0)'))

query T rowsort
select * from lines_tbl
----
LINESTRING (10 10, 20 20, 30 30)
LINESTRING (30 30, 40 40, 50 50)

statement ok
drop table lines_tbl

statement ok
create table lines_tbl(g geometry(linestring, 4326))

statement error
insert into lines_tbl values (st_linefromtext('linestring(10 10, 20 20, 30 30)'))

statement ok
insert into lines_tbl values (st_linefromtext('linestring(20 20, 30 30, 40 40)', 4326))

statement error
insert into lines_tbl values (st_linefromtext('linestring(30 30, 40 40, 50 50)', 0))

statement error
insert into lines_tbl values (st_linefromtext('point(0 0)', 4326))

query T rowsort
select * from lines_tbl
----
LINESTRING (20 20, 30 30, 40 40)

statement ok
drop table lines_tbl

statement ok
create table lines_tbl(g geometry(linestringz))

statement ok
insert into lines_tbl values (st_linefromtext('linestring(10 10 10, 20 20 20, 30 30 30)'))

statement error
insert into lines_tbl values (st_linefromtext('linestring(20 20 20, 30 30 30, 40 40 40)', 4326))

statement ok
insert into lines_tbl values (st_linefromtext('linestring(30 30 30, 40 40 40, 50 50 50)', 0))

statement error
insert into lines_tbl values (st_linefromtext('point(0 0 0)'))

query T rowsort
select * from lines_tbl
----
LINESTRING Z (10 10 10, 20 20 20, 30 30 30)
LINESTRING Z (30 30 30, 40 40 40, 50 50 50)

statement ok
drop table lines_tbl

statement ok
create table lines_tbl(g geometry(linestringz, 4326))

statement error
insert into lines_tbl values (st_linefromtext('linestring(10 10 10, 20 20 20, 30 30 30)'))

statement ok
insert into lines_tbl values (st_linefromtext('linestring(20 20 20, 30 30 30, 40 40 40)', 4326))

statement error
insert into lines_tbl values (st_linefromtext('linestring(30 30 30, 40 40 40, 50 50 50)', 0))

statement error
insert into lines_tbl values (st_linefromtext('point(0 0 0)', 4326))

query T rowsort
select * from lines_tbl
----
LINESTRING Z (20 20 20, 30 30 30, 40 40 40)

statement ok
drop table lines_tbl

statement error
select st_linefromtext(geom) from geometriesTxt WHERE id=1

query T rowsort
select st_linefromtext(geom) from geometriesTxt WHERE id=2
----
LINESTRING (10 20, 30 40, 50 60)

statement error
select st_linefromtext(geom) from geometriesTxt WHERE id=3

statement error
select st_linefromtext(geom) from geometriesTxt WHERE id=4

statement error
select st_linefromtext(geom) from geometriesTxt WHERE id=5

statement error
select st_linefromtext(geom) from geometriesTxt WHERE id=6

statement error
select st_linefromtext(geom) from geometriesTxt WHERE id=7

statement error
select st_linefromtext(geom) from geometriesTxt WHERE id=8

