statement ok
create table lines_tbl(g geometry(multilinestring))

statement ok
insert into lines_tbl values (st_mlinefromtext('multilinestring((10 10, 20 20, 30 30), (40 40, 50 50, 60 60))'))

statement error
insert into lines_tbl values (st_mlinefromtext('multilinestring((20 20, 30 30, 40 40), (50 50, 60 60, 70 70))', 4326))

statement ok
insert into lines_tbl values (st_mlinefromtext('multilinestring((30 30, 40 40, 50 50), (60 60, 70 70, 80 80))', 0))

statement error
insert into lines_tbl values (st_mlinefromtext('point(0 0)'))

query T rowsort
select * from lines_tbl
----
MULTILINESTRING ((10 10, 20 20, 30 30), (40 40, 50 50, 60 60))
MULTILINESTRING ((30 30, 40 40, 50 50), (60 60, 70 70, 80 80))

statement ok
drop table lines_tbl

statement ok
create table lines_tbl(g geometry(multilinestring, 4326))

statement error
insert into lines_tbl values (st_mlinefromtext('multilinestring((10 10, 20 20, 30 30), (40 40, 50 50, 60 60))'))

statement ok
insert into lines_tbl values (st_mlinefromtext('multilinestring((20 20, 30 30, 40 40), (50 50, 60 60, 70 70))', 4326))

statement error
insert into lines_tbl values (st_mlinefromtext('multilinestring((30 30, 40 40, 50 50), (60 60, 70 70, 80 80))', 0))

statement error
insert into lines_tbl values (st_mlinefromtext('point(0 0)', 4326))

query T rowsort
select * from lines_tbl
----
MULTILINESTRING ((20 20, 30 30, 40 40), (50 50, 60 60, 70 70))

statement ok
drop table lines_tbl

statement ok
create table lines_tbl(g geometry(multilinestringz))

statement ok
insert into lines_tbl values (st_mlinefromtext('multilinestring((10 10 10, 20 20 20, 30 30 30), (40 40 40, 50 50 50, 60 60 60))'))

statement error
insert into lines_tbl values (st_mlinefromtext('multilinestring((20 20 20, 30 30 30, 40 40 40), (50 50 50, 60 60 60, 70 70 70))', 4326))

statement ok
insert into lines_tbl values (st_mlinefromtext('multilinestring((30 30 30, 40 40 40, 50 50 50), (60 60 60, 70 70 70, 80 80 80))', 0))

statement error
insert into lines_tbl values (st_mlinefromtext('point(0 0)'))

query T rowsort
select * from lines_tbl
----
MULTILINESTRING Z ((10 10 10, 20 20 20, 30 30 30), (40 40 40, 50 50 50, 60 60 60))
MULTILINESTRING Z ((30 30 30, 40 40 40, 50 50 50), (60 60 60, 70 70 70, 80 80 80))

statement ok
drop table lines_tbl

statement ok
create table lines_tbl(g geometry(multilinestringz, 4326))

statement error
insert into lines_tbl values (st_mlinefromtext('multilinestring((10 10 10, 20 20 20, 30 30 30), (40 40 40, 50 50 50, 60 60 60))'))

statement ok
insert into lines_tbl values (st_mlinefromtext('multilinestring((20 20 20, 30 30 30, 40 40 40), (50 50 50, 60 60 60, 70 70 70))', 4326))

statement error
insert into lines_tbl values (st_mlinefromtext('multilinestring((30 30 30, 40 40 40, 50 50 50), (60 60 60, 70 70 70, 80 80 80))', 0))

statement error
insert into lines_tbl values (st_mlinefromtext('point(0 0)', 4326))

query T rowsort
select * from lines_tbl
----
MULTILINESTRING Z ((20 20 20, 30 30 30, 40 40 40), (50 50 50, 60 60 60, 70 70 70))

statement ok
drop table lines_tbl

statement error
select st_mlinefromtext(geom) from geometriesTxt WHERE id=1

statement error
select st_mlinefromtext(geom) from geometriesTxt WHERE id=2

statement error
select st_mlinefromtext(geom) from geometriesTxt WHERE id=3

statement error
select st_mlinefromtext(geom) from geometriesTxt WHERE id=4

query T rowsort
select st_mlinefromtext(geom) from geometriesTxt WHERE id=5
----
MULTILINESTRING ((30 40, 40 50, 30 40), (50 60, 40 50, 20 30, 50 60))

statement error
select st_mlinefromtext(geom) from geometriesTxt WHERE id=6

statement error
select st_mlinefromtext(geom) from geometriesTxt WHERE id=7

statement error
select st_mlinefromtext(geom) from geometriesTxt WHERE id=8

