statement ok
create table polygons_tbl(g geometry(multipolygon))

statement ok
insert into polygons_tbl values (st_mpolyfromtext('multipolygon(((10 10, 20 20, 30 30, 10 10),(100 100, 200 200, 300 300, 100 100)))'))

statement error
insert into polygons_tbl values (st_mpolyfromtext('multipolygon(((20 20, 30 30, 40 40, 20 20),(200 200, 300 300, 400 400, 200 200)))', 4326))

statement ok
insert into polygons_tbl values (st_mpolyfromtext('multipolygon(((30 30, 40 40, 50 50, 30 30),(300 300, 400 400, 500 500, 300 300)))', 0))

statement error
insert into polygons_tbl values (st_linefromtext('linestring(10 10, 20 20, 30 40)'))

query T rowsort
select * from polygons_tbl
----
MULTIPOLYGON (((10 10, 20 20, 30 30, 10 10), (100 100, 200 200, 300 300, 100 100)))
MULTIPOLYGON (((30 30, 40 40, 50 50, 30 30), (300 300, 400 400, 500 500, 300 300)))

statement ok
drop table polygons_tbl

statement ok
create table polygons_tbl(g geometry(multipolygon, 4326))

statement error
insert into polygons_tbl values (st_mpolyfromtext('multipolygon(((10 10, 20 20, 30 30, 10 10),(100 100, 200 200, 300 300, 100 100)))'))

statement ok
insert into polygons_tbl values (st_mpolyfromtext('multipolygon(((20 20, 30 30, 40 40, 20 20),(200 200, 300 300, 400 400, 200 200)))', 4326))

statement error
insert into polygons_tbl values (st_mpolyfromtext('multipolygon(((30 30, 40 40, 50 50, 30 30),(300 300, 400 400, 500 500, 300 300)))', 0))

statement error
insert into polygons_tbl values (st_linefromtext('linestring(10 10, 20 20, 30 40)', 4326))

query T rowsort
select * from polygons_tbl
----
MULTIPOLYGON (((20 20, 30 30, 40 40, 20 20), (200 200, 300 300, 400 400, 200 200)))

statement ok
drop table polygons_tbl

statement ok
create table polygons_tbl(g geometry(multipolygonz))

statement ok
insert into polygons_tbl values (st_mpolyfromtext('multipolygon(((10 10 10, 20 20 20, 30 30 30, 10 10 10),(100 100 100, 200 200 200, 300 300 300, 100 100 100)))'))

statement error
insert into polygons_tbl values (st_mpolyfromtext('multipolygon(((20 20 20, 30 30 30, 40 40 40, 20 20 20),(200 200 200, 300 300 300, 400 400 400, 200 200 200)))', 4326))

statement ok
insert into polygons_tbl values (st_mpolyfromtext('multipolygon(((30 30 30, 40 40 40, 50 50 50, 30 30 30),(300 300 300, 400 400 400, 500 500 500, 300 300 300)))', 0))

statement error
insert into polygons_tbl values (st_linefromtext('linestring(10 10, 20 20, 30 40)'))

query T rowsort
select * from polygons_tbl
----
MULTIPOLYGON Z (((10 10 10, 20 20 20, 30 30 30, 10 10 10), (100 100 100, 200 200 200, 300 300 300, 100 100 100)))
MULTIPOLYGON Z (((30 30 30, 40 40 40, 50 50 50, 30 30 30), (300 300 300, 400 400 400, 500 500 500, 300 300 300)))

statement ok
drop table polygons_tbl

statement ok
create table polygons_tbl(g geometry(multipolygonz, 4326))

statement error
insert into polygons_tbl values (st_mpolyfromtext('multipolygon(((10 10 10, 20 20 20, 30 30 30, 10 10 10),(100 100 100, 200 200 200, 300 300 300, 100 100 100)))'))

statement ok
insert into polygons_tbl values (st_mpolyfromtext('multipolygon(((20 20 20, 30 30 30, 40 40 40, 20 20 20),(200 200 200, 300 300 300, 400 400 400, 200 200 200)))', 4326))

statement error
insert into polygons_tbl values (st_mpolyfromtext('multipolygon(((30 30 30, 40 40 40, 50 50 50, 30 30 30),(300 300 300, 400 400 400, 500 500 500, 300 300 300)))', 0))

statement error
insert into polygons_tbl values (st_linefromtext('linestring(10 10, 20 20, 30 40)', 4326))

query T rowsort
select * from polygons_tbl
----
MULTIPOLYGON Z (((20 20 20, 30 30 30, 40 40 40, 20 20 20), (200 200 200, 300 300 300, 400 400 400, 200 200 200)))

statement ok
drop table polygons_tbl

statement error
select st_mpolyfromtext(geom) from geometriesTxt WHERE id=1

statement error
select st_mpolyfromtext(geom) from geometriesTxt WHERE id=2

statement error
select st_mpolyfromtext(geom) from geometriesTxt WHERE id=3

statement error
select st_mpolyfromtext(geom) from geometriesTxt WHERE id=4

statement error
select st_mpolyfromtext(geom) from geometriesTxt WHERE id=5

query T rowsort
select st_mpolyfromtext(geom) from geometriesTxt WHERE id=6
----
MULTIPOLYGON (((10 10, 10 20, 20 20, 20 10, 10 10), (30 30, 30 40, 40 40, 40 30, 30 30)))

query T rowsort
select st_mpolyfromtext(geom) from geometriesTxt WHERE id=7
----
MULTIPOLYGON EMPTY

statement error
select st_mpolyfromtext(geom) from geometriesTxt WHERE id=8

