statement ok
create table points_tbl(g geometry(point))

statement ok
insert into points_tbl values (st_makepoint(10, 10))

statement ok
insert into points_tbl values (st_point(20, 20))

query T rowsort
select * from points_tbl
----
POINT (10 10)
POINT (20 20)

statement ok
drop table points_tbl

statement ok
create table points_tbl(g geometry(pointz))

statement ok
insert into points_tbl values (st_makepoint(10, 10, 10))

statement ok
insert into points_tbl values (st_makepoint(10, 20, 30))

query T rowsort
select * from points_tbl
----
POINT Z (10 10 10)
POINT Z (10 20 30)

statement ok
drop table points_tbl

statement ok
create table points_tbl(x double, y double, z double, m double)

statement ok
insert into points_tbl values (10, 20, 30, 40), (100, 200, 300, 400), (1, 2, 3, 4)

query T rowsort
select st_makepoint(x,y) as "XY" from points_tbl
----
POINT (1 2)
POINT (10 20)
POINT (100 200)

query T rowsort
select st_makepoint(x,y,z) as "XYZ" from points_tbl
----
POINT Z (1 2 3)
POINT Z (10 20 30)
POINT Z (100 200 300)

query T rowsort
select st_makepointm(x,y,m) as "XYM" from points_tbl
----
POINT Z (1 2 4)
POINT Z (10 20 40)
POINT Z (100 200 400)

statement error
select st_makepoint(x,y,z,m) as "XYZM" from points_tbl

statement ok
drop table points_tbl

