statement ok
create table points_tbl(g geometry(multipoint))

statement ok
insert into points_tbl values (st_mpointfromtext('multipoint(10 10, 20 20)'))

statement error
insert into points_tbl values (st_mpointfromtext('multipoint(20 20, 30 30)', 4326))

statement ok
insert into points_tbl values (st_mpointfromtext('multipoint(30 30, 40 40)', 0))

statement error
insert into points_tbl values (st_linefromtext('linestring(10 10, 20 20, 30 40)'))

query T rowsort
select * from points_tbl
----
MULTIPOINT (10 10, 20 20)
MULTIPOINT (30 30, 40 40)

statement ok
drop table points_tbl

statement ok
create table points_tbl(g geometry(multipoint, 4326))

statement error
insert into points_tbl values (st_mpointfromtext('multipoint(10 10, 20 20)'))

statement ok
insert into points_tbl values (st_mpointfromtext('multipoint(20 20, 30 30)', 4326))

statement error
insert into points_tbl values (st_mpointfromtext('multipoint(30 30, 40 40)', 0))

statement error
insert into points_tbl values (st_linefromtext('linestring(10 10, 20 20, 30 40)', 4326))

query T rowsort
select * from points_tbl
----
MULTIPOINT (20 20, 30 30)

statement ok
drop table points_tbl

statement ok
create table points_tbl(g geometry(multipointz))

statement ok
insert into points_tbl values (st_mpointfromtext('multipoint(10 10 10, 20 20 20)'))

statement error
insert into points_tbl values (st_mpointfromtext('multipoint(20 20 20, 30 30 30)', 4326))

statement ok
insert into points_tbl values (st_mpointfromtext('multipoint(30 30 30, 40 40 40)', 0))

statement error
insert into points_tbl values (st_linefromtext('linestring(10 10 10, 20 20 20, 30 30 40)'))

query T rowsort
select * from points_tbl
----
MULTIPOINT Z (10 10 10, 20 20 20)
MULTIPOINT Z (30 30 30, 40 40 40)

statement ok
drop table points_tbl

statement ok
create table points_tbl(g geometry(multipointz, 4326))

statement error
insert into points_tbl values (st_mpointfromtext('multipoint(10 10 10, 20 20 20)'))

statement ok
insert into points_tbl values (st_mpointfromtext('multipoint(20 20 20, 30 30 30)', 4326))

statement error
insert into points_tbl values (st_mpointfromtext('multipoint(30 30 30, 40 40 40)', 0))

statement error
insert into points_tbl values (st_linefromtext('linestring(10 10 10, 20 20 20, 30 30 30)', 4326))

query T rowsort
select * from points_tbl
----
MULTIPOINT Z (20 20 20, 30 30 30)

statement ok
drop table points_tbl

statement error
select st_mpointfromtext(geom) from geometriesTxt WHERE id=1

statement error
select st_mpointfromtext(geom) from geometriesTxt WHERE id=2

statement error
select st_mpointfromtext(geom) from geometriesTxt WHERE id=3

query T rowsort
select st_mpointfromtext(geom) from geometriesTxt WHERE id=4
----
MULTIPOINT (10 20, 30 40)

statement error
select st_mpointfromtext(geom) from geometriesTxt WHERE id=5

statement error
select st_mpointfromtext(geom) from geometriesTxt WHERE id=6

statement error
select st_mpointfromtext(geom) from geometriesTxt WHERE id=7

statement error
select st_mpointfromtext(geom) from geometriesTxt WHERE id=8

