statement ok
create table points_tbl(g geometry(point))

statement ok
insert into points_tbl values (st_pointfromtext('point(0 10)'))

statement error
insert into points_tbl values (st_pointfromtext('point(0 20)', 4326))

statement ok
insert into points_tbl values (st_pointfromtext('point(0 20)', 0))

statement error
insert into points_tbl values (st_linefromtext('linestring(10 10, 20 20, 30 40)'))

query T rowsort
select * from points_tbl
----
POINT (0 10)
POINT (0 20)

statement ok
drop table points_tbl

statement ok
create table points_tbl(g geometry(point, 4326))

statement ok
insert into points_tbl values (st_pointfromtext('point(0 10)', 4326))

statement error
insert into points_tbl values (st_pointfromtext('point(0 20)'))

statement error
insert into points_tbl values (st_pointfromtext('point(0 20)', 0))

statement error
insert into points_tbl values (st_linefromtext('linestring(10 10, 20 20, 30 40)', 4329))

query T rowsort
select * from points_tbl
----
POINT (0 10)

statement ok
drop table points_tbl

statement ok
create table points_tbl(g geometry(pointz))

statement ok
insert into points_tbl values (st_pointfromtext('point(0 10 20)'))

statement error
insert into points_tbl values (st_pointfromtext('point(0 20 20)', 4326))

statement ok
insert into points_tbl values (st_pointfromtext('point(0 20 20)', 0))

statement error
insert into points_tbl values (st_linefromtext('linestring(10 10, 20 20, 30 40)'))

query T rowsort
select * from points_tbl
----
POINT Z (0 10 20)
POINT Z (0 20 20)

statement ok
drop table points_tbl

statement ok
create table points_tbl(g geometry(pointz, 4326))

statement ok
insert into points_tbl values (st_pointfromtext('point(0 10 20)', 4326))

statement error
insert into points_tbl values (st_pointfromtext('point(0 20 20)'))

statement error
insert into points_tbl values (st_pointfromtext('point(0 20 20)', 0))

statement error
insert into points_tbl values (st_linefromtext('linestring(10 10, 20 20, 30 40)', 4326))

query T rowsort
select * from points_tbl
----
POINT Z (0 10 20)

statement ok
drop table points_tbl

query T rowsort
select st_pointfromtext(geom) from geometriesTxt WHERE id=1
----
POINT (10 20)

statement error
select st_pointfromtext(geom) from geometriesTxt WHERE id=2

statement error
select st_pointfromtext(geom) from geometriesTxt WHERE id=3

statement error
select st_pointfromtext(geom) from geometriesTxt WHERE id=4

statement error
select st_pointfromtext(geom) from geometriesTxt WHERE id=5

statement error
select st_pointfromtext(geom) from geometriesTxt WHERE id=6

statement error
select st_pointfromtext(geom) from geometriesTxt WHERE id=7

statement error
select st_pointfromtext(geom) from geometriesTxt WHERE id=8

