statement ok
create table polygons_tbl(g geometry(polygon))

statement ok
insert into polygons_tbl values (st_polygonfromtext('polygon((10 10, 20 20, 30 30, 10 10))'))

statement error
insert into polygons_tbl values (st_polygonfromtext('polygon((20 20, 30 30, 40 40, 20 20))', 4326))

statement ok
insert into polygons_tbl values (st_polygonfromtext('polygon((30 30, 40 40, 50 50, 30 30))', 0))

statement error
insert into polygons_tbl values (st_linefromtext('linestring(10 10, 20 20, 30 40)'))

query T rowsort
select * from polygons_tbl
----
POLYGON ((10 10, 20 20, 30 30, 10 10))
POLYGON ((30 30, 40 40, 50 50, 30 30))

statement ok
drop table polygons_tbl

statement ok
create table polygons_tbl(g geometry(polygon, 4326))

statement error
insert into polygons_tbl values (st_polygonfromtext('polygon((10 10, 20 20, 30 30, 10 10))'))

statement ok
insert into polygons_tbl values (st_polygonfromtext('polygon((20 20, 30 30, 40 40, 20 20))', 4326))

statement error
insert into polygons_tbl values (st_polygonfromtext('polygon((30 30, 40 40, 50 50, 30 30))', 0))

statement error
insert into polygons_tbl values (st_linefromtext('linestring(10 10, 20 20, 30 40)', 4326))

query T rowsort
select * from polygons_tbl
----
POLYGON ((20 20, 30 30, 40 40, 20 20))

statement ok
drop table polygons_tbl

statement ok
create table polygons_tbl(g geometry(polygonz))

statement ok
insert into polygons_tbl values (st_polygonfromtext('polygon((10 10 10, 20 20 20, 30 30 30, 10 10 10))'))

statement error
insert into polygons_tbl values (st_polygonfromtext('polygon((20 20 20, 30 30 30, 40 40 40, 20 20 20))', 4326))

statement ok
insert into polygons_tbl values (st_polygonfromtext('polygon((30 30 30, 40 40 40, 50 50 50, 30 30 30))', 0))

statement error
insert into polygons_tbl values (st_linefromtext('linestring(10 10 10, 20 20 20, 30 30 30)'))

query T rowsort
select * from polygons_tbl
----
POLYGON Z ((10 10 10, 20 20 20, 30 30 30, 10 10 10))
POLYGON Z ((30 30 30, 40 40 40, 50 50 50, 30 30 30))

statement ok
drop table polygons_tbl

statement ok
create table polygons_tbl(g geometry(polygonz, 4326))

statement error
insert into polygons_tbl values (st_polygonfromtext('polygon((10 10 10, 20 20 20, 30 30 30, 10 10 10))'))

statement ok
insert into polygons_tbl values (st_polygonfromtext('polygon((20 20 20, 30 30 30, 40 40 40, 20 20 20))', 4326))

statement error
insert into polygons_tbl values (st_polygonfromtext('polygon((30 30 30, 40 40 40, 50 50 50, 30 30 30))', 0))

statement error
insert into polygons_tbl values (st_linefromtext('linestring(10 10 10, 20 20 20, 30 30 30)', 4326))

query T rowsort
select * from polygons_tbl
----
POLYGON Z ((20 20 20, 30 30 30, 40 40 40, 20 20 20))

statement ok
drop table polygons_tbl

statement error
select st_polygonfromtext(geom) from geometriesTxt WHERE id=1

statement error
select st_polygonfromtext(geom) from geometriesTxt WHERE id=2

query T rowsort
select st_polygonfromtext(geom) from geometriesTxt WHERE id=3
----
POLYGON ((10 10, 10 20, 20 20, 20 10, 10 10))

statement error
select st_polygonfromtext(geom) from geometriesTxt WHERE id=4

statement error
select st_polygonfromtext(geom) from geometriesTxt WHERE id=5

statement error
select st_polygonfromtext(geom) from geometriesTxt WHERE id=6

statement error
select st_polygonfromtext(geom) from geometriesTxt WHERE id=7

statement error
select st_polygonfromtext(geom) from geometriesTxt WHERE id=8

