statement ok
create table geo (g geometry(point))

statement ok
insert into geo values(st_pointfromtext('point(10 20)'))

statement ok
insert into geo values(st_point(20, 30))

statement ok
insert into geo values(st_makepoint(30, 40))

query RRRT rowsort
select st_x(g) as X, st_y(g) as Y, st_Z(g) as Z, g from geo
----
10.000
20.000
NULL
POINT (10 20)
20.000
30.000
NULL
POINT (20 30)
30.000
40.000
NULL
POINT (30 40)

statement ok
drop table geo

statement ok
create table geo (g geometry(pointz))

statement ok
insert into geo values(st_pointfromtext('point(10 20 30)'))

statement ok
insert into geo values(st_makepoint(30, 40, 50))

query RRRT rowsort
select st_x(g) as X, st_y(g) as Y, st_Z(g) as Z, g from geo
----
10.000
20.000
30.000
POINT Z (10 20 30)
30.000
40.000
50.000
POINT Z (30 40 50)

statement ok
drop table geo

statement ok
create table geo (g geometry(linestring))

statement ok
insert into geo values (st_linefromtext('linestring(10 10, 20 20, 30 30)'))

statement error
select st_x(g) as X, st_y(g) as Y, st_Z(g) as Z, g from geo

statement ok
drop table geo

