statement ok
create table t1 (id int, name varchar(1024), age int, PRIMARY KEY(id))

statement ok
create table t2 (id int, age int, PRIMARY KEY (ID), FOREIGN KEY(id) REFERENCES t1(id))

statement ok
create trigger test1 after insert on t2
	insert into t1 values(0, 'after', 23)

statement ok
create view v1 as select * from t1

statement ok
CREATE FUNCTION f1(num int)
RETURNS int
BEGIN
	IF num >0
		THEN RETURN 1;
		ELSE RETURN 0;
	END IF;
END

statement ok
CREATE FUNCTION f2()
RETURNS TABLE(id int)
BEGIN
	DECLARE TABLE f1_t1(id int);
	DECLARE x int;
	SET x = 3;
	IF f1(x) > 0
		THEN RETURN f1_t1;
	END IF;
	INSERT INTO f1_t1 VALUES(1);
	IF f1(x) < 0
		THEN RETURN f1_t1;
	END IF;
	RETURN TABLE (SELECT t1.id FROM v1, t1 WHERE v1.age > 10 AND t1.name LIKE 'monet');
END

statement ok
CREATE INDEX id_index ON t1(id)

statement ok
DROP TABLE t1 CASCADE

query T rowsort
select name from sys.tables where name = 't1'
----

query T rowsort
select name from sys.tables where name = 't2'
----
t2

query T rowsort
select name from sys.tables where name = 'v1'
----

query T rowsort
select name from sys.triggers where name = 'test1'
----

query T rowsort
select name from sys.functions where name = 'f2'
----

query T rowsort
select name from sys.idxs where name = 'id_index'
----

statement ok
drop function f1

statement ok
drop table t2

