statement ok
create table t1 (id int, name varchar(1024), PRIMARY KEY(id))

statement ok
create table t2 (id int, age int, PRIMARY KEY (ID), FOREIGN KEY(id) REFERENCES t1(id))

statement ok
ALTER TABLE t1 DROP CONSTRAINT t1_id_pkey CASCADE

query T rowsort
select name from sys.tables where name = 't1'
----
t1

query T rowsort
select name from sys.tables where name = 't2'
----
t2

query T rowsort
select name from sys.keys where name not in ('files_pkey_file_id', 'sq_pkey_sn_file_id', 'sq_fkey_file_id', 'rg_pkey_id_file_id', 'rg_fkey_file_id', 'pg_pkey_id_file_id', 'pg_fkey_file_id', 'spatial_ref_sys_srid_pkey', 'comments_id_pkey')
----
dependency_types_dependency_type_id_pkey
dependency_types_dependency_type_name_unique
function_languages_language_id_pkey
function_languages_language_name_unique
function_types_function_type_id_pkey
function_types_function_type_name_unique
index_types_index_type_id_pkey
index_types_index_type_name_unique
key_types_key_type_id_pkey
key_types_key_type_name_unique
keywords_keyword_pkey
privilege_codes_privilege_code_id_pkey
privilege_codes_privilege_code_name_unique
t2_id_pkey
table_types_table_type_id_pkey
table_types_table_type_name_unique

statement ok
drop table t1

statement ok
drop table t2

