statement ok
drop table if exists b

statement ok
create table b (a boolean, b boolean)

statement ok
insert into b values (true, true)

statement ok
insert into b values (true, false)

statement ok
insert into b values (true, null)

statement ok
insert into b values (false, true)

statement ok
insert into b values (false, false)

statement ok
insert into b values (false, null)

statement ok
insert into b values (null, true)

statement ok
insert into b values (null, false)

statement ok
insert into b values (null, null)

query II rowsort
select * from b
----
0
0
0
1
0
NULL
1
0
1
1
1
NULL
NULL
0
NULL
1
NULL
NULL

query IIIIIIII rowsort
select b.*, a and b, a or b, not a, a IS NULL, not a IS NULL, a IS NOT NULL from b
----
0
0
0
0
1
0
1
1
0
1
0
1
1
0
1
1
0
NULL
0
NULL
1
0
1
1
1
0
0
1
0
0
1
1
1
1
1
1
0
0
1
1
1
NULL
NULL
1
0
0
1
1
NULL
0
0
NULL
NULL
1
0
0
NULL
1
NULL
1
NULL
1
0
0
NULL
NULL
NULL
NULL
NULL
1
0
0

query IIIIIIII rowsort
select b.*, a and b, "and"(a,b), a or b, "or"(a,b), not a, "xor"(a,b) from b
----
0
0
0
0
0
0
1
0
0
1
0
0
1
1
1
1
0
NULL
0
0
NULL
NULL
1
NULL
1
0
0
0
1
1
0
1
1
1
1
1
1
1
0
0
1
NULL
NULL
NULL
1
1
0
NULL
NULL
0
0
0
NULL
NULL
NULL
NULL
NULL
1
NULL
NULL
1
1
NULL
NULL
NULL
NULL
NULL
NULL
NULL
NULL
NULL
NULL

query IIIIIIII rowsort
select not(true), not(null), not(false), "and"(true, false), "or"(true, false), "xor"(true, false), "all"(true, false, true), "any"(true, false, true)
----
0
NULL
1
0
1
1
NULL
1

query T nosort
plan select not(true), not(null), not(false), "and"(true, false), "or"(true, false), "xor"(true, false), "all"(true, false, true), "any"(true, false, true)
----
project (
|  [ boolean(1) "true" as "%1"."%1" ]
) [ "sys"."not"(boolean(1) "true") NOT NULL, "sys"."not"(boolean(1) NULL), "sys"."not"(boolean(1) "false") NOT NULL, "sys"."and"(boolean(1) "true", boolean(1) "false"), "sys"."or"(boolean(1) "true", boolean(1) "false"), "sys"."xor"(boolean(1) "true", boolean(1) "false") NOT NULL, "sys"."all"(boolean(1) "true", boolean(1) "false", boolean(1) "true"), "sys"."any"(boolean(1) "true", boolean(1) "false", boolean(1) "true") ]

query III rowsort
select a, b, coalesce(a, b) as "coalesce(a,b)" from b
----
0
0
0
0
1
0
0
NULL
0
1
0
1
1
1
1
1
NULL
1
NULL
0
0
NULL
1
1
NULL
NULL
NULL

statement ok
create view b3 as select a,b,true as c from b union all select a,b,false as c from b union all select a,b,null as c from b

query III rowsort
select * from b3
----
0
0
0
0
0
1
0
0
NULL
0
1
0
0
1
1
0
1
NULL
0
NULL
0
0
NULL
1
0
NULL
NULL
1
0
0
1
0
1
1
0
NULL
1
1
0
1
1
1
1
1
NULL
1
NULL
0
1
NULL
1
1
NULL
NULL
NULL
0
0
NULL
0
1
NULL
0
NULL
NULL
1
0
NULL
1
1
NULL
1
NULL
NULL
NULL
0
NULL
NULL
1
NULL
NULL
NULL

query IIIIII rowsort
select b.*, "all"(a,b,a) as aba, "all"(a,b,b) as abb, "all"(null,a,b) as NULLab, "all"(null,b,a) as NULLba from b
----
0
0
0
0
0
0
0
1
0
0
NULL
NULL
0
NULL
0
1
1
NULL
1
0
NULL
1
NULL
NULL
1
1
NULL
NULL
NULL
NULL
1
NULL
NULL
1
1
NULL
NULL
0
1
0
NULL
1
NULL
1
1
NULL
NULL
1
NULL
NULL
1
1
1
1

query IIII rowsort
select b3.*, "all"(a,b,c) as abc from b3
----
108 values hashing to b276a8570465ce2bc5e623c366b39994

query I rowsort
select "all"(null,a,b) as abF from b
----
0
1
1
1
NULL
NULL
NULL
NULL
NULL

query IIIIIIIIII rowsort
select b.*, "any"(a,a,a), "any"(a,a,b), "any"(a,b,a), "any"(a,b,b), "any"(b,a,a), "any"(b,a,b), "any"(b,b,a), "any"(b,b,b) from b
----
0
0
0
0
0
0
0
0
0
0
0
1
0
NULL
NULL
NULL
1
1
1
1
0
NULL
0
0
0
0
0
0
0
0
1
0
1
1
1
1
NULL
NULL
NULL
0
1
1
1
1
1
1
1
1
1
1
1
NULL
1
0
1
0
NULL
0
NULL
0
NULL
0
0
0
0
0
0
0
0
0
NULL
1
0
NULL
0
NULL
0
1
0
1
NULL
NULL
0
0
0
0
0
0
0
0

query IIII rowsort
select b.*, "any"(a,b,a) as aba, "any"(a,b,b) as abb from b
----
0
0
0
0
0
1
NULL
NULL
0
NULL
0
0
1
0
1
1
1
1
1
1
1
NULL
1
0
NULL
0
0
0
NULL
1
0
NULL
NULL
NULL
0
0

query IIII rowsort
select b3.*, "any"(a,b,c) as abc from b3
----
108 values hashing to eea5a152f820188a238293bb8c7b28e3

query IIIIIIII nosort
select a, b, a = b as "a = b", a < b as "a < b", a > b as "a > b", a <= b as "a <= b", a >= b as "a >= b", a <> b as "a <> b" from b order by a desc, b desc
----
1
1
1
0
0
1
1
0
1
0
0
0
1
0
1
1
1
NULL
NULL
NULL
NULL
NULL
NULL
NULL
0
1
0
1
0
1
0
1
0
0
1
0
0
1
1
0
0
NULL
NULL
NULL
NULL
NULL
NULL
NULL
NULL
1
NULL
NULL
NULL
NULL
NULL
NULL
NULL
0
NULL
NULL
NULL
NULL
NULL
NULL
NULL
NULL
NULL
NULL
NULL
NULL
NULL
NULL

statement ok
drop view if exists b3

statement ok
drop table if exists b

