statement ok
drop table if exists b

statement ok
create table b (a boolean, b boolean)

statement ok
insert into b values (true, true)

statement ok
insert into b values (true, false)

statement ok
insert into b values (true, null)

statement ok
insert into b values (false, true)

statement ok
insert into b values (false, false)

statement ok
insert into b values (false, null)

statement ok
insert into b values (null, true)

statement ok
insert into b values (null, false)

statement ok
insert into b values (null, null)

query II rowsort
select * from b
----
0
0
0
1
0
NULL
1
0
1
1
1
NULL
NULL
0
NULL
1
NULL
NULL

query IIIIIIII rowsort
select b.*, a and b, a or b, not a, a IS NULL, not a IS NULL, a IS NOT NULL from b
----
0
0
0
0
1
0
1
1
0
1
0
1
1
0
1
1
0
NULL
0
NULL
1
0
1
1
1
0
0
1
0
0
1
1
1
1
1
1
0
0
1
1
1
NULL
NULL
1
0
0
1
1
NULL
0
0
NULL
NULL
1
0
0
NULL
1
NULL
1
NULL
1
0
0
NULL
NULL
NULL
NULL
NULL
1
0
0

query IIIIIIII rowsort
select b.*, a and b, "and"(a,b), a or b, "or"(a,b), not a, "xor"(a,b) from b
----
0
0
0
0
0
0
1
0
0
1
0
0
1
1
1
1
0
NULL
0
0
NULL
NULL
1
NULL
1
0
0
0
1
1
0
1
1
1
1
1
1
1
0
0
1
NULL
NULL
NULL
1
1
0
NULL
NULL
0
0
0
NULL
NULL
NULL
NULL
NULL
1
NULL
NULL
1
1
NULL
NULL
NULL
NULL
NULL
NULL
NULL
NULL
NULL
NULL

query III rowsort
select a, b, coalesce(a, b) as "coalesce(a,b)" from b
----
0
0
0
0
1
0
0
NULL
0
1
0
1
1
1
1
1
NULL
1
NULL
0
0
NULL
1
1
NULL
NULL
NULL

statement ok
create view b3 as select a,b,true as c from b union all select a,b,false as c from b union all select a,b,null as c from b

query III rowsort
select * from b3
----
0
0
0
0
0
1
0
0
NULL
0
1
0
0
1
1
0
1
NULL
0
NULL
0
0
NULL
1
0
NULL
NULL
1
0
0
1
0
1
1
0
NULL
1
1
0
1
1
1
1
1
NULL
1
NULL
0
1
NULL
1
1
NULL
NULL
NULL
0
0
NULL
0
1
NULL
0
NULL
NULL
1
0
NULL
1
1
NULL
1
NULL
NULL
NULL
0
NULL
NULL
1
NULL
NULL
NULL

query IIIIIIII nosort
select a, b, a = b as "a = b", a < b as "a < b", a > b as "a > b", a <= b as "a <= b", a >= b as "a >= b", a <> b as "a <> b" from b order by a desc, b desc
----
1
1
1
0
0
1
1
0
1
0
0
0
1
0
1
1
1
NULL
NULL
NULL
NULL
NULL
NULL
NULL
0
1
0
1
0
1
0
1
0
0
1
0
0
1
1
0
0
NULL
NULL
NULL
NULL
NULL
NULL
NULL
NULL
1
NULL
NULL
NULL
NULL
NULL
NULL
NULL
0
NULL
NULL
NULL
NULL
NULL
NULL
NULL
NULL
NULL
NULL
NULL
NULL
NULL
NULL

# see request: https://github.com/MonetDB/MonetDB/issues/7332
# next case should return similar result as: a IS NOT DISTINCT FROM b syntax
query III rowsort
select a, b, CASE
  WHEN a IS NOT NULL AND b IS NOT NULL
    THEN a = b
  WHEN a IS NOT NULL AND b IS NULL
    THEN false
  WHEN a IS NULL AND b IS NULL
    THEN true
  ELSE false
END as "a_equals_b" from b
order by a NULLS LAST, b NULLS last
----
0
0
1
0
1
0
0
NULL
0
1
0
0
1
1
1
1
NULL
0
NULL
0
0
NULL
1
0
NULL
NULL
1

# see request: https://github.com/MonetDB/MonetDB/issues/7332
# next case should return similar result as: a IS DISTINCT FROM b syntax
query III rowsort
select a, b, CASE
  WHEN a IS NOT NULL AND b IS NOT NULL
    THEN a <> b
  WHEN a IS NOT NULL AND b IS NULL
    THEN true
  WHEN a IS NULL AND b IS NULL
    THEN false
  ELSE true
END as "a_notequals_b" from b
order by a NULLS LAST, b NULLS last
----
0
0
0
0
1
1
0
NULL
1
1
0
1
1
1
0
1
NULL
1
NULL
0
1
NULL
1
1
NULL
NULL
0

statement ok
drop view if exists b3

statement ok
drop table if exists b

