statement ok
drop table if exists b

statement ok
create table b (a boolean, b boolean)

statement ok
insert into b values (true, true)

statement ok
insert into b values (true, false)

statement ok
insert into b values (true, null)

statement ok
insert into b values (false, true)

statement ok
insert into b values (false, false)

statement ok
insert into b values (false, null)

statement ok
insert into b values (null, true)

statement ok
insert into b values (null, false)

statement ok
insert into b values (null, null)

query TT rowsort
select * from b
----
False
False
False
NULL
False
True
NULL
False
NULL
NULL
NULL
True
True
False
True
NULL
True
True

query TTTTTTTT rowsort
select b.*, a and b, a or b, not a, a IS NULL, not a IS NULL, a IS NOT NULL from b
----
False
False
False
False
True
False
True
True
False
NULL
False
NULL
True
False
True
True
False
True
False
True
True
False
True
True
NULL
False
False
NULL
NULL
True
False
False
NULL
NULL
NULL
NULL
NULL
True
False
False
NULL
True
NULL
True
NULL
True
False
False
True
False
False
True
False
False
True
True
True
NULL
NULL
True
False
False
True
True
True
True
True
True
False
False
True
True

query TTTTTTTT rowsort
select b.*, a and b, "and"(a,b), a or b, "or"(a,b), not a, "xor"(a,b) from b
----
False
False
False
False
False
False
True
False
False
NULL
False
False
NULL
NULL
True
NULL
False
True
False
False
True
True
True
True
NULL
False
False
False
NULL
NULL
NULL
NULL
NULL
NULL
NULL
NULL
NULL
NULL
NULL
NULL
NULL
True
NULL
NULL
True
True
NULL
NULL
True
False
False
False
True
True
False
True
True
NULL
NULL
NULL
True
True
False
NULL
True
True
True
True
True
True
False
False

query TTTTTTTT rowsort
select not(true), not(null), not(false), "and"(true, false), "or"(true, false), "xor"(true, false), "all"(true, false, true), "any"(true, false, true)
----
False
NULL
True
False
True
True
NULL
True

query T rowsort
plan select not(true), not(null), not(false), "and"(true, false), "or"(true, false), "xor"(true, false), "all"(true, false, true), "any"(true, false, true)
----
) [ "sys"."not"(boolean "true") NOT NULL, "sys"."not"("sys"."="(boolean "NULL", boolean "true")), "sys"."not"(boolean "false") NOT NULL, "sys"."and"(boolean "true", boolean "false"), "sys"."or"(boolean "true", boolean "false"), "sys"."xor"(boolean "true", boolean "false") NOT NULL, "sys"."all"(boolean "true", boolean "false", boolean "true"), "sys"."any"(boolean "true", boolean "false", boolean "true") ]
project (
|  [ boolean "true" ]

query TTT rowsort
select a, b, coalesce(a, b) as "coalesce(a,b)" from b
----
False
False
False
False
NULL
False
False
True
False
NULL
False
False
NULL
NULL
NULL
NULL
True
True
True
False
True
True
NULL
True
True
True
True

statement ok
create view b3 as select a,b,true as c from b union all select a,b,false as c from b union all select a,b,null as c from b

query TTT rowsort
select * from b3
----
False
False
False
False
False
NULL
False
False
True
False
NULL
False
False
NULL
NULL
False
NULL
True
False
True
False
False
True
NULL
False
True
True
NULL
False
False
NULL
False
NULL
NULL
False
True
NULL
NULL
False
NULL
NULL
NULL
NULL
NULL
True
NULL
True
False
NULL
True
NULL
NULL
True
True
True
False
False
True
False
NULL
True
False
True
True
NULL
False
True
NULL
NULL
True
NULL
True
True
True
False
True
True
NULL
True
True
True

query TTTTTT rowsort
select b.*, "all"(a,b,a) as aba, "all"(a,b,b) as abb, "all"(null,a,b) as NULLab, "all"(null,b,a) as NULLba from b
----
False
False
False
False
False
False
False
NULL
False
True
True
NULL
False
True
False
False
NULL
NULL
NULL
False
True
False
NULL
True
NULL
NULL
True
True
True
True
NULL
True
True
NULL
NULL
True
True
False
NULL
True
NULL
NULL
True
NULL
NULL
True
True
NULL
True
True
NULL
NULL
NULL
NULL

query TTTT rowsort
select b3.*, "all"(a,b,c) as abc from b3
----
108 values hashing to 7dcc965aa7142d0bad7f318c9252577e

query T rowsort
select "all"(null,a,b) as abF from b
----
False
NULL
NULL
NULL
NULL
NULL
True
True
True

query TTTTTTTTTT rowsort
select b.*, "any"(a,a,a), "any"(a,a,b), "any"(a,b,a), "any"(a,b,b), "any"(b,a,a), "any"(b,a,b), "any"(b,b,a), "any"(b,b,b) from b
----
False
False
False
False
False
False
False
False
False
False
False
NULL
False
False
False
False
False
False
False
False
False
True
False
NULL
NULL
NULL
True
True
True
True
NULL
False
False
False
False
False
False
False
False
False
NULL
NULL
False
False
False
False
False
False
False
False
NULL
True
False
NULL
False
NULL
False
True
False
True
True
False
True
True
True
True
NULL
NULL
NULL
False
True
NULL
True
False
True
False
NULL
False
NULL
False
True
True
True
True
True
True
True
True
True
True

query TTTT rowsort
select b.*, "any"(a,b,a) as aba, "any"(a,b,b) as abb from b
----
False
False
False
False
False
NULL
False
False
False
True
NULL
NULL
NULL
False
False
False
NULL
NULL
False
False
NULL
True
False
NULL
True
False
True
True
True
NULL
True
False
True
True
True
True

query TTTT rowsort
select b3.*, "any"(a,b,c) as abc from b3
----
108 values hashing to 094180bc61c5110a71fce37d0c13bf44

query TTTTTTTT nosort
select a, b, a = b as "a = b", a < b as "a < b", a > b as "a > b", a <= b as "a <= b", a >= b as "a >= b", a <> b as "a <> b" from b order by a desc, b desc
----
True
True
True
False
False
True
True
False
True
False
False
False
True
False
True
True
True
NULL
NULL
NULL
NULL
NULL
NULL
NULL
False
True
False
True
False
True
False
True
False
False
True
False
False
True
True
False
False
NULL
NULL
NULL
NULL
NULL
NULL
NULL
NULL
True
NULL
NULL
NULL
NULL
NULL
NULL
NULL
False
NULL
NULL
NULL
NULL
NULL
NULL
NULL
NULL
NULL
NULL
NULL
NULL
NULL
NULL

statement ok
drop view if exists b3

statement ok
drop table if exists b


