query IIIIRI nosort
select 2 + 3 as add23, 2 - 3 as sub23, 2 * 3 as mul23, 5 / 2 as div52, 5.0 / 2 as div502, 5 % 4 as mod54
----
5
-1
6
2
2.500
1

query I nosort
select 2 ^ 3 
----
1

query T nosort
plan select 2 ^ 3 
----
project (
|  [ boolean(1) "true" as "%1"."%1" ]
) [ "sys"."bit_xor"(tinyint(2) "2", tinyint(2) "3") NOT NULL ]

query I nosort
select 2.0 ^ 3.0 
----
1

statement error
select |/ 25.0 

statement error
select ||/ 27.0 

statement error
select 5! 

statement error
select !! 5 

statement error
select @ -5.0 

query I nosort
select 91 & 15 
----
11

query I nosort
select 32 | 3 
----
35

query I nosort
select 17 # 5 
----
17

query I nosort
select 17 ^ 5 
----
20

query T nosort
plan select 17 ^ 5 
----
project (
|  [ boolean(1) "true" as "%1"."%1" ]
) [ "sys"."bit_xor"(tinyint(5) "17", tinyint(3) "5") NOT NULL ]

query I nosort
select 2 ^ 3 
----
1

query T nosort
plan select 2 ^ 3 
----
project (
|  [ boolean(1) "true" as "%1"."%1" ]
) [ "sys"."bit_xor"(tinyint(2) "2", tinyint(2) "3") NOT NULL ]

query I nosort
select ~1 
----
-2

query T nosort
plan select ~1 
----
project (
|  [ boolean(1) "true" as "%1"."%1" ]
) [ "sys"."bit_not"(tinyint(1) "1") NOT NULL ]

query I nosort
select 1 << 4 
----
16

query T nosort
plan select 1 << 4 
----
project (
|  [ boolean(1) "true" as "%1"."%1" ]
) [ "sys"."left_shift"(tinyint(8) "1", int(32) "4") NOT NULL ]

query I nosort
select left_shift(1, 4) 
----
16

query I nosort
select 8 >> 2 
----
2

query T nosort
plan select 8 >> 2 
----
project (
|  [ boolean(1) "true" as "%1"."%1" ]
) [ "sys"."right_shift"(tinyint(8) "8", int(32) "2") NOT NULL ]

query I nosort
select right_shift(16, 2) 
----
4

statement error
SELECT 10 DIV 5

query R nosort
select abs(-17.4)
----
17.400

query IIII nosort
select bit_and(91, 15), bit_not(1), bit_or(32, 3), bit_xor(17, 5)
----
11
-2
35
20

query R nosort
select cbrt(2.0)
----
1.260

query R nosort
select sys.cbrt(2.0)
----
1.260

query R nosort
select cbrt(27)
----
3.000

query RRRR nosort
select ceil(-42.8), ceiling(-95.3), ceil(-42), ceiling(-95)
----
-42.000
-95.000
-42.000
-95.000

query RRRR nosort
select ceil(42.8), ceiling(95.3), ceil(42), ceiling(95)
----
43.000
96.000
42.000
95.000

query RRRR nosort
select floor(-42.8), floor(-95.3), floor(-42), floor(-95)
----
-43.000
-96.000
-42.000
-95.000

query RRRR nosort
select floor(42.8), floor(95.3), floor(42), floor(95)
----
42.000
95.000
42.000
95.000

statement error
select div(9,4)

statement error
select div(9,4.0)

statement error
select div(9.0,4.0)

statement error
select sys.div(9,4)

statement error
select sys.div(9.0,4.0)

query R nosort
select degrees(0.5)
----
28.648

query R nosort
select sys.degrees(0.5)
----
28.648

query R nosort
select degrees(2)
----
114.592

query R nosort
select sys.degrees(2)
----
114.592

query R nosort
select degrees(pi())
----
180.000

query R nosort
select radians(45.0)
----
0.785

query R nosort
select sys.radians(45.0)
----
0.785

query R nosort
select radians(180)
----
3.142

query R nosort
select sys.degrees(sys.radians(45))
----
45.000

query R nosort
select sys.radians(sys.degrees(2))
----
2.000

query RRRR nosort
select exp(1), exp(10), exp(1.00), exp(10.00)
----
2.718
22026.466
2.718
22026.466

query I nosort
select right_shift(8, 2)
----
2

query RRRR nosort
select sql_min(1.2, 5), least(1.2, 5), sql_max(1.2, 5), greatest(1.2, 5)
----
1.200
1.200
5.000
5.000

query RRRRRR nosort
select log(2.0), ln(2), log(64.0, 2), log(2, 64.0), log10(100.0), log2(64.0)
----
0.693
0.693
0.167
6.000
2.000
6.000

query R nosort
select mod(5.0, 2.1)
----
0.800

query R nosort
select pi()
----
3.142

query RR nosort
select power(2, 5), power(2, 31)
----
32.000
2147483648.000

query RR nosort
-- select rand()
----
32.000
2147483648.000

query I nosort
select 2144156907 / 2147483648
----
0

query I nosort
-- select rand() / 2147483648
----
0

query I nosort
-- select cast(rand() as float) / 2147483648
----
0

query T nosort
plan select CAST(RAND() as float) / 2147483648
----
project (
|  [ boolean(1) "true" as "%1"."%1" ]
) [ "sys"."sql_div"(double(53)["sys"."rand"()], double(53) "2147483648") ]

query I nosort
select rand(0)
----
1868859049

query I nosort
select rand(1)
----
847553797

query I nosort
select rand(2)
----
543032001

query I nosort
select rand(-5)
----
1345532277

statement error
select random()

query III nosort
select right_shift(16, 2), right_shift(8.0, 2), right_shift(8.2, 2)
----
4
2
2

statement error
select round(41.538)

query R nosort
select round(41.538, 2)
----
41.540

query R nosort
select round(42.4382e0, 2)
----
42.440

query IIII nosort
select sign(-8.4), sign(-0), sign(+0), sign(+8.4)
----
-1
0
0
1

query RI nosort
select sql_add(2, 3.4), sql_sub(5, 7)
----
5.400
-2

query RR nosort
select sql_div(3.4, 2), sql_mul(1.2, 5)
----
1.700
6.000

query RR nosort
select sql_max(1.2, 5), sql_min(1.2, 5)
----
5.000
1.200

query R nosort
select sql_max(1.2, sql_max(3.3, 5))
----
5.000

query R nosort
select sql_min(1.2, sql_min(3.3, 5))
----
1.200

query RR nosort
select sql_neg(-2.5), sql_neg(2.5)
----
2.500
-2.500

query R nosort
select sqrt(2.0)
----
1.414

query R nosort
select sqrt(64)
----
8.000

query R nosort
select sys.alpha(5.0, 1.2)
----
1.205

query R nosort
select sys.ms_round(1.2359, 2, 0)
----
1.240

query R nosort
select sys.ms_trunc(1.2359, 0)
----
1.000

query R nosort
select sys.ms_trunc(1.2359, 2)
----
1.230

query R nosort
select sys.ms_trunc(1.2359, 3)
----
1.235

query RR nosort
select acos(0.54), acos(0.25)
----
1.000
1.318

query RRRR nosort
select asin(1.0), atan(1), atan(0.5), atan(1.0, 2.0)
----
1.571
0.785
0.464
0.464

statement error
select atan2(1.0, 2.0)

query RRR nosort
select cos(12.2), cosh(3.0), cot(16.0)
----
0.934
10.068
3.326

query RR nosort
select degrees(0.5), radians(45)
----
28.648
0.785

query R nosort
select pi()
----
3.142

query RRRR nosort
select sin(1.4), sin(2), sinh(0), sinh(1.4)
----
0.985
0.909
0.000
1.904

query RRRR nosort
select tan(1.4), tan(2), tanh(0), tanh(1.4)
----
5.798
-2.185
0.000
0.885

statement ok
create sequence tst20210325

query I nosort
select get_value_for('sys', 'tst20210325')
----
1

query I nosort
select next_value_for('sys', 'tst20210325')
----
1

query I nosort
select get_value_for('sys', 'tst20210325')
----
2

statement ok
drop sequence tst20210325

