statement ok
create table t7401(a int, b int)

statement ok
insert into t7401 values (1,10)

statement ok
insert into t7401 values (2,20)

query II nosort
select b as a, a as b from t7401
----
10
1
20
2

query II nosort
select a as a, b as b from t7401
UNION
select b as a, a as b from t7401
----
1
10
2
20
10
1
20
2

query II nosort
select a as a, b as b from t7401
UNION ALL
select b as a, a as b from t7401
----
1
10
2
20
10
1
20
2

statement ok
drop table t7401
