statement ok
START TRANSACTION

statement ok
CREATE TABLE foo (i INT)

statement ok
INSERT INTO foo VALUES (10), (40), (20), (5)

statement ok
CREATE TABLE bar (i INT, j INT)

statement ok
INSERT INTO bar VALUES (30, 300), (20, 200), (50, 500), (40, 400)

query T nosort
PLAN SELECT foo.i, bar.i FROM foo LEFT JOIN bar ON foo.i = bar.i WHERE bar.i IS NOT NULL
----
project (
| join (
| | table("sys"."foo") [ "foo"."i" ] COUNT ,
| | select (
| | | table("sys"."bar") [ "bar"."i" ] COUNT 
| | ) [ "bar"."i" ! * = int "NULL" ]
| ) [ "foo"."i" = "bar"."i" ]
) [ "foo"."i", "bar"."i" ]

query T nosort
PLAN SELECT foo.i, bar.i FROM foo LEFT JOIN bar ON foo.i = bar.i WHERE bar.j IS NOT NULL
----
project (
| join (
| | table("sys"."foo") [ "foo"."i" ] COUNT ,
| | select (
| | | table("sys"."bar") [ "bar"."i", "bar"."j" ] COUNT 
| | ) [ "bar"."j" ! * = int "NULL" ]
| ) [ "foo"."i" = "bar"."i" ]
) [ "foo"."i", "bar"."i" ]

query T nosort
PLAN SELECT foo.i, bar.i FROM foo RIGHT JOIN bar ON foo.i = bar.i WHERE (2*foo.i > 20 OR (400 < foo.i*2 AND foo.i+foo.i = foo.i))
----
project (
| join (
| | select (
| | | table("sys"."foo") [ "foo"."i" ] COUNT 
| | ) [ ("sys"."sql_mul"("foo"."i", tinyint "2") > bigint "20") or ("sys"."sql_mul"("foo"."i", tinyint "2") > bigint "400", "sys"."sql_add"(bigint["foo"."i"], bigint["foo"."i"]) = bigint["foo"."i"]) ],
| | table("sys"."bar") [ "bar"."i" ] COUNT 
| ) [ "foo"."i" = "bar"."i" ]
) [ "foo"."i", "bar"."i" ]

query T nosort
PLAN SELECT foo.i, bar.i FROM foo FULL OUTER JOIN bar ON foo.i = bar.i WHERE (2*foo.i > 20 OR (400 < foo.i*2 AND foo.i+foo.i = foo.i))
----
project (
| left outer join (
| | select (
| | | table("sys"."foo") [ "foo"."i" ] COUNT 
| | ) [ ("sys"."sql_mul"("foo"."i", tinyint "2") > bigint "20") or ("sys"."sql_mul"("foo"."i", tinyint "2") > bigint "400", "sys"."sql_add"(bigint["foo"."i"], bigint["foo"."i"]) = bigint["foo"."i"]) ],
| | table("sys"."bar") [ "bar"."i" ] COUNT 
| ) [ "foo"."i" = "bar"."i" ]
) [ "foo"."i", "bar"."i" ]

query T nosort
PLAN SELECT foo.i, bar.i FROM foo FULL OUTER JOIN bar ON foo.i = bar.i WHERE bar.j IS NOT NULL
----
project (
| right outer join (
| | table("sys"."foo") [ "foo"."i" ] COUNT ,
| | select (
| | | table("sys"."bar") [ "bar"."i", "bar"."j" ] COUNT 
| | ) [ "bar"."j" ! * = int "NULL" ]
| ) [ "foo"."i" = "bar"."i" ]
) [ "foo"."i", "bar"."i" ]

query T nosort
PLAN SELECT foo.i, bar.i FROM foo FULL OUTER JOIN bar ON foo.i = bar.i WHERE (2*foo.i > 20 OR (400 < foo.i*2 AND foo.i+foo.i = foo.i)) AND bar.j IS NOT NULL
----
project (
| join (
| | select (
| | | table("sys"."foo") [ "foo"."i" ] COUNT 
| | ) [ ("sys"."sql_mul"("foo"."i", tinyint "2") > bigint "20") or ("sys"."sql_mul"("foo"."i", tinyint "2") > bigint "400", "sys"."sql_add"(bigint["foo"."i"], bigint["foo"."i"]) = bigint["foo"."i"]) ],
| | select (
| | | table("sys"."bar") [ "bar"."i", "bar"."j" ] COUNT 
| | ) [ "bar"."j" ! * = int "NULL" ]
| ) [ "foo"."i" = "bar"."i" ]
) [ "foo"."i", "bar"."i" ]

statement ok
ROLLBACK

