statement ok
START TRANSACTION

statement ok
CREATE TABLE foo (i INT)

statement ok
INSERT INTO foo VALUES (10), (40), (20), (5)

statement ok
CREATE TABLE bar (i INT, j INT)

statement ok
INSERT INTO bar VALUES (30, 300), (20, 200), (50, 500), (40, 400)

query T nosort
PLAN SELECT foo.i, bar.i FROM foo LEFT JOIN bar ON foo.i = bar.i WHERE bar.i IS NOT NULL
----
project (
| join (
| | table("sys"."foo") [ "foo"."i" ],
| | select (
| | | table("sys"."bar") [ "bar"."i" ]
| | ) [ ("bar"."i") ! * = (int(32) NULL) ]
| ) [ ("foo"."i") = ("bar"."i" NOT NULL) ]
) [ "foo"."i" NOT NULL, "bar"."i" NOT NULL ]

query T nosort
PLAN SELECT foo.i, bar.i FROM foo LEFT JOIN bar ON foo.i = bar.i WHERE bar.j IS NOT NULL
----
project (
| join (
| | table("sys"."foo") [ "foo"."i" ],
| | select (
| | | table("sys"."bar") [ "bar"."i", "bar"."j" ]
| | ) [ ("bar"."j") ! * = (int(32) NULL) ]
| ) [ ("foo"."i") = ("bar"."i") ]
) [ "foo"."i" NOT NULL, "bar"."i" NOT NULL ]

query T nosort
PLAN SELECT foo.i, bar.i FROM foo RIGHT JOIN bar ON foo.i = bar.i WHERE (2*foo.i > 20 OR (400 < foo.i*2 AND foo.i+foo.i = foo.i))
----
project (
| join (
| | select (
| | | table("sys"."foo") [ "foo"."i" ]
| | ) [ (("sys"."sql_mul"("foo"."i", tinyint(2) "2")) > (bigint(34) "20")) or (("sys"."sql_mul"("foo"."i", tinyint(2) "2")) > (bigint(34) "400"), ("sys"."sql_add"(bigint(33)["foo"."i"], bigint(33)["foo"."i"])) = (bigint(64)["foo"."i"])) ],
| | table("sys"."bar") [ "bar"."i" ]
| ) [ ("foo"."i") = ("bar"."i") ]
) [ "foo"."i" NOT NULL, "bar"."i" NOT NULL ]

query T nosort
PLAN SELECT foo.i, bar.i FROM foo FULL OUTER JOIN bar ON foo.i = bar.i WHERE (2*foo.i > 20 OR (400 < foo.i*2 AND foo.i+foo.i = foo.i))
----
project (
| left outer join (
| | select (
| | | table("sys"."foo") [ "foo"."i" ]
| | ) [ (("sys"."sql_mul"("foo"."i", tinyint(2) "2")) > (bigint(34) "20")) or (("sys"."sql_mul"("foo"."i", tinyint(2) "2")) > (bigint(34) "400"), ("sys"."sql_add"(bigint(33)["foo"."i"], bigint(33)["foo"."i"])) = (bigint(64)["foo"."i"])) ],
| | table("sys"."bar") [ "bar"."i" ]
| ) [ ("foo"."i") = ("bar"."i") ]
) [ "foo"."i", "bar"."i" ]

query T nosort
PLAN SELECT foo.i, bar.i FROM foo FULL OUTER JOIN bar ON foo.i = bar.i WHERE bar.j IS NOT NULL
----
project (
| right outer join (
| | table("sys"."foo") [ "foo"."i" ],
| | select (
| | | table("sys"."bar") [ "bar"."i", "bar"."j" ]
| | ) [ ("bar"."j") ! * = (int(32) NULL) ]
| ) [ ("foo"."i") = ("bar"."i") ]
) [ "foo"."i", "bar"."i" ]

query T nosort
PLAN SELECT foo.i, bar.i FROM foo FULL OUTER JOIN bar ON foo.i = bar.i WHERE (2*foo.i > 20 OR (400 < foo.i*2 AND foo.i+foo.i = foo.i)) AND bar.j IS NOT NULL
----
project (
| join (
| | select (
| | | table("sys"."foo") [ "foo"."i" ]
| | ) [ (("sys"."sql_mul"("foo"."i", tinyint(2) "2")) > (bigint(34) "20")) or (("sys"."sql_mul"("foo"."i", tinyint(2) "2")) > (bigint(34) "400"), ("sys"."sql_add"(bigint(33)["foo"."i"], bigint(33)["foo"."i"])) = (bigint(64)["foo"."i"])) ],
| | select (
| | | table("sys"."bar") [ "bar"."i", "bar"."j" ]
| | ) [ ("bar"."j") ! * = (int(32) NULL) ]
| ) [ ("foo"."i") = ("bar"."i") ]
) [ "foo"."i" NOT NULL, "bar"."i" NOT NULL ]

statement ok
ROLLBACK

