statement ok
START TRANSACTION

statement ok
CREATE TABLE foo (i INT)

statement ok
INSERT INTO foo VALUES (10), (40), (20), (5)

statement ok
CREATE TABLE bar (i INT, j INT)

statement ok
INSERT INTO bar VALUES (30, 300), (20, 200), (50, 500), (40, 400)

query T nosort
PLAN SELECT foo.i, bar.i FROM foo LEFT JOIN bar ON foo.i = bar.i WHERE bar.i IS NOT NULL
----
project (
| join (
| | table("sys"."foo") [ "foo"."i" NOT NULL ],
| | table("sys"."bar") [ "bar"."i" NOT NULL ]
| ) [ ("foo"."i" NOT NULL) = ("bar"."i" NOT NULL) ]
) [ "foo"."i" NOT NULL, "bar"."i" NOT NULL ]

query T nosort
PLAN SELECT foo.i, bar.i FROM foo LEFT JOIN bar ON foo.i = bar.i WHERE bar.j IS NOT NULL
----
project (
| join (
| | table("sys"."foo") [ "foo"."i" NOT NULL ],
| | table("sys"."bar") [ "bar"."i" NOT NULL, "bar"."j" NOT NULL ]
| ) [ ("foo"."i" NOT NULL) = ("bar"."i" NOT NULL) ]
) [ "foo"."i" NOT NULL, "bar"."i" NOT NULL ]

query T nosort
PLAN SELECT foo.i, bar.i FROM foo RIGHT JOIN bar ON foo.i = bar.i WHERE (2*foo.i > 20 OR (400 < foo.i*2 AND foo.i+foo.i = foo.i))
----
project (
| join (
| | select (
| | | table("sys"."foo") [ "foo"."i" NOT NULL ]
| | ) [ (("sys"."sql_mul"(tinyint(2) "2", "foo"."i" NOT NULL) NOT NULL) > (int(8) "20")) or (("sys"."sql_mul"("foo"."i" NOT NULL, tinyint(2) "2") NOT NULL) > (int(9) "400"), ("sys"."sql_add"("foo"."i" NOT NULL, "foo"."i" NOT NULL) NOT NULL) = ("foo"."i" NOT NULL)) ],
| | table("sys"."bar") [ "bar"."i" NOT NULL ]
| ) [ ("foo"."i" NOT NULL) = ("bar"."i" NOT NULL) ]
) [ "foo"."i" NOT NULL, "bar"."i" NOT NULL ]

query T nosort
PLAN SELECT foo.i, bar.i FROM foo FULL OUTER JOIN bar ON foo.i = bar.i WHERE (2*foo.i > 20 OR (400 < foo.i*2 AND foo.i+foo.i = foo.i))
----
project (
| left outer join (
| | select (
| | | table("sys"."foo") [ "foo"."i" NOT NULL ]
| | ) [ (("sys"."sql_mul"(tinyint(2) "2", "foo"."i" NOT NULL) NOT NULL) > (int(8) "20")) or (("sys"."sql_mul"("foo"."i" NOT NULL, tinyint(2) "2") NOT NULL) > (int(9) "400"), ("sys"."sql_add"("foo"."i" NOT NULL, "foo"."i" NOT NULL) NOT NULL) = ("foo"."i" NOT NULL)) ],
| | table("sys"."bar") [ "bar"."i" NOT NULL ]
| ) [ ("foo"."i" NOT NULL) = ("bar"."i" NOT NULL) ]
) [ "foo"."i" NOT NULL, "bar"."i" ]

query T nosort
PLAN SELECT foo.i, bar.i FROM foo FULL OUTER JOIN bar ON foo.i = bar.i WHERE bar.j IS NOT NULL
----
project (
| right outer join (
| | table("sys"."foo") [ "foo"."i" NOT NULL ],
| | table("sys"."bar") [ "bar"."i" NOT NULL, "bar"."j" NOT NULL ]
| ) [ ("foo"."i" NOT NULL) = ("bar"."i" NOT NULL) ]
) [ "foo"."i", "bar"."i" NOT NULL ]

query T nosort
PLAN SELECT foo.i, bar.i FROM foo FULL OUTER JOIN bar ON foo.i = bar.i WHERE (2*foo.i > 20 OR (400 < foo.i*2 AND foo.i+foo.i = foo.i)) AND bar.j IS NOT NULL
----
project (
| join (
| | select (
| | | table("sys"."foo") [ "foo"."i" NOT NULL ]
| | ) [ (("sys"."sql_mul"(tinyint(2) "2", "foo"."i" NOT NULL) NOT NULL) > (int(8) "20")) or (("sys"."sql_mul"("foo"."i" NOT NULL, tinyint(2) "2") NOT NULL) > (int(9) "400"), ("sys"."sql_add"("foo"."i" NOT NULL, "foo"."i" NOT NULL) NOT NULL) = ("foo"."i" NOT NULL)) ],
| | table("sys"."bar") [ "bar"."i" NOT NULL, "bar"."j" NOT NULL ]
| ) [ ("foo"."i" NOT NULL) = ("bar"."i" NOT NULL) ]
) [ "foo"."i" NOT NULL, "bar"."i" NOT NULL ]

statement ok
ROLLBACK

