statement ok
create table itt (n int, t timetz, p text);

statement ok
insert into itt values
    (1, timetz '00:00:12', '%I hour %M:%S %p'),
    (2, timetz '00:01:23', '%I hour %S:%M %p'),
    (3, timetz '00:12:34', '%T %p')

query IT rowsort
select n, time_to_str(t, '%I hour %M:%S %p') from itt
----
1
12 hour 00:12 AM
2
12 hour 01:23 AM
3
12 hour 12:34 AM

# the CASE clause assures that we use a bat version of timetz_to_str
# which accept oid as arguments for the case of CASE condition (see MAL)
query IT rowsort
select n,
    case when n < 2 then 
        time_to_str(t, '%I hour %M:%S %p')
    else 
        time_to_str(t, '%I hour %M:%S %p')
    end
from itt
----
1
12 hour 00:12 AM
2
12 hour 01:23 AM
3
12 hour 12:34 AM

query IT rowsort
select n, time_to_str(timetz '00:12:34', p) from itt
----
1
12 hour 12:34 AM
2
12 hour 34:12 AM
3
00:12:34 AM

# the CASE clause assures that we use a bat version of timetz_to_str
# which accept oid as arguments for the case of CASE condition (see MAL)
query IT rowsort
select n, 
    case when n < 2 then 
        time_to_str(timetz '00:12:34', p)
    else 
        time_to_str(timetz '00:12:34', p)
    end
from itt
----
1
12 hour 12:34 AM
2
12 hour 34:12 AM
3
00:12:34 AM

