statement ok
create table pk1 (
	pk1	int generated always as identity not null primary key,
	v1	int
)

statement ok
create table pk2 (
	pk2	int generated always as identity not null primary key,
	v2	int
)

statement ok
create table fk (
	id	int generated always as identity not null primary key,
	fk1	int references pk1(pk1),
	fk2	int references pk2(pk2)
)

statement ok
create view v0 as (
	select * from fk
)

statement ok
create view v1 as (
	select * from fk
	left outer join pk1 on fk.fk1 = pk1.pk1
)

statement ok
create view v2 as (
	select * from fk
	left outer join pk1 on fk.fk1 = pk1.pk1
	left outer join pk2 on fk.fk2 = pk2.pk2
)

statement ok
insert into pk1 (v1) values (11),(12),(13),(14)

statement ok
insert into pk2 (v2) values (21),(22),(23),(24)

statement ok
insert into fk (fk1,fk2) values (1,1),(1,2),(2,1),(null,3),(4,null),(null,null)

query II rowsort
select * from pk1 order by pk1
----
1
11
2
12
3
13
4
14

query II rowsort
select * from pk2 order by pk2
----
1
21
2
22
3
23
4
24

query III rowsort
select * from fk order by id
----
1
1
1
2
1
2
3
2
1
4
NULL
3
5
4
NULL
6
NULL
NULL

query III rowsort
select * from v0 order by id
----
1
1
1
2
1
2
3
2
1
4
NULL
3
5
4
NULL
6
NULL
NULL

query IIIII rowsort
select * from v1 order by id
----
1
1
1
1
11
2
1
2
1
11
3
2
1
2
12
4
NULL
3
NULL
NULL
5
4
NULL
4
14
6
NULL
NULL
NULL
NULL

query IIIIIII rowsort
select * from v2 order by id
----
1
1
1
1
11
1
21
2
1
2
1
11
2
22
3
2
1
2
12
1
21
4
NULL
3
NULL
NULL
3
23
5
4
NULL
4
14
NULL
NULL
6
NULL
NULL
NULL
NULL
NULL
NULL

query I rowsort
select count(*) from fk
----
6

query I rowsort
select count(*) from v0
----
6

query I rowsort
select count(*) from fk left outer join pk1 on fk.fk1 = pk1.pk1
----
6

query I rowsort
select count(*) from v1
----
6

query I rowsort
select count(*) from fk left outer join pk1 on fk.fk1 = pk1.pk1 left outer join pk2 on fk.fk2 = pk2.pk2
----
6

query I rowsort
select count(*) from v2
----
6

query I rowsort
select id       from fk order by id
----
1
2
3
4
5
6

query I rowsort
select id       from v0 order by id
----
1
2
3
4
5
6

query I rowsort
select id       from fk left outer join pk1 on fk.fk1 = pk1.pk1 order by id
----
1
2
3
4
5
6

query I rowsort
select id       from v1 order by id
----
1
2
3
4
5
6

query I rowsort
select id       from fk left outer join pk1 on fk.fk1 = pk1.pk1 left outer join pk2 on fk.fk2 = pk2.pk2 order by id
----
1
2
3
4
5
6

query I rowsort
select id       from v2 order by id
----
1
2
3
4
5
6

query II rowsort
select id , v1  from v1 order by id
----
1
11
2
11
3
12
4
NULL
5
14
6
NULL

query II rowsort
select id , v1  from fk left outer join pk1 on fk.fk1 = pk1.pk1 order by id
----
1
11
2
11
3
12
4
NULL
5
14
6
NULL

query II rowsort
select id , v2  from fk left outer join pk2 on fk.fk2 = pk2.pk2 order by id
----
1
21
2
22
3
21
4
23
5
NULL
6
NULL

query II rowsort
select id , v1  from fk left outer join pk1 on fk.fk1 = pk1.pk1 left outer join pk2 on fk.fk2 = pk2.pk2 order by id
----
1
11
2
11
3
12
4
NULL
5
14
6
NULL

query II rowsort
select id , v2  from fk left outer join pk1 on fk.fk1 = pk1.pk1 left outer join pk2 on fk.fk2 = pk2.pk2 order by id
----
1
21
2
22
3
21
4
23
5
NULL
6
NULL

query II rowsort
select id , v2  from v2 order by id
----
1
21
2
22
3
21
4
23
5
NULL
6
NULL

