query T rowsort
select date '1997-07-31' + interval '1' month
----
1997-08-31

query T rowsort
select date '1997-10-31' + interval '1' month
----
1997-12-01

query T rowsort
select timestamp '1997-07-15 19:00:00' + interval '9' hour
----
1997-07-16 04:00:00

query T rowsort
select time '19:00:00' + interval '9' hour
----
04:00:00

query T rowsort
select date '1997-07-31' + interval '1' hour
----
1997-07-31

query T rowsort
select interval '0' year + interval '0' month
----
0

query T rowsort
select interval '00:00' hour to minute + interval '00:00' minute to second
----
0:00:00

query T rowsort
select interval '2' hour + interval '74' minute
----
3:14:00

statement error
select interval '2:74' hour to minute

