statement ok
CREATE TABLE t1114540 (id INT)

statement ok
INSERT INTO t1114540 VALUES (10)

statement ok
INSERT INTO t1114540 VALUES (11)

statement ok
INSERT INTO t1114540 VALUES (12)

query I rowsort
SELECT * FROM t1114540 WHERE (id=10) OR (id=11) ORDER BY id
----
10
11

query I rowsort
SELECT * FROM t1114540 WHERE ((id=10) OR (id=11)) OR id=12 ORDER BY id
----
10
11
12

query I rowsort
SELECT id FROM t1114540 WHERE id<11 OR id>11 ORDER BY id
----
10
12

query I rowsort
SELECT id FROM t1114540 WHERE id>11 OR id<11 ORDER BY id
----
10
12

query I rowsort
SELECT id FROM t1114540 WHERE id>=11 OR id<=10 ORDER BY id
----
10
11
12

query I rowsort
SELECT id FROM t1114540 WHERE id>12 OR id<10 ORDER BY id
----

query I rowsort
SELECT id FROM t1114540 WHERE id<11 OR id IS NULL ORDER BY id
----
10

