statement ok
create table test1044534 (id int)

statement ok
insert into test1044534 values (2)

statement ok
insert into test1044534 values (1)

statement ok
delete from test1044534

query I rowsort
select * from test1044534
----

query I rowsort
select * from test1044534 where id > 0
----

