statement ok
CREATE TABLE aap1119186(id int)

statement ok
INSERT INTO aap1119186 VALUES (1)

statement ok
INSERT INTO aap1119186 VALUES (6)

query I rowsort
SELECT id FROM aap1119186
----
1
6

query I rowsort
SELECT * FROM aap1119186 UNION SELECT * FROM aap1119186
----
1
6

query I rowsort
SELECT * FROM aap1119186 UNION ALL SELECT * FROM aap1119186
----
1
1
6
6

query T rowsort
SELECT 'a' AS test FROM aap1119186
----
a
a

query T rowsort
SELECT 'a' AS test FROM aap1119186 UNION SELECT 'b' AS
test FROM aap1119186
----
a
b

query T rowsort
SELECT 'a' AS test FROM aap1119186 UNION ALL SELECT 'b' AS
test FROM aap1119186
----
a
a
b
b

statement ok
DROP TABLE aap1119186

