statement ok
START TRANSACTION

statement ok
CREATE TABLE "t0" ("c4" INTEGER)

statement ok rowcount 3
INSERT INTO "t0" VALUES (-6), (6), (1)

statement ok
CREATE TABLE "t1" ("c4" DOUBLE PRECISION)

statement ok rowcount 3
INSERT INTO "t1" VALUES (-0.1), (0.3), (0.9)

statement error GDK reported error: BATsubcross: more than one match
INSERT INTO t0(c4) VALUES(1), ("epoch_ms"(((SELECT TIME '01:00:00' FROM t0 GROUP BY t0.c4) EXCEPT ALL (SELECT DISTINCT TIME '01:00:00' FROM t1))))

statement ok
ROLLBACK

statement ok
START TRANSACTION

statement ok
CREATE TABLE "t0" ("c1" TINYINT,"c2" BIGINT,CONSTRAINT "t0_c1_pkey" PRIMARY KEY ("c1"))

statement ok rowcount 1
INSERT INTO t0(c1) VALUES(3)

statement ok
CREATE TABLE "t1" ("c0" DOUBLE,"c1" TINYINT)

statement ok rowcount 3
COPY 3 RECORDS INTO "t1" FROM stdin USING DELIMITERS E'\t',E'\n','"'
<COPY_INTO_DATA>
0.08609425065477394	-1
NULL	NULL
-45	NULL

statement ok
CREATE TABLE "t2" ("c1" TINYINT,"c3" REAL,"c4" BIGINT)

statement ok rowcount 20
COPY 20 RECORDS INTO "t2" FROM stdin USING DELIMITERS E'\t',E'\n','"'
<COPY_INTO_DATA>
NULL	NULL	-1189531030
NULL	NULL	-1721683267
NULL	0.35263324	NULL
NULL	2.0905742e+09	NULL
NULL	0.34408945	NULL
NULL	0.44041038	NULL
0	8.0997114e+08	1848957376
1	NULL	NULL
9	NULL	NULL
7	NULL	NULL
9	0.08480057	NULL
-5	0.15051073	1833181788
-1	NULL	1269327700
7	NULL	999905610
NULL	0.98237896	NULL
NULL	0.41320944	NULL
8	NULL	NULL
3	NULL	NULL
NULL	NULL	NULL
NULL	0.8227772	NULL

statement ok rowcount 3
TRUNCATE t1

statement ok rowcount 20
INSERT INTO t1(c0,c1) (SELECT 0.92, NULL FROM t2)

statement ok rowcount 1
UPDATE t0 SET c1 = (SELECT t1.c0 FROM t0, t1 GROUP BY t1.c0)

statement ok
ROLLBACK

statement ok
START TRANSACTION

statement ok
CREATE TABLE "t2" ("c0" INTERVAL SECOND)

statement ok rowcount 3
INSERT INTO "t2" VALUES (INTERVAL '1' SECOND), (INTERVAL '3' SECOND), (INTERVAL '3' SECOND)

statement ok rowcount 0
update t2 set c0 = INTERVAL '5' SECOND where isauuid('a') or (values (time '05:52:51')) is null

statement ok
ROLLBACK

statement ok
START TRANSACTION

statement ok
CREATE TABLE "t1" ("c2" INTERVAL DAY)

statement ok rowcount 5
COPY 5 RECORDS INTO "t1" FROM stdin USING DELIMITERS E'\t',E'\n','"'
<COPY_INTO_DATA>
148591026288000.000
345600.000
604800.000
172800.000
86400.000

statement ok rowcount 5
TRUNCATE TABLE t1

statement ok rowcount 1
INSERT INTO t1(c2) VALUES(INTERVAL '5' DAY)

query T rowsort
SELECT t1.c2 FROM t1 WHERE 3 IS NOT NULL OR ((SELECT TRUE) EXCEPT ALL (SELECT TRUE FROM t1))
----
5

statement ok
ROLLBACK

statement ok
START TRANSACTION

statement ok
CREATE TABLE "t0" ("c0" TINYINT,"c3" BIGINT,CONSTRAINT "t0_c0_pkey" PRIMARY KEY ("c0"))

statement ok
COPY 5 RECORDS INTO "t0" FROM stdin USING DELIMITERS E'\t',E'\n','"'
<COPY_INTO_DATA>
4	8
7	NULL
2	NULL
6	NULL
9	6

statement ok rowcount 1
INSERT INTO t0(c0) VALUES (EXISTS (SELECT FALSE) AND FALSE)

statement ok
ROLLBACK

statement ok
START TRANSACTION

statement ok
CREATE TABLE "t0" ("c2" BIGINT NOT NULL,CONSTRAINT "t0_c2_pkey" PRIMARY KEY ("c2"),CONSTRAINT "t0_c2_unique" UNIQUE ("c2"))

statement ok rowcount 19
INSERT INTO "t0" VALUES (-379229224),(0),(1),(385713029),(-1267052829232070784),(2),(9),(1031484581),(5),(1240848166),(-326279290),(4),(8),(3),
(1525535569),(-2056321524),(-2008727810),(-909418544),(6)

statement ok
CREATE TABLE "t2" ("c2" BOOLEAN NOT NULL,"c6" DATE NOT NULL,"c4" REAL)

statement ok rowcount 16
INSERT INTO "t2" VALUES (false, DATE '1970-01-01', 0.42016214),(true, DATE '1970-01-01', 0.8693425),(true, DATE '1970-01-01', -4.752201e+08),
(true, DATE '1970-01-01', NULL),(true, DATE '1970-01-08', 0.06673173),(false, DATE '1970-01-01', NULL),(true, DATE '1969-12-13', NULL),
(true, DATE '1970-01-01', 0.91617733),(false, DATE '1970-01-01', 0.9449981),(true, DATE '1970-01-01', -1.092508e+09),(true, DATE '1970-01-14', NULL),
(true, DATE '1970-01-01', NULL),(false, DATE '1970-01-01', 0.2627602),(true, DATE '1970-01-01', NULL),(true, DATE '1970-01-01', NULL),(true, DATE '1969-12-13', NULL)

query I rowsort
SELECT 1 FROM t2 WHERE (TIME '01:00:00') NOT IN (TIME '01:00:00', TIME '01:00:00') NOT IN ((VALUES (TRUE)));
----
1
1
1
1
1
1
1
1
1
1
1
1
1
1
1
1

query I rowsort
SELECT 1 FROM t0, t2 WHERE t0.c2 = CASE WHEN t2.c2 THEN 1 WHEN t2.c6 = ANY(SELECT t2.c6 FROM t2) THEN 5 END
----
1
1
1
1
1
1
1
1
1
1
1
1
1
1
1
1

query I rowsort
SELECT 1 FROM t0, t2 WHERE t0.c2 BETWEEN 0 AND CASE WHEN t2.c2 THEN 1 WHEN t2.c4 = ANY(SELECT t2.c4 FROM t2) THEN 2 END
----
1
1
1
1
1
1
1
1
1
1
1
1
1
1
1
1
1
1
1
1
1
1
1
1
1
1
1
1
1
1
1
1
1

statement ok
ROLLBACK

statement ok
START TRANSACTION

statement ok
CREATE TABLE "t0" ("c2" INTEGER)

statement ok
CREATE TABLE "t2" ("c5" BINARY LARGE OBJECT)

statement ok rowcount 1
insert into t0(c2) values(ifthenelse((select false from t2 having max(greatest((values (blob '')), t2.c5) = blob 'fa8D')), (select 1), 3))

statement ok
ROLLBACK

statement ok
START TRANSACTION

statement ok
CREATE TABLE "t0" ("c0" INT)

statement ok rowcount 2
INSERT INTO "t0" VALUES (3), (2)

query IIIIII rowsort
select * from t0 join (values (1, 2, 3, 4, 5)) as sub0(a,b,c,d,e) on t0.c0 = 3;
----
3
1
2
3
4
5

statement ok
ROLLBACK

statement ok
START TRANSACTION

statement ok
CREATE TABLE "t0"("c0" INTERVAL MONTH NOT NULL,"c1" VARCHAR(32),"c2" UUID NOT NULL,"c4" DOUBLE PRECISION,CONSTRAINT "t0_c0_pkey" PRIMARY KEY ("c0"),CONSTRAINT "t0_c0_unique" UNIQUE ("c0"))

statement ok
CREATE TABLE "t2"("c0" INTERVAL MONTH,"c1" VARCHAR(32),"c2" UUID,"c4" BIGINT)

statement ok rowcount 30
COPY 30 RECORDS INTO "t2" FROM stdin USING DELIMITERS E'\t',E'\n','"'
<COPY_INTO_DATA>
NULL	NULL	NULL	5
NULL	NULL	9fb1ebc7-5c9a-dabd-042d-5064ff9cf1dd	NULL
9	NULL	6f4ac015-cdd9-afdb-af35-fbeeae732624	5
NULL	"^"	ed8bcd01-e547-d3c1-db18-db2bfef70dd4	NULL
NULL	"0.8715628341541751"	dbab81e0-ed0f-6e46-1f7d-783faa5d82c1	NULL
NULL	""	b6063d03-7f3b-3f5c-988f-d48c7682fb15	NULL
NULL	NULL	c426906d-be9f-de95-e717-c035788495ff	NULL
NULL	""	NULL	NULL
447562315	"H"	NULL	NULL
NULL	NULL	NULL	-1249992320
NULL	NULL	NULL	NULL
NULL	NULL	NULL	6
NULL	"EïŠ‚u&d6^"	db08251d-81e6-e1a3-2b3a-faefbdb169bc	0
NULL	NULL	103a870c-62bd-edbf-2901-e7cdcbcfb0ef	NULL
NULL	NULL	bbceaf7c-4cbc-3bc5-26e8-d7c8bdcfd1c3	NULL
NULL	NULL	af85b0fd-7804-fdd3-f0bb-ad9c2cfce2a5	3
0	NULL	be7b374e-bdfe-ddd6-ccec-15eadcf6e31a	7
7	NULL	0f8777ea-d8fb-c266-b9f5-7deffe29dfbf	0
2	NULL	ec34a9f6-f179-8a15-beeb-1e7dbf1e7d9d	1
NULL	NULL	ef1e4ad5-ac3a-b8fa-c0ad-f8a8c9a4d6ce	4
3	NULL	1b7edee4-18d1-b6cf-5dc1-6f15a6db2d9d	157047355
NULL	"\naVK"	f8af6a8e-0464-1f2f-ffae-d92a10898ba6	1
-896957269	"b"	c2137ac8-3ed8-3936-f08b-4b0ebd6aac3b	3
5	NULL	NULL	NULL
NULL	"C"	NULL	NULL
NULL	""	NULL	NULL
NULL	"s"	NULL	NULL
NULL	"0.24717874352374636"	NULL	NULL
NULL	"0.3763977961825439"	NULL	NULL
5	NULL	85df3b1d-ff3f-0a1d-2cba-dc37cabe66de	0

query T rowsort
SELECT t2.c0 FROM t2 WHERE '' <> ALL(SELECT '7' FROM t0 WHERE FALSE)
----
-896957269
0
2
3
447562315
5
5
7
9
NULL
NULL
NULL
NULL
NULL
NULL
NULL
NULL
NULL
NULL
NULL
NULL
NULL
NULL
NULL
NULL
NULL
NULL
NULL
NULL
NULL

query I rowsort
SELECT CAST(SUM(count) AS BIGINT) FROM (SELECT CAST('' <> ALL(SELECT '7' FROM t0 WHERE FALSE) AS INT) as count FROM t2) as res
----
30

query I rowsort
SELECT CAST((SELECT '1' WHERE TRUE) <> ALL(SELECT '7' FROM t0 WHERE FALSE) AS INT) FROM t2
----
1
1
1
1
1
1
1
1
1
1
1
1
1
1
1
1
1
1
1
1
1
1
1
1
1
1
1
1
1
1

statement ok
ROLLBACK

statement ok
START TRANSACTION

statement ok
CREATE TABLE "t1" ("c0" REAL,"c1" REAL,CONSTRAINT "t1_c1_c0_unique" UNIQUE ("c1", "c0"))

statement ok rowcount 9
INSERT INTO "t1" VALUES (0.05303705, 0.012799261),(0.8875537, 0.81233525),(-0.26150206, 1.6048732e+09),(NULL, 0.75787866),(0.6425521, NULL),(NULL, -0.8071348),(0.18594263, NULL),(0.35998943, NULL),(0.70466465, NULL)

statement ok
CREATE TABLE "t2" ("c0" TIME NOT NULL,"c3" INT)

statement ok rowcount 4
INSERT INTO "t2" VALUES (TIME '01:00:11', 2),(TIME '14:47:53', NULL),(TIME '23:26:05', NULL),(TIME '10:49:08', NULL)

query R rowsort
SELECT t1.c1 FROM t1 WHERE NOT (least((SELECT DISTINCT TRUE FROM t2 WHERE FALSE), (VALUES (FALSE))))
----
-0.807
0.013
0.758
0.812
1604873200.000
NULL
NULL
NULL
NULL

query I rowsort
SELECT CAST(SUM(count) AS BIGINT) FROM (SELECT CAST(NOT (least((SELECT DISTINCT TRUE FROM t2 WHERE FALSE), (VALUES (FALSE)))) AS INT) as count FROM t1) as res
----
9

statement ok
ROLLBACK

statement ok
START TRANSACTION

statement ok
CREATE TABLE "t0" ("c3" INTERVAL SECOND)

statement ok rowcount 9
INSERT INTO "t0" VALUES (INTERVAL '6' SECOND),(INTERVAL '9' SECOND),(INTERVAL '1' SECOND),
(INTERVAL '0' SECOND),(INTERVAL '9' SECOND),(INTERVAL '4' SECOND),(INTERVAL '6' SECOND),(INTERVAL '1' SECOND),(NULL)

query T rowsort
SELECT (SELECT 2 WHERE FALSE) = ANY(SELECT 3 WHERE FALSE)
----
False

query T rowsort
SELECT t0.c3 FROM t0 WHERE ifthenelse((SELECT 2 WHERE FALSE) = ANY(SELECT 3 WHERE FALSE), 2, 1)
----
0:00:00
0:00:01
0:00:01
0:00:04
0:00:06
0:00:06
0:00:09
0:00:09
NULL

query I rowsort
SELECT CAST(SUM(count) AS BIGINT) FROM (SELECT CAST(ifthenelse((SELECT 2 WHERE FALSE) = ANY(SELECT 3 WHERE FALSE), 2, 1) AS INT) as count FROM t0) as res
----
9

statement ok
ROLLBACK

