statement ok
START TRANSACTION

statement ok
CREATE TABLE t0 (c0 INT)

query I nosort
SELECT 1 FROM (SELECT 1 FROM t0 JOIN (SELECT EXISTS (SELECT 1)) x(x) ON x.x = (VALUES (x.x))) vx(vx)
JOIN (VALUES (1, 2)) x(x,y) ON vx = ANY(SELECT vx)
----

query I nosort
SELECT 1 FROM t0 WHERE (TRUE AND (SELECT TRUE)) OR (TRUE AND (SELECT TRUE))
----

query I nosort
SELECT 1 FROM t0 JOIN (SELECT 1) x(x) ON (VALUES (x.x)) RIGHT OUTER JOIN (SELECT 3) y(y)
ON (SELECT y.y WHERE x.x)
----

statement ok
create view vx(vx) as (select distinct 2)

query I nosort
SELECT 1 FROM vx WHERE 1 <> ALL(VALUES (10), (vx.vx))
----
1

# this one is right
query I nosort
SELECT CAST(SUM(count) AS BIGINT) FROM (SELECT CAST(1 <> ALL(VALUES (10), (vx.vx)) AS INT) as count FROM vx) as res
----
1

statement ok
ROLLBACK
