statement ok
create table t1 (aa int, bb int, cc int)

statement ok
insert into t1 values (1,1,1)

query III rowsort
select t2.dd, t2.ee, t2.ff from t1 as t2(dd,ee,ff)
----
1
1
1

query I rowsort
select t2.cc from t1 as t2(dd,ee,cc)
----
1

query I rowsort
select t2.ee from t1 as t2(dd,ee,ff)
----
1

statement error
select t2.cc from t1 as t2(dd)

statement error
select t2.ee from t1 as t2(dd,ee)

statement error
select t2.aa from t1 as t2(dd,dd,cc)

statement error
select t2.dd from t1 as t2(dd,ee,ff,gg)

query I rowsort
select t3.output from generate_series(1, 2) as t3(output)
----
1

statement error
select * from (values(1,2)) as a(a)

statement error
create table t2 as (select count(*) from t1)

statement ok
create table t2 as (select count(*) as "mylabel" from t1)

query I rowsort
select count(*) from t2
----
1

statement ok
drop table t1

statement ok
drop table t2

