statement error
declare table x (a int)

statement error
drop table x

statement ok
CREATE OR REPLACE FUNCTION testtruncate() RETURNS INT
BEGIN
    DECLARE TABLE z (a int);
    INSERT INTO z VALUES (1);
    UPDATE z SET a = 2 WHERE a = 1;
    TRUNCATE z;
    INSERT INTO z VALUES (3);
    DELETE FROM z WHERE a = 3;
    RETURN SELECT a FROM z;
END

statement ok
CREATE OR REPLACE FUNCTION testtruncate() RETURNS INT
BEGIN
    DECLARE TABLE w (c int);
    INSERT INTO w VALUES (1);
    UPDATE w SET c = 2 WHERE c = 1;
    TRUNCATE w;
    INSERT INTO w VALUES (3);
    DELETE FROM w WHERE c = 3;
    RETURN SELECT c FROM w;
END

query I rowsort
SELECT testtruncate()
----
NULL

query I rowsort
SELECT testtruncate()
----
NULL

statement ok
DROP FUNCTION testtruncate

statement ok
START TRANSACTION

statement ok
CREATE TABLE foo (i INT)

statement ok
CREATE FUNCTION cnt() RETURNS INT BEGIN RETURN SELECT COUNT(*) FROM foo; END

statement ok
CREATE FUNCTION func () RETURNS TABLE(i int)
BEGIN
    TRUNCATE foo;
    INSERT INTO foo VALUES (1);
    INSERT INTO foo VALUES ((SELECT COUNT(*) FROM foo)+1);
    INSERT INTO foo SELECT cnt()+1;
    RETURN foo;
END

query I rowsort
SELECT * FROM func()
----
1
2
3

statement ok
ROLLBACK

statement ok
START TRANSACTION

statement ok
create schema myschema

statement ok
set schema myschema

statement ok
create table testtab(ts timestamp default now)

query T
select "default" from sys._columns where table_id = (select id from sys._tables where name = 'testtab')
----
"current_timestamp"()

statement ok
set schema sys

statement ok
ROLLBACK

