statement ok
set optimizer='sequential_pipe'

statement ok
start transaction

statement ok
create table myy (col1 int, col2 int)

statement ok
insert into myy values (1, 1), (2, 0), (3,3), (4,2)

query I rowsort
select distinct col1 + col2 from myy order by col1 + col2
----
2
6

query T nosort
plan select distinct col1 + col2 from myy order by col1 + col2
----
project (
| group by (
| | project (
| | | table("sys"."myy") [ "myy"."col1", "myy"."col2" ]
| | ) [ "sys"."sql_add"(bigint(33)["myy"."col1"], bigint(33)["myy"."col2"]) as "%1"."%1" ]
| ) [ "%1"."%1" ] [ "%1"."%1" ]
) [ "%1"."%1" UNIQUE ] [ "%1"."%1" ASC UNIQUE ]

query T nosort
plan select col2 from myy order by col1 ASC, col1 DESC
----
project (
| table("sys"."myy") [ "myy"."col1", "myy"."col2" ]
) [ "myy"."col2" ] [ "myy"."col1" ASC, "myy"."col1" NULLS LAST ]

query T nosort
plan select col2 from myy order by col1 DESC, col1 DESC
----
project (
| table("sys"."myy") [ "myy"."col1", "myy"."col2" ]
) [ "myy"."col2" ] [ "myy"."col1" NULLS LAST, "myy"."col1" NULLS LAST ]

statement ok
create table myx (x uuid, y uuid)

query T nosort
plan select * from myx where x in ('1aea00e5db6e0810b554fde31d961965') or y = '1aea00e5db6e0810b554fde31d961965'
----
project (
| select (
| | table("sys"."myx") [ "myx"."x" NOT NULL UNIQUE, "myx"."y" NOT NULL UNIQUE ]
| ) [ (("myx"."x" NOT NULL UNIQUE) = (uuid[char(32) "1aea00e5db6e0810b554fde31d961965"] NOT NULL)) or (("myx"."y" NOT NULL UNIQUE) = (uuid[char(32) "1aea00e5db6e0810b554fde31d961965"] NOT NULL)) ]
) [ "myx"."x" NOT NULL UNIQUE, "myx"."y" NOT NULL UNIQUE ]

query T nosort
plan select * from myx where x in ('1aea00e5db6e0810b554fde31d961965') or y is null
----
project (
| select (
| | table("sys"."myx") [ "myx"."x" NOT NULL UNIQUE, "myx"."y" NOT NULL UNIQUE ]
| ) [ (("myx"."x" NOT NULL UNIQUE) = (uuid[char(32) "1aea00e5db6e0810b554fde31d961965"] NOT NULL)) or (("myx"."y" NOT NULL UNIQUE) * = (uuid NULL)) ]
) [ "myx"."x" NOT NULL UNIQUE, "myx"."y" NOT NULL UNIQUE ]

query T nosort
plan select * from myx where x in ('1aea00e5db6e0810b554fde31d961965', '1aea00e5db6e0810b554fde31d961966') or y = '1aea00e5db6e0810b554fde31d961967'
----
project (
| select (
| | table("sys"."myx") [ "myx"."x" NOT NULL UNIQUE, "myx"."y" NOT NULL UNIQUE ]
| ) [ (("myx"."x" NOT NULL UNIQUE) in (uuid[char(32) "1aea00e5db6e0810b554fde31d961965"] NOT NULL, uuid[char(32) "1aea00e5db6e0810b554fde31d961966"] NOT NULL)) or (("myx"."y" NOT NULL UNIQUE) = (uuid[char(32) "1aea00e5db6e0810b554fde31d961967"] NOT NULL)) ]
) [ "myx"."x" NOT NULL UNIQUE, "myx"."y" NOT NULL UNIQUE ]

statement ok
insert into myx values ('1aea00e5db6e0810b554fde31d961965', '1aea00e5db6e0810b554fde31d961967')

query TT rowsort
select * from myx where x in ('1aea00e5db6e0810b554fde31d961966') or y is not null
----
1aea00e5-db6e-0810-b554-fde31d961965
1aea00e5-db6e-0810-b554-fde31d961967

query TT rowsort
select * from myx where x in ('1aea00e5db6e0810b554fde31d961966') or y is null
----

statement ok
CREATE TABLE tab0(col0 INTEGER, col1 INTEGER, col2 INTEGER)

statement ok
INSERT INTO tab0 VALUES (97,1,99), (15,81,47),(87,21,10)

query T nosort
plan select 1 from tab0 where col1 = 1 or col1 = 81
----
project (
| select (
| | table("sys"."tab0") [ "tab0"."col1" ]
| ) [ ("tab0"."col1") in (int(32) "1", int(32) "81") ]
) [ tinyint(1) "1" ]

query T nosort
plan select 1 from tab0 where col1 = 1 or col1 = 81 or col1 = 100
----
project (
| select (
| | table("sys"."tab0") [ "tab0"."col1" ]
| ) [ ("tab0"."col1") in (int(32) "1", int(32) "81", int(32) "100") ]
) [ tinyint(1) "1" ]

query T nosort
plan select 1 from tab0 where (col1 = 1 or col1 = 81) or (col2 < 0)
----
project (
| select (
| | table("sys"."tab0") [ "tab0"."col1", "tab0"."col2" ]
| ) [ (("tab0"."col1") in (int(32) "1", int(32) "81")) or (("tab0"."col2") < (int(32) "0")) ]
) [ tinyint(1) "1" ]

query T nosort
plan select 1 from tab0 where ((col1 = 1 or col1 = 81) or col1 = 100) or (col2 > 10)
----
project (
| select (
| | table("sys"."tab0") [ "tab0"."col1", "tab0"."col2" ]
| ) [ (("tab0"."col1") in (int(32) "1", int(32) "81", int(32) "100")) or (("tab0"."col2") > (int(32) "10")) ]
) [ tinyint(1) "1" ]

query T nosort
plan select 1 from tab0 where ((col1 = 1 or col1 = 81) or col2 = 100) or (col1 = 100)
----
project (
| select (
| | table("sys"."tab0") [ "tab0"."col1", "tab0"."col2" ]
| ) [ ((("tab0"."col1") in (int(32) "1", int(32) "81")) or (("tab0"."col2") = (int(32) "100"))) or (("tab0"."col1") = (int(32) "100")) ]
) [ tinyint(1) "1" ]

query T nosort
plan select 1 from tab0 where col1 <> 1 and col1 <> 81
----
project (
| select (
| | table("sys"."tab0") [ "tab0"."col1" ]
| ) [ ("tab0"."col1") notin (int(32) "1", int(32) "81") ]
) [ tinyint(1) "1" ]

# don't rewrite col2 <> 10 into notin
query T nosort
plan select 1 from tab0 where col1 <> 1 and col1 <> 81 and col2 <> 10
----
project (
| select (
| | table("sys"."tab0") [ "tab0"."col1", "tab0"."col2" ]
| ) [ ("tab0"."col2") != (int(32) "10"), ("tab0"."col1") notin (int(32) "1", int(32) "81") ]
) [ tinyint(1) "1" ]

query T nosort
plan select 1 from tab0 where col1 <> 1 and col1 <> 81 and (col2 < 100)
----
project (
| select (
| | table("sys"."tab0") [ "tab0"."col1", "tab0"."col2" ]
| ) [ ("tab0"."col2") < (int(32) "100"), ("tab0"."col1") notin (int(32) "1", int(32) "81") ]
) [ tinyint(1) "1" ]

query T nosort
plan select 1 from tab0 where (col1 <> 1 and col1 <> 81) or (col2 < 0)
----
project (
| select (
| | table("sys"."tab0") [ "tab0"."col1", "tab0"."col2" ]
| ) [ (("tab0"."col1") notin (int(32) "1", int(32) "81")) or (("tab0"."col2") < (int(32) "0")) ]
) [ tinyint(1) "1" ]

query T nosort
plan select 1 from tab0 where ((col1 <> 1 and col1 <> 81) and col1 <> 100) or (col2 > 10)
----
project (
| select (
| | table("sys"."tab0") [ "tab0"."col1", "tab0"."col2" ]
| ) [ (("tab0"."col1") notin (int(32) "1", int(32) "81", int(32) "100")) or (("tab0"."col2") > (int(32) "10")) ]
) [ tinyint(1) "1" ]

query T nosort
plan select 1 from tab0 where ((col1 <> 1 and col1 <> 81) or col2 = 100) and (col1 <> 47)
----
project (
| select (
| | table("sys"."tab0") [ "tab0"."col1", "tab0"."col2" ]
| ) [ ("tab0"."col1") != (int(32) "47"), (("tab0"."col1") notin (int(32) "1", int(32) "81")) or (("tab0"."col2") = (int(32) "100")) ]
) [ tinyint(1) "1" ]

statement ok
CREATE TABLE tbl_ProductSales (ColID int, Product_Category  varchar(64), Product_Name  varchar(64), TotalSales int)

statement ok
INSERT INTO tbl_ProductSales VALUES (1,'Game','Mobo Game',200),(2,'Game','PKO Game',400),(3,'Fashion','Shirt',500),(4,'Fashion','Shorts',100)

statement ok
CREATE TABLE another_T (col1 INT, col2 INT, col3 INT, col4 INT, col5 INT, col6 INT, col7 INT, col8 INT)

statement ok
INSERT INTO another_T VALUES (1,2,3,4,5,6,7,8), (11,22,33,44,55,66,77,88), (111,222,333,444,555,666,777,888), (1111,2222,3333,4444,5555,6666,7777,8888)

query T python .explain.function_histogram
EXPLAIN SELECT 1 FROM another_t t1 INNER JOIN another_t t2 ON t1.col1 BETWEEN t2.col1 AND t2.col1
----
algebra.project
1
algebra.projection
3
algebra.rangejoin
1
bat.pack
5
querylog.define
1
sql.bind
2
sql.mvc
1
sql.resultSet
1
sql.tid
1
user.main
1

query T python .explain.function_histogram
EXPLAIN SELECT 1 FROM another_t t1 INNER JOIN another_t t2 ON t1.col1 BETWEEN t2.col1 - 1 AND t2.col1 + 1
----
algebra.project
1
algebra.projection
3
algebra.rangejoin
1
bat.pack
5
batcalc.lng
2
querylog.define
1
sql.bind
2
sql.mvc
1
sql.resultSet
1
sql.tid
1
user.main
1

query T python .explain.function_histogram
EXPLAIN SELECT 1 FROM another_t t1 INNER JOIN another_t t2 ON t1.col1 BETWEEN t2.col1 AND 2
----
algebra.project
2
algebra.projection
3
algebra.rangejoin
1
bat.pack
5
querylog.define
1
sql.bind
2
sql.mvc
1
sql.resultSet
1
sql.tid
1
user.main
1

query T python .explain.function_histogram
EXPLAIN SELECT 1 FROM tbl_productsales t1 INNER JOIN tbl_productsales t2 ON t1.product_category LIKE t2.product_category
----
algebra.likejoin
1
algebra.project
1
algebra.projection
3
bat.pack
5
bat.single
2
querylog.define
1
sql.bind
2
sql.mvc
1
sql.resultSet
1
sql.tid
1
user.main
1

query T python .explain.function_with_more_than_one_result_bat
EXPLAIN SELECT t1.col1 FROM another_t t1 INNER JOIN another_t t2 ON t1.col1 = t2.col1
----

query T python .explain.function_with_more_than_one_result_bat
EXPLAIN SELECT t2.col1 FROM another_t t1 INNER JOIN another_t t2 ON t1.col1 = t2.col1
----

query T python .explain.function_with_more_than_one_result_bat
EXPLAIN SELECT t1.col1, t2.col1 FROM another_t t1 INNER JOIN another_t t2 ON t1.col1 = t2.col1
----
algebra.join
1

query T python .explain.function_with_more_than_one_result_bat
EXPLAIN SELECT t1.col1 FROM another_t t1 INNER JOIN another_t t2 ON t1.col1 > t2.col1
----

query T python .explain.function_with_more_than_one_result_bat
EXPLAIN SELECT t2.col1 FROM another_t t1 INNER JOIN another_t t2 ON t1.col1 > t2.col1
----

query T python .explain.function_with_more_than_one_result_bat
EXPLAIN SELECT t1.col1, t2.col1 FROM another_t t1 INNER JOIN another_t t2 ON t1.col1 > t2.col1
----
algebra.thetajoin
1

query T nosort
PLAN SELECT 1 FROM another_t WHERE (col1 >= 1 AND col1 <= 2) OR col2 IS NULL
----
project (
| select (
| | table("sys"."another_t") [ "another_t"."col1", "another_t"."col2" ]
| ) [ ((int(32) "1") <= ("another_t"."col1") <= (int(32) "2")) or (("another_t"."col2") * = (int(32) NULL)) ]
) [ tinyint(1) "1" ]

query T nosort
PLAN SELECT 1 FROM another_t WHERE col1 > 1 and cast(col1 as bigint) < 2
----
project (
| select (
| | table("sys"."another_t") [ "another_t"."col1" ]
| ) [ (bigint(64) "1") < (bigint(64)["another_t"."col1"]) < (bigint(64) "2") ]
) [ tinyint(1) "1" ]

query T nosort
PLAN SELECT (col1 >= 1 AND col1 <= 2) OR col2 IS NULL FROM another_t
----
project (
| table("sys"."another_t") [ "another_t"."col1", "another_t"."col2" ]
) [ "sys"."or"((int(32) "1") <= ("another_t"."col1") <= (int(32) "2"), "sys"."isnull"("another_t"."col2") NOT NULL) ]

statement ok
CREATE TABLE tabel1 (id_nr INT, dt_sur STRING, edg INT, ede DATE, pc_nml_hur STRING, srt_ukr STRING)

statement ok
INSERT INTO tabel1 VALUES (10, 'Koning', NULL, current_date - INTERVAL '1' MONTH, '50', '01'), (20, 'Nes', NULL, NULL, '50', '01')

statement ok
CREATE TABLE tabel2 (id_nr INT, dt_sur STRING, edg INT, ede DATE, pc_nml_hur STRING)

statement ok
INSERT INTO tabel2 VALUES (10, 'Koning', NULL, current_date - INTERVAL '1' MONTH, '50'), (10, 'Koning', NULL, NULL, '50'), (20, 'Nes', NULL, NULL, '50')

statement ok
CREATE TABLE tabel3 (id_nr INT, my_date DATE)

statement ok
INSERT INTO tabel3 VALUES (10, current_date - INTERVAL '1' MONTH), (10, NULL), (20, NULL)

statement ok
create view view1 as SELECT * FROM tabel1 as a

statement ok
create view view2 as SELECT * FROM tabel2 as a

statement ok
create view view3 as SELECT * FROM tabel3 as a

query T nosort
PLAN SELECT 1 FROM view1 s INNER JOIN view2 h ON s.id_nr = h.id_nr LEFT JOIN view2 h2 ON h.id_nr = h2.id_nr INNER JOIN view3 a ON a.id_nr = s.id_nr
----
project (
| join (
| | table("sys"."tabel3") [ "tabel3"."id_nr" as "a"."id_nr" ],
| | project (
| | | left outer join (
| | | | join (
| | | | | project (
| | | | | | table("sys"."tabel1") [ "tabel1"."id_nr" UNIQUE as "a"."id_nr" ]
| | | | | ) [ "a"."id_nr" UNIQUE as "s"."id_nr" ],
| | | | | project (
| | | | | | table("sys"."tabel2") [ "tabel2"."id_nr" as "a"."id_nr" ]
| | | | | ) [ "a"."id_nr" as "h"."id_nr" ]
| | | | ) [ ("s"."id_nr" UNIQUE) = ("h"."id_nr") ],
| | | | table("sys"."tabel2") [ "tabel2"."id_nr" as "a"."id_nr" ]
| | | ) [ ("h"."id_nr" NOT NULL) = ("a"."id_nr") ]
| | ) [ "s"."id_nr" NOT NULL ]
| ) [ ("a"."id_nr") = ("s"."id_nr" NOT NULL) ]
) [ tinyint(1) "1" ]

statement ok
CREATE TABLE integers(i INTEGER, j INTEGER)

statement ok
INSERT INTO integers VALUES (1,4), (2,5), (3,6), (NULL,NULL)

query T nosort
plan select i1.i, i2.i from integers i1 inner join integers i2 on i1.i = i2.i or (i1.i is null and i2.i is null)
----
project (
| join (
| | table("sys"."integers") [ "integers"."i" as "i1"."i" ],
| | table("sys"."integers") [ "integers"."i" as "i2"."i" ]
| ) [ ("i1"."i") * = ("i2"."i") ]
) [ "i1"."i", "i2"."i" ]

query II rowsort
select i1.i, i2.i from integers i1 inner join integers i2 on i1.i = i2.i or (i1.i is null and i2.i is null)
----
1
1
2
2
3
3
NULL
NULL

query T nosort
plan select i1.i, i2.i from integers i1 full outer join integers i2 on (i1.i is null and i2.i is null) or i1.i = i2.i
----
project (
| full outer join (
| | table("sys"."integers") [ "integers"."i" UNIQUE as "i1"."i" ],
| | table("sys"."integers") [ "integers"."i" UNIQUE as "i2"."i" ]
| ) [ ("i1"."i" UNIQUE) * = ("i2"."i" UNIQUE) ]
) [ "i1"."i" UNIQUE, "i2"."i" UNIQUE ]

query II rowsort
select i1.i, i2.i from integers i1 full outer join integers i2 on (i1.i is null and i2.i is null) or i1.i = i2.i
----
1
1
2
2
3
3
NULL
NULL

query T nosort
plan select i, j from integers where i = j or (i is null and j is null)
----
project (
| select (
| | table("sys"."integers") [ "integers"."i" UNIQUE, "integers"."j" ]
| ) [ ("integers"."i" UNIQUE) * = ("integers"."j") ]
) [ "integers"."i" UNIQUE, "integers"."j" ]

query II rowsort
select i, j from integers where i = j or (i is null and j is null)
----
NULL
NULL

# (x*c1)*c2 -> x * (c1*c2)
query T nosort
plan select (34*another_t.col1)*3 from another_t
----
project (
| table("sys"."another_t") [ "another_t"."col1" ]
) [ "sys"."sql_mul"("another_t"."col1", "sys"."sql_mul"(tinyint(6) "34", tinyint(2) "3") NOT NULL) ]

statement ok
create table t1 (a int, b string)

statement ok rowcount 4
insert into t1 values (1,'a'), (2, 'b'), (3, 'c'), (4, 'd')

statement ok
create table t2 (a int)

statement ok rowcount 4
insert into t2 values (1),(2),(3),(4)

statement ok
create table t3 (b string)

statement ok rowcount 4
insert into t3 values ('a'),('b'),('c'),('d')

query T nosort
plan select t1.a, t1.b from t1 inner join t2 on t1.a = t2.a inner join t3 on t1.b like t3.b
----
project (
| join (
| | join (
| | | table("sys"."t1") [ "t1"."a", "t1"."b" ],
| | | table("sys"."t2") [ "t2"."a" ]
| | ) [ ("t1"."a") = ("t2"."a") ],
| | table("sys"."t3") [ "t3"."b" ]
| ) [ ("t1"."b") FILTER "sys"."like"("t3"."b", clob "", boolean(1) "false") ]
) [ "t1"."a" NOT NULL, "t1"."b" ]

query T python .explain.function_histogram
explain select t1.a, t1.b from t1 inner join t2 on t1.a = t2.a inner join t3 on t1.b like t3.b
----
algebra.join
1
algebra.likejoin
1
algebra.projection
4
algebra.projectionpath
2
bat.pack
5
bat.single
2
querylog.define
1
sql.bind
4
sql.mvc
1
sql.resultSet
1
sql.tid
3
user.main
1

query T nosort
plan select x, y from (select a as b, a / 3 as c from t1 intersect all select a as z, a / 5 as d from t2) x(x,y) where x > 2
----
project (
| intersect (
| | project (
| | | project (
| | | | select (
| | | | | table("sys"."t1") [ "t1"."a" ]
| | | | ) [ ("t1"."a") > (int(32) "2") ]
| | | ) [ "t1"."a" NOT NULL as "b", "sys"."sql_div"("t1"."a" NOT NULL, tinyint(2) "3") NOT NULL as "c" ]
| | ) [ "b" NOT NULL as "x"."x", "c" NOT NULL as "x"."y" ],
| | project (
| | | project (
| | | | select (
| | | | | table("sys"."t2") [ "t2"."a" ]
| | | | ) [ ("t2"."a") > (int(32) "2") ]
| | | ) [ "t2"."a" NOT NULL as "z", "sys"."sql_div"("t2"."a" NOT NULL, tinyint(3) "5") NOT NULL as "d" ]
| | ) [ "z" NOT NULL as "x"."x", "d" NOT NULL as "x"."y" ]
| ) [ "x"."x" NOT NULL, "x"."y" NOT NULL ]
) [ "x"."x" NOT NULL, "x"."y" NOT NULL ]

query T nosort
plan select x, y from (select a as b, a / 3 as c from t1 union distinct select a as z, a / 5 as d from t2) x(x,y) where x > 2
----
project (
| distinct union (
| | project (
| | | group by (
| | | | project (
| | | | | select (
| | | | | | table("sys"."t1") [ "t1"."a" ]
| | | | | ) [ ("t1"."a") > (int(32) "2") ]
| | | | ) [ "t1"."a" NOT NULL as "b", "sys"."sql_div"("t1"."a" NOT NULL, tinyint(2) "3") NOT NULL as "c" ]
| | | ) [ "b" NOT NULL, "c" NOT NULL ] [ "b" NOT NULL, "c" NOT NULL ]
| | ) [ "b" NOT NULL as "x"."x", "c" NOT NULL as "x"."y" ],
| | project (
| | | group by (
| | | | project (
| | | | | select (
| | | | | | table("sys"."t2") [ "t2"."a" ]
| | | | | ) [ ("t2"."a") > (int(32) "2") ]
| | | | ) [ "t2"."a" NOT NULL as "z", "sys"."sql_div"("t2"."a" NOT NULL, tinyint(3) "5") NOT NULL as "d" ]
| | | ) [ "z" NOT NULL, "d" NOT NULL ] [ "z" NOT NULL, "d" NOT NULL ]
| | ) [ "z" NOT NULL as "x"."x", "d" NOT NULL as "x"."y" ]
| ) [ "x"."x" NOT NULL, "x"."y" NOT NULL ]
) [ "x"."x" NOT NULL, "x"."y" NOT NULL ]

statement ok
rollback

statement ok
set optimizer='default_pipe'

# push select expressions under group by if possible
query T nosort
plan select 1 from (select x from (values(1),(2),(3)) x(x) group by x) x(x) where x > 2
----
project (
| group by (
| | select (
| | |  [  [ tinyint(2) "1", tinyint(2) "2", tinyint(2) "3" ] as "x"."x" ]
| | ) [ ("x"."x" NOT NULL) > (tinyint(2) "2") ]
| ) [ "x"."x" NOT NULL ] [ "x"."x" NOT NULL ]
) [ tinyint(1) "1" ]

query T nosort
plan select y from (select x, max(x) as y from (values(1),(2),(3)) x(x) group by x) x(x,y) where x > 2
----
project (
| group by (
| | select (
| | |  [  [ tinyint(2) "1", tinyint(2) "2", tinyint(2) "3" ] as "x"."x" ]
| | ) [ ("x"."x" NOT NULL) > (tinyint(2) "2") ]
| ) [ "x"."x" NOT NULL ] [ "sys"."max" no nil ("x"."x" NOT NULL) NOT NULL as "%5"."%5" ]
) [ "%5"."%5" NOT NULL as "x"."y" ]

# here the select cannot be pushed down
query T nosort
plan select x from (select min(x) as x from (values(1,1),(2,2),(3,3)) x(x,y)) x(x) where x > 2
----
project (
| select (
| | group by (
| | |  [  [ tinyint(2) "1", tinyint(2) "2", tinyint(2) "3" ] as "x"."x" ]
| | ) [  ] [ "sys"."min" no nil ("x"."x" NOT NULL) NOT NULL UNIQUE as "%11"."%11" ]
| ) [ ("%11"."%11" NOT NULL UNIQUE) > (tinyint(2) "2") ]
) [ "%11"."%11" NOT NULL UNIQUE as "x"."x" ]

# optimize sum(x + 2) into sum(x) + 2*count(*)
query IIII nosort
SELECT sum(x), sum(x + 1), sum(x + 2), sum(x + 3) FROM (VALUES (1),(2),(3),(4),(5)) x(x)
----
15
20
25
30

query T nosort
PLAN SELECT sum(x), sum(x + 1), sum(x + 2), sum(x + 3) FROM (VALUES (1),(2),(3),(4),(5)) x(x)
----
project (
| project (
| | group by (
| | |  [  [ tinyint(3) "1", tinyint(3) "2", tinyint(3) "3", tinyint(3) "4", tinyint(3) "5" ] as "x"."x" ]
| | ) [  ] [ "sys"."sum" no nil ("x"."x" NOT NULL) NOT NULL UNIQUE as "%7"."%7", "%7"."%7" as "%20"."%20", "%7"."%7" as "%22"."%22", "%7"."%7" as "%24"."%24", "sys"."count"() NOT NULL UNIQUE as "%16"."%16" ]
| ) [ "%7"."%7" NOT NULL UNIQUE, "sys"."sql_add"("%20"."%20" UNIQUE, "sys"."sql_mul"(tinyint(2) "1", "%16"."%16" NOT NULL UNIQUE) NOT NULL) as "%10"."%10", "sys"."sql_add"("%22"."%22" UNIQUE, "sys"."sql_mul"(tinyint(3) "2", "%16"."%16" NOT NULL UNIQUE) NOT NULL) as "%11"."%11", "sys"."sql_add"("%24"."%24" UNIQUE, "sys"."sql_mul"(tinyint(3) "3", "%16"."%16" NOT NULL UNIQUE) NOT NULL) as "%12"."%12" ]
) [ "%7"."%7" NOT NULL UNIQUE, "%10"."%10", "%11"."%11", "%12"."%12" ]

query III nosort
SELECT 10*sum(5 - x) as aa, sum(x + 12) + 15 as bb, count(*) as cc FROM (VALUES (1),(2),(3),(4),(5)) x(x)
----
100
90
5

query T nosort
PLAN SELECT 10*sum(5 - x) as aa, sum(x + 12) * 2 as bb, count(*) as cc FROM (VALUES (1),(2),(3),(4),(5)) x(x)
----
project (
| project (
| | group by (
| | |  [  [ tinyint(3) "1", tinyint(3) "2", tinyint(3) "3", tinyint(3) "4", tinyint(3) "5" ] as "x"."x" ]
| | ) [  ] [ "sys"."sum" no nil ("x"."x" NOT NULL) NOT NULL UNIQUE as "%15"."%15", "%15"."%15" as "%17"."%17", "sys"."count"() NOT NULL UNIQUE as "%11"."%11" ]
| ) [ "%11"."%11" NOT NULL UNIQUE, "sys"."sql_sub"("sys"."sql_mul"(tinyint(4) "5", "%11"."%11" NOT NULL UNIQUE) NOT NULL, "%15"."%15" NOT NULL UNIQUE) NOT NULL as "%7"."%7", "sys"."sql_add"("%17"."%17" UNIQUE, "sys"."sql_mul"(tinyint(5) "12", "%11"."%11" NOT NULL UNIQUE) NOT NULL) as "%10"."%10" ]
) [ "sys"."sql_mul"(tinyint(4) "10", "%7"."%7" NOT NULL) NOT NULL as "aa", "sys"."sql_mul"("%10"."%10", tinyint(2) "2") as "bb", "%11"."%11" NOT NULL UNIQUE as "cc" ]

query II nosort
SELECT sum(5 - x), count(*) FROM (VALUES (1),(2),(3),(4),(5)) x(x)
----
10
5

query III nosort
SELECT 10*sum(5 - x), sum(x), count(*) FROM (VALUES (1),(2),(3),(4),(5)) x(x)
----
100
15
5

query I nosort
SELECT sum((x + x) + 2) FROM (VALUES (1),(2),(3),(4),(5)) x(x)
----
40

query T nosort
PLAN SELECT sum((x + x) + 2) FROM (VALUES (1),(2),(3),(4),(5)) x(x)
----
project (
| project (
| | group by (
| | | project (
| | | |  [  [ tinyint(3) "1", tinyint(3) "2", tinyint(3) "3", tinyint(3) "4", tinyint(3) "5" ] as "x"."x" ]
| | | ) [ smallint(9)["sys"."sql_add"("x"."x" NOT NULL, "x"."x" NOT NULL) NOT NULL] NOT NULL as "%11"."%11" ]
| | ) [  ] [ "sys"."sum" no nil ("%11"."%11" NOT NULL) NOT NULL UNIQUE as "%14"."%14", "sys"."count"() NOT NULL UNIQUE as "%12"."%12" ]
| ) [ "sys"."sql_add"("%14"."%14" NOT NULL UNIQUE, "sys"."sql_mul"(smallint(9) "2", "%12"."%12" NOT NULL UNIQUE) NOT NULL) NOT NULL as "%7"."%7" ]
) [ "%7"."%7" NOT NULL ]

query I nosort
SELECT sum(CASE x.x WHEN 1 THEN 1 END + 2) FROM (select distinct 1) x(x)
UNION ALL
SELECT sum(CASE x.x WHEN 1 THEN 1 END + 2) FROM (select distinct 1) x(x)
----
3
3

query I nosort
SELECT sum(y.y) FROM (SELECT DISTINCT x + 1 FROM (SELECT 1) x(x)) y(y)
----
2

