query I rowsort
values (1)
----
1

query I rowsort
values (NULL)
----
NULL

query III rowsort
values (1,2,3)
----
1
2
3

query III rowsort
values (1,2,3), (4,NULL,6), (7,8,NULL)
----
1
2
3
4
NULL
6
7
8
NULL

statement error
values ()

statement error
values (default)

statement error
values (1,2), (1), (3,3)

statement error
values (1), ('ok')

query I rowsort
values (1) union values (3)
----
1
3

query II rowsort
values (1,1) union values (1,1)
----
1
1

query III rowsort
values (1,2,3) union all values (1,2,3)
----
1
2
3
1
2
3

query I rowsort
values (3), (2) intersect values (3)
----
3

query III rowsort
values (1,2,3), (4,5,6) except select 1,2,4
----
1
2
3
4
5
6

query III rowsort
values (1,2,3), (4,5,6) except select 1,2,3
----
4
5
6

query TT rowsort
select 'a', 'c' union select 'b', 'c' except values ('a', 'c'), ('b', 'c')
----

query TT rowsort
select 'a', 'c' union select 'b', 'c' except values ('a', 'c'), ('b', 'd')
----
b
c

query I rowsort
with t1(a,b) as (values (1,2), (3,5)) select t1.b from t1 where a > 1
----
5

query IIII rowsort
with t1(a,b) as (values (1,1), (2,2)),
     t2(a,b) as (values (2,4), (3,3))
     select * from t1 inner join t2 on t1.a = t2.a
----
2
2
2
4

statement error
with t1(a,b) as (values (1,1), (2,2)),
     t2(a,b) as (values (2,4), (3,3,5))
     select * from t1 inner join t2 on t1.a = t2.a; --error

statement error
with t1(a,b) as (select 1) select * from t1

query I rowsort
with t1 as (select 1) values (2)
----
2

statement error
with t1 as (select 1) values (3,4,5,6,7,'ok'), (6,8,1,2,'still','ok')

statement error
create function foo() returns table (aa int, bb int) begin return table(values (1,2), (3)); end

statement ok
create function foo() returns table (aa int, bb int) begin return table(values (1,2)); end

query II rowsort
select aa, bb + 1 from foo()
----
1
3

query I rowsort
select cc from foo() as bar(cc, dd)
----
1

statement ok
drop function foo

query T rowsort
values (date '2010-01-01'), (timestamp '2010-01-01 10:00:00')
----
2010-01-01 00:00:00
2010-01-01 10:00:00

query T rowsort
values (timestamp '2010-01-01 10:00:00'), (date '2010-01-01')
----
2010-01-01 00:00:00
2010-01-01 10:00:00

statement error
values (time '10:00:00'), (timestamp '2010-01-01 10:00:00')

statement error
values (timestamp '2010-01-01 10:00:00'), (time '10:00:00')

statement error
values (timestamp '2010-01-01 10:00:00'), (time '10:00:00'), (date '2010-01-01')

