statement ok
CREATE MERGE TABLE testagain (a int, b varchar(32)) PARTITION BY VALUES ON (a)

statement ok
CREATE TABLE sublimits1 (a int, b varchar(32))

statement ok
CREATE TABLE sublimits2 (a int, b varchar(32))

statement ok
CREATE FUNCTION addone(a int) RETURNS INT BEGIN RETURN a + 1; END

statement ok
CREATE FUNCTION addtwo(a tinyint) RETURNS TINYINT BEGIN RETURN a + 2; END

statement ok
ALTER TABLE testagain ADD TABLE sublimits1 AS PARTITION IN (2, -2, addone(0), 1 + 2)

statement error
ALTER TABLE testagain ADD TABLE sublimits2 AS PARTITION IN (addone(10), addone(9) + 1)

statement error
ALTER TABLE testagain ADD TABLE sublimits2 AS PARTITION IN (50, '60', addone(0))

statement ok
ALTER TABLE testagain ADD TABLE sublimits2 AS PARTITION IN (-100 * 2, '-90', '120', addtwo(55), 11.2)

query T rowsort
SELECT "value" FROM value_partitions
----
-2
-200
-90
1
11
120
2
3
57

statement ok
ALTER TABLE testagain DROP TABLE sublimits1

statement ok
ALTER TABLE testagain DROP TABLE sublimits2

query T rowsort
SELECT "value" FROM value_partitions
----

statement ok
DROP TABLE testagain

statement ok
DROP TABLE sublimits1

statement ok
DROP TABLE sublimits2

statement ok
CREATE MERGE TABLE testing (a int, b varchar(32)) PARTITION BY RANGE USING (a - 2)

statement ok
CREATE TABLE sublimits1 (a int, b varchar(32))

statement ok
CREATE TABLE sublimits2 (a int, b varchar(32))

statement ok
ALTER TABLE testing ADD TABLE sublimits1 AS PARTITION FROM 28 + 2 TO 72 - 2

statement error
ALTER TABLE testing ADD TABLE sublimits2 AS PARTITION FROM 100 - 31 TO 440 + 98

statement ok
ALTER TABLE testing ADD TABLE sublimits2 AS PARTITION FROM addone(70) TO addtwo(98)

query TT rowsort
SELECT "minimum", "maximum" FROM range_partitions
----
30
70
71
100

statement ok
ALTER TABLE testing DROP TABLE sublimits1

statement ok
ALTER TABLE testing DROP TABLE sublimits2

query TT rowsort
SELECT "minimum", "maximum" FROM range_partitions
----

statement ok
DROP TABLE testing

statement ok
DROP TABLE sublimits1

statement ok
DROP TABLE sublimits2

statement ok
DROP FUNCTION addone

statement ok
DROP FUNCTION addtwo

