statement ok
CREATE MERGE TABLE testme (a int, b varchar(32)) PARTITION BY RANGE ON (a)

statement ok
CREATE TABLE sublimits1 (a int, b varchar(32))

statement ok
CREATE TABLE sublimits2 (a int, b varchar(32))

statement ok
ALTER TABLE testme ADD TABLE sublimits1 AS PARTITION FROM '-200' TO '300'

statement ok
ALTER TABLE testme ADD TABLE sublimits2 AS PARTITION FROM '301' TO '500'

statement ok rowcount 4
INSERT INTO testme VALUES (-150, 'first'), (103, 'second'), (450, 'third'), (301, 'fourth')

statement ok rowcount 4
UPDATE testme SET b = 'b' || b || 'e'

statement error
UPDATE testme SET a = a + 1

statement ok rowcount 2
UPDATE sublimits1 SET b = 'a' || b || 'f'

statement error
UPDATE sublimits1 SET a = a * 3

statement ok rowcount 2
UPDATE sublimits2 SET b = 'a' || b || 'f'

statement error
UPDATE sublimits2 SET a = a * 3

query IT rowsort
SELECT a, b FROM testme
----
-150
abfirstef
103
absecondef
301
abfourthef
450
abthirdef

query IT rowsort
SELECT a, b FROM sublimits1
----
-150
abfirstef
103
absecondef

query IT rowsort
SELECT a, b FROM sublimits2
----
301
abfourthef
450
abthirdef

statement ok
ALTER TABLE testme DROP TABLE sublimits1

statement ok
ALTER TABLE testme DROP TABLE sublimits2

statement ok
DROP TABLE sublimits1

statement ok
DROP TABLE sublimits2

statement ok
DROP TABLE testme

