statement ok
CREATE MERGE TABLE listparts (a int, b varchar(32)) PARTITION BY RANGE ON (a)

statement ok
CREATE TABLE subtable1 (a int, b varchar(32))

statement ok
CREATE TABLE subtable2 (a int, b varchar(32))

statement ok
START TRANSACTION

statement ok
ALTER TABLE listparts ADD TABLE subtable1 AS PARTITION FROM '-4' TO '12'

query I rowsort
SELECT COUNT(*) from range_partitions
----
1

statement ok
ROLLBACK

statement ok rowcount 1
INSERT INTO subtable2 VALUES (1, 'hello')

query I rowsort
SELECT COUNT(*) from range_partitions
----
0

statement ok
ALTER TABLE listparts ADD TABLE subtable2 AS PARTITION FROM '-4' TO '12'

query I rowsort
SELECT COUNT(*) from range_partitions
----
1

statement ok
ALTER TABLE listparts DROP TABLE subtable2

statement ok rowcount 1
INSERT INTO subtable2 VALUES (-5, 'oh no')

statement error
ALTER TABLE listparts ADD TABLE subtable2 AS PARTITION FROM '-1' TO 12000

query I rowsort
SELECT COUNT(*) from range_partitions
----
0

statement ok
DROP TABLE listparts

statement ok
DROP TABLE subtable1

statement ok
DROP TABLE subtable2

