statement ok
CREATE MERGE TABLE testtime (t timestamp, b int) PARTITION BY RANGE ON (t)

statement ok
CREATE TABLE onedecade (t timestamp, b int)

statement ok
CREATE TABLE twodecades (t timestamp, b int)

statement ok
CREATE TABLE threedecades (t timestamp, b int)

statement ok
CREATE TABLE fourdecades (t timestamp, b int)

statement ok
ALTER TABLE testtime ADD TABLE onedecade AS PARTITION FROM timestamp '2000-01-01 00:00:00' TO timestamp '2009-12-12 23:59:59'

statement ok
ALTER TABLE testtime ADD TABLE twodecades AS PARTITION FROM timestamp '2010-01-01 00:00:00' TO timestamp '2019-12-12 23:59:59'

statement error
ALTER TABLE testtime ADD TABLE threedecades AS PARTITION FROM timestamp '2005-02-13 01:08:10' TO timestamp '2006-12-12 23:59:59'

statement error
ALTER TABLE testtime ADD TABLE threedecades AS PARTITION FROM timestamp '1999-01-01 14:06:01' TO timestamp '2021-07-31 13:09:56'

statement error
ALTER TABLE testtime ADD TABLE threedecades AS PARTITION FROM timestamp '2008-03-12 19:24:50' TO timestamp '2018-07-31 05:01:47'

statement ok
ALTER TABLE testtime ADD TABLE threedecades AS PARTITION FROM timestamp '2020-01-01 00:00:00' TO timestamp '2029-12-12 23:59:59' WITH NULL VALUES

statement ok rowcount 5
INSERT INTO testtime VALUES (timestamp '2000-01-01 00:00:00', 1), (timestamp '2002-12-03 20:00:00', 2),
(timestamp '2012-05-12 21:01:00', 3), (timestamp '2019-12-12 23:59:58', 4), (NULL, 5)

statement error
INSERT INTO testtime VALUES (timestamp '2019-12-12 23:59:59', 4)

query TI rowsort
SELECT t, b FROM testtime
----
2000-01-01 00:00:00
1
2002-12-03 20:00:00
2
2012-05-12 21:01:00
3
2019-12-12 23:59:58
4
NULL
5

query TI rowsort
SELECT t, b FROM onedecade
----
2000-01-01 00:00:00
1
2002-12-03 20:00:00
2

query TI rowsort
SELECT t, b FROM twodecades
----
2012-05-12 21:01:00
3
2019-12-12 23:59:58
4

query TI rowsort
SELECT t, b FROM threedecades
----
NULL
5

statement error
INSERT INTO onedecade VALUES (timestamp '1972-02-13 01:00:00', 1000), (timestamp '2005-02-13 01:00:00', 2000)

statement ok rowcount 1
INSERT INTO onedecade VALUES (timestamp '2007-03-14 04:06:10', 2000)

query TI rowsort
SELECT t, b FROM testtime
----
2000-01-01 00:00:00
1
2002-12-03 20:00:00
2
2007-03-14 04:06:10
2000
2012-05-12 21:01:00
3
2019-12-12 23:59:58
4
NULL
5

query TI rowsort
SELECT t, b FROM onedecade
----
2000-01-01 00:00:00
1
2002-12-03 20:00:00
2
2007-03-14 04:06:10
2000

query TI rowsort
SELECT t, b FROM twodecades
----
2012-05-12 21:01:00
3
2019-12-12 23:59:58
4

query TI rowsort
SELECT t, b FROM threedecades
----
NULL
5

statement error
ALTER TABLE testtime ADD TABLE fourdecades AS PARTITION FROM timestamp '2030-01-01 00:00:00' TO RANGE MAXVALUE WITH NULL VALUES

statement ok
ALTER TABLE testtime ADD TABLE fourdecades AS PARTITION FROM timestamp '2030-01-01 00:00:00' TO RANGE MAXVALUE

statement error
INSERT INTO testtime VALUES (timestamp '1950-11-24 10:12:01', 1234)

statement ok
INSERT INTO testtime VALUES (timestamp '3300-10-10 22:12:00', 3300), (timestamp '2030-01-01 00:00:00', 2033),
(timestamp '2002-02-02 02:02:02', 2222)

statement error
INSERT INTO fourdecades VALUES (timestamp '2014-04-04 05:21:13', 1000)

statement ok
INSERT INTO fourdecades VALUES (timestamp '2054-05-18 02:51:16', 2000)

query TI rowsort
SELECT t, b FROM testtime
----
2000-01-01 00:00:00
1
2002-02-02 02:02:02
2222
2002-12-03 20:00:00
2
2007-03-14 04:06:10
2000
2012-05-12 21:01:00
3
2019-12-12 23:59:58
4
2030-01-01 00:00:00
2033
2054-05-18 02:51:16
2000
3300-10-10 22:12:00
3300
NULL
5

query TI rowsort
SELECT t, b FROM onedecade
----
2000-01-01 00:00:00
1
2002-02-02 02:02:02
2222
2002-12-03 20:00:00
2
2007-03-14 04:06:10
2000

query TI rowsort
SELECT t, b FROM twodecades
----
2012-05-12 21:01:00
3
2019-12-12 23:59:58
4

query TI rowsort
SELECT t, b FROM threedecades
----
NULL
5

query TI rowsort
SELECT t, b FROM fourdecades
----
2030-01-01 00:00:00
2033
2054-05-18 02:51:16
2000
3300-10-10 22:12:00
3300

statement ok
ALTER TABLE testtime DROP TABLE onedecade

statement ok
ALTER TABLE testtime DROP TABLE twodecades

statement ok
ALTER TABLE testtime DROP TABLE threedecades

statement ok
ALTER TABLE testtime DROP TABLE fourdecades

statement ok
DROP TABLE onedecade

statement ok
DROP TABLE twodecades

statement ok
DROP TABLE threedecades

statement ok
DROP TABLE fourdecades

statement ok
DROP TABLE testtime

