statement ok
CREATE MERGE TABLE listparts (a int, b varchar(32)) PARTITION BY VALUES ON (a)

query I rowsort
SELECT COUNT(*) from range_partitions
----
0

query I rowsort
SELECT COUNT(*) from value_partitions
----
0

statement ok
CREATE TABLE subtable1 (a int, b varchar(32))

statement ok
ALTER TABLE listparts ADD TABLE subtable1 AS PARTITION IN ('1', '2', '3')

query I rowsort
SELECT COUNT(*) from range_partitions
----
0

query I rowsort
SELECT COUNT(*) from value_partitions
----
3

statement ok
CREATE TABLE subtable2 (a int, b varchar(32))

statement error 42000!ALTER TABLE: cannot add a range partition into a LIST PARTITION TABLE
ALTER TABLE listparts ADD TABLE subtable2 AS PARTITION FROM 5 TO 10

statement error 42000!ALTER TABLE: the new partition is conflicting with the existing partition sys.subtable1
ALTER TABLE listparts ADD TABLE subtable2 AS PARTITION IN ('3', '4', '5')

statement ok
ALTER TABLE listparts ADD TABLE subtable2 AS PARTITION IN ('5', '6', '7')

query I rowsort
SELECT COUNT(*) from range_partitions
----
0

query I rowsort
SELECT COUNT(*) from value_partitions
----
6

statement error 42000!DROP TABLE: unable to drop table subtable1 (there are database objects which depend on it)
DROP TABLE subtable1

statement ok
ALTER TABLE listparts DROP TABLE subtable1

statement ok
ALTER TABLE listparts DROP TABLE subtable2

statement ok
DROP TABLE listparts

statement ok
DROP TABLE subtable1

statement ok
DROP TABLE subtable2

query I rowsort
SELECT COUNT(*) from range_partitions
----
0

query I rowsort
SELECT COUNT(*) from value_partitions
----
0

