statement ok
CREATE MERGE TABLE testme (a int, b varchar(32)) PARTITION BY RANGE ON (a)

statement ok
CREATE TABLE sublimits1 (a int, b varchar(32))

statement ok
CREATE TABLE sublimits2 (a int, b varchar(32))

statement ok rowcount 1
INSERT INTO sublimits1 VALUES (0, 'dummy')

statement error
ALTER TABLE testme ADD TABLE sublimits1 AS PARTITION FOR NULL VALUES

statement ok rowcount 1
TRUNCATE sublimits1

statement ok
ALTER TABLE testme ADD TABLE sublimits1 AS PARTITION FOR NULL VALUES

statement ok rowcount 2
INSERT INTO testme VALUES (NULL, 'first'), (NULL, NULL)

statement ok rowcount 2
INSERT INTO sublimits1 VALUES (NULL, 'second'), (NULL, NULL)

statement error
INSERT INTO testme VALUES (2, 'third')

statement error
INSERT INTO sublimits1 VALUES (2, 'third')

query IT rowsort
SELECT a, b FROM testme
----
NULL
NULL
NULL
NULL
NULL
first
NULL
second

query IT rowsort
SELECT a, b FROM sublimits1
----
NULL
NULL
NULL
NULL
NULL
first
NULL
second

statement error
ALTER TABLE testme ADD TABLE sublimits2 AS PARTITION FOR NULL VALUES

statement error
ALTER TABLE testme ADD TABLE sublimits2 AS PARTITION FROM '301' TO '500' WITH NULL VALUES

statement ok
ALTER TABLE testme ADD TABLE sublimits2 AS PARTITION FROM '301' TO '500'

statement ok rowcount 3
INSERT INTO testme VALUES (NULL, 'fourth'), (303, 'null'), (NULL, 'fifth')

query IT rowsort
SELECT a, b FROM testme
----
303
null
NULL
NULL
NULL
NULL
NULL
fifth
NULL
first
NULL
fourth
NULL
second

query IT rowsort
SELECT a, b FROM sublimits1
----
NULL
NULL
NULL
NULL
NULL
fifth
NULL
first
NULL
fourth
NULL
second

query IT rowsort
SELECT a, b FROM sublimits2
----
303
null

statement ok
ALTER TABLE testme DROP TABLE sublimits1

statement ok
ALTER TABLE testme DROP TABLE sublimits2

statement ok
DROP TABLE sublimits1

statement ok
DROP TABLE sublimits2

statement ok
DROP TABLE testme

