statement ok
CREATE MERGE TABLE testrangelimits (a int, b varchar(32)) PARTITION BY RANGE ON (a)

statement ok
CREATE TABLE sublimits1 (a int, b varchar(32))

statement ok
CREATE TABLE sublimits2 (a int, b varchar(32))

statement ok
CREATE TABLE sublimits3 (a int, b varchar(32))

statement ok
CREATE TABLE sublimits4 (a int, b varchar(32))

statement ok
CREATE TABLE sublimits5 (a int, b varchar(32))

statement ok
ALTER TABLE testrangelimits ADD TABLE sublimits1 AS PARTITION FROM 0 TO 100

statement ok rowcount 1
INSERT INTO testrangelimits VALUES (1, 'first')

statement error M0M29!INSERT: the insert violates the partition range (NB higher limit exclusive) of values
INSERT INTO testrangelimits VALUES (1000, 'ups')

statement ok
ALTER TABLE testrangelimits ADD TABLE sublimits2 AS PARTITION FROM 101 TO 200

statement ok
ALTER TABLE testrangelimits ADD TABLE sublimits3 AS PARTITION FROM 401 TO 500 WITH NULL VALUES

statement ok
ALTER TABLE testrangelimits ADD TABLE sublimits4 AS PARTITION FROM 500 TO 600

statement error 42000!ALTER TABLE: conflicting partitions: -1 to 1 and 0 to 100 from table sys.sublimits1
ALTER TABLE testrangelimits ADD TABLE sublimits5 AS PARTITION FROM -1 TO 1

statement ok rowcount 3
INSERT INTO testrangelimits VALUES (1, 'a'), (101, 'b'), (401, 'c')

statement ok rowcount 1
INSERT INTO testrangelimits VALUES (50, 'more')

statement ok rowcount 1
INSERT INTO testrangelimits VALUES (171, 'test')

statement ok rowcount 4
INSERT INTO testrangelimits VALUES (401, 'another'), (NULL, 'test'), (450, 'to'), (499, 'pass')

statement error M0M29!INSERT: the insert violates the partition range (NB higher limit exclusive) of values
INSERT INTO testrangelimits VALUES (201, 'oh no')

statement error M0M29!INSERT: the insert violates the partition range (NB higher limit exclusive) of values
INSERT INTO testrangelimits VALUES (444, 'another'), (305, 'error'), (4, 'happening')

statement ok rowcount 1
INSERT INTO sublimits1 VALUES (2, 'another')

statement ok rowcount 1
INSERT INTO sublimits2 VALUES (102, 'successful')

statement ok rowcount 1
INSERT INTO sublimits3 VALUES (NULL, 'attempt')

statement error M0M29!INSERT: table sys.sublimits3 is part of merge table sys.testrangelimits and the insert violates the partition range of values
INSERT INTO sublimits3 VALUES (2, 'will')

statement error M0M29!INSERT: table sys.sublimits1 is part of merge table sys.testrangelimits and the insert violates the partition range of values
INSERT INTO sublimits1 VALUES (202, 'fail')

statement error M0M29!INSERT: table sys.sublimits2 is part of merge table sys.testrangelimits and the insert violates the partition range of values
INSERT INTO sublimits2 VALUES (NULL, 'again')

query IT rowsort
SELECT a,b FROM testrangelimits
----
1
a
1
first
101
b
102
successful
171
test
2
another
401
another
401
c
450
to
499
pass
50
more
NULL
attempt
NULL
test

query IT rowsort
SELECT a,b FROM sublimits1
----
1
a
1
first
2
another
50
more

query IT rowsort
SELECT a,b FROM sublimits2
----
101
b
102
successful
171
test

query IT rowsort
SELECT a,b FROM sublimits3
----
401
another
401
c
450
to
499
pass
NULL
attempt
NULL
test

query IT rowsort
SELECT a,b FROM sublimits4
----

statement ok
ALTER TABLE testrangelimits DROP TABLE sublimits1

statement ok
ALTER TABLE testrangelimits DROP TABLE sublimits2

statement ok
ALTER TABLE testrangelimits DROP TABLE sublimits3

statement ok
ALTER TABLE testrangelimits DROP TABLE sublimits4

statement ok
DROP TABLE testrangelimits

statement ok
DROP TABLE sublimits1

statement ok
DROP TABLE sublimits2

statement ok
DROP TABLE sublimits3

statement ok
DROP TABLE sublimits4

statement ok
DROP TABLE sublimits5

