statement ok
START TRANSACTION

statement ok
CREATE MERGE TABLE splitted (stamp TIMESTAMP, val INT) PARTITION BY RANGE ON (stamp)

statement ok
CREATE TABLE first_decade (stamp TIMESTAMP, val INT)

statement ok
CREATE TABLE second_decade (stamp TIMESTAMP, val INT)

statement ok
CREATE TABLE third_decade (stamp TIMESTAMP, val INT)

statement ok
ALTER TABLE splitted ADD TABLE first_decade AS PARTITION FROM TIMESTAMP '2000-01-01 00:00:00' TO TIMESTAMP '2010-01-01 00:00:00'

statement ok
ALTER TABLE splitted ADD TABLE second_decade AS PARTITION FROM TIMESTAMP '2010-01-01 00:00:00' TO TIMESTAMP '2020-01-01 00:00:00'

statement ok
ALTER TABLE splitted ADD TABLE third_decade AS PARTITION FROM TIMESTAMP '2020-01-01 00:00:00' TO RANGE MAXVALUE WITH NULL VALUES

statement ok rowcount 4
INSERT INTO splitted VALUES (TIMESTAMP '2000-01-01 00:00:00', 1), (TIMESTAMP '2002-12-03 20:00:00', 2), (TIMESTAMP '2012-05-12 21:01:00', 3), (TIMESTAMP '2019-12-12 23:59:59', 4)

statement ok rowcount 2
INSERT INTO splitted VALUES (TIMESTAMP '2020-01-01 00:00:00', 5), (NULL, 6)

query T nosort
plan select 1 from splitted where stamp = TIMESTAMP '2020-01-01 00:00:00'
----
project (
| select (
| | table("sys"."third_decade") [ "third_decade"."stamp" as "splitted"."stamp" ] COUNT 
| ) [ "splitted"."stamp" = timestamp(7) "2020-01-01 00:00:00.000000" ]
) [ tinyint "1" ]

query T nosort
plan select 1 from splitted where stamp IN (TIMESTAMP '2000-01-01 00:00:00', TIMESTAMP '2000-02-01 00:00:00')
----
project (
| select (
| | table("sys"."first_decade") [ "first_decade"."stamp" as "splitted"."stamp" ] COUNT 
| ) [ "splitted"."stamp" in (timestamp(7) "2000-01-01 00:00:00.000000" as "%2"."%2", timestamp(7) "2000-02-01 00:00:00.000000" as "%3"."%3") ]
) [ tinyint "1" ]

query T nosort
plan select 1 from splitted where stamp IN (TIMESTAMP '2000-01-01 00:00:00', TIMESTAMP '2010-01-01 00:00:00')
----
union (
| project (
| | select (
| | | table("sys"."first_decade") [ "first_decade"."stamp" as "splitted"."stamp" ] COUNT 
| | ) [ "splitted"."stamp" in (timestamp(7) "2000-01-01 00:00:00.000000" as "%2"."%2", timestamp(7) "2010-01-01 00:00:00.000000" as "%3"."%3") ]
| ) [ tinyint "1" ],
| project (
| | select (
| | | table("sys"."second_decade") [ "second_decade"."stamp" as "splitted"."stamp" ] COUNT 
| | ) [ "splitted"."stamp" in (timestamp(7) "2000-01-01 00:00:00.000000" as "%2"."%2", timestamp(7) "2010-01-01 00:00:00.000000" as "%3"."%3") ]
| ) [ tinyint "1" ]
) [ "%10"."%10" NOT NULL ]

query T nosort
plan select 1 from splitted where stamp IN (TIMESTAMP '2000-02-01 00:00:00', TIMESTAMP '2010-02-01 00:00:00', TIMESTAMP '2020-02-01 00:00:00')
----
union (
| union (
| | project (
| | | select (
| | | | table("sys"."first_decade") [ "first_decade"."stamp" as "splitted"."stamp" ] COUNT 
| | | ) [ "splitted"."stamp" in (timestamp(7) "2000-02-01 00:00:00.000000" as "%2"."%2", timestamp(7) "2010-02-01 00:00:00.000000" as "%3"."%3", timestamp(7) "2020-02-01 00:00:00.000000" as "%4"."%4") ]
| | ) [ tinyint "1" ],
| | project (
| | | select (
| | | | table("sys"."second_decade") [ "second_decade"."stamp" as "splitted"."stamp" ] COUNT 
| | | ) [ "splitted"."stamp" in (timestamp(7) "2000-02-01 00:00:00.000000" as "%2"."%2", timestamp(7) "2010-02-01 00:00:00.000000" as "%3"."%3", timestamp(7) "2020-02-01 00:00:00.000000" as "%4"."%4") ]
| | ) [ tinyint "1" ]
| ) [ "%15"."%15" NOT NULL ],
| project (
| | select (
| | | table("sys"."third_decade") [ "third_decade"."stamp" as "splitted"."stamp" ] COUNT 
| | ) [ "splitted"."stamp" in (timestamp(7) "2000-02-01 00:00:00.000000" as "%2"."%2", timestamp(7) "2010-02-01 00:00:00.000000" as "%3"."%3", timestamp(7) "2020-02-01 00:00:00.000000" as "%4"."%4") ]
| ) [ tinyint "1" ]
) [ "%14"."%14" NOT NULL ]

query T nosort
plan select 1 from splitted where stamp BETWEEN TIMESTAMP '2020-01-01 00:00:00' AND TIMESTAMP '2020-10-01 00:00:00'
----
project (
| select (
| | table("sys"."third_decade") [ "third_decade"."stamp" as "splitted"."stamp" ] COUNT 
| ) [ timestamp(7) "2020-01-01 00:00:00.000000" <= "splitted"."stamp" <= timestamp(7) "2020-10-01 00:00:00.000000" BETWEEN  ]
) [ tinyint "1" ]

query T nosort
plan select 1 from splitted where stamp NOT BETWEEN TIMESTAMP '2020-01-01 00:00:00' AND TIMESTAMP '2020-10-01 00:00:00'
----
union (
| project (
| | select (
| | | table("sys"."first_decade") [ "first_decade"."stamp" as "splitted"."stamp" ] COUNT 
| | ) [ timestamp(7) "2020-01-01 00:00:00.000000" ! <= "splitted"."stamp" ! <= timestamp(7) "2020-10-01 00:00:00.000000" BETWEEN  ]
| ) [ tinyint "1" ],
| project (
| | select (
| | | table("sys"."second_decade") [ "second_decade"."stamp" as "splitted"."stamp" ] COUNT 
| | ) [ timestamp(7) "2020-01-01 00:00:00.000000" ! <= "splitted"."stamp" ! <= timestamp(7) "2020-10-01 00:00:00.000000" BETWEEN  ]
| ) [ tinyint "1" ]
) [ "%5"."%5" NOT NULL ]

query T nosort
plan select 1 from splitted where stamp BETWEEN TIMESTAMP '2010-01-01 00:00:00' AND TIMESTAMP '2020-03-01 00:00:00'
----
union (
| project (
| | select (
| | | table("sys"."second_decade") [ "second_decade"."stamp" as "splitted"."stamp" ] COUNT 
| | ) [ timestamp(7) "2010-01-01 00:00:00.000000" <= "splitted"."stamp" <= timestamp(7) "2020-03-01 00:00:00.000000" BETWEEN  ]
| ) [ tinyint "1" ],
| project (
| | select (
| | | table("sys"."third_decade") [ "third_decade"."stamp" as "splitted"."stamp" ] COUNT 
| | ) [ timestamp(7) "2010-01-01 00:00:00.000000" <= "splitted"."stamp" <= timestamp(7) "2020-03-01 00:00:00.000000" BETWEEN  ]
| ) [ tinyint "1" ]
) [ "%5"."%5" NOT NULL ]

query T nosort
plan select 1 from splitted where stamp BETWEEN TIMESTAMP '2000-02-01 00:00:00' AND TIMESTAMP '2020-03-01 00:00:00'
----
union (
| union (
| | project (
| | | select (
| | | | table("sys"."first_decade") [ "first_decade"."stamp" as "splitted"."stamp" ] COUNT 
| | | ) [ timestamp(7) "2000-02-01 00:00:00.000000" <= "splitted"."stamp" <= timestamp(7) "2020-03-01 00:00:00.000000" BETWEEN  ]
| | ) [ tinyint "1" ],
| | project (
| | | select (
| | | | table("sys"."second_decade") [ "second_decade"."stamp" as "splitted"."stamp" ] COUNT 
| | | ) [ timestamp(7) "2000-02-01 00:00:00.000000" <= "splitted"."stamp" <= timestamp(7) "2020-03-01 00:00:00.000000" BETWEEN  ]
| | ) [ tinyint "1" ]
| ) [ "%11"."%11" NOT NULL ],
| project (
| | select (
| | | table("sys"."third_decade") [ "third_decade"."stamp" as "splitted"."stamp" ] COUNT 
| | ) [ timestamp(7) "2000-02-01 00:00:00.000000" <= "splitted"."stamp" <= timestamp(7) "2020-03-01 00:00:00.000000" BETWEEN  ]
| ) [ tinyint "1" ]
) [ "%10"."%10" NOT NULL ]

query T nosort
plan select 1 from splitted where stamp NOT BETWEEN TIMESTAMP '2000-02-01 00:00:00' AND TIMESTAMP '2020-03-01 00:00:00'
----
project (
| select (
| |  [ boolean "true" ]
| ) [ boolean "false" ]
) [ tinyint "1" ]

query TI rowsort
select * from splitted where stamp NOT BETWEEN TIMESTAMP '2000-02-01 00:00:00' AND TIMESTAMP '2020-03-01 00:00:00'
----

query T nosort
plan select 1 from splitted where stamp > TIMESTAMP '2010-03-01 00:00:00'
----
union (
| project (
| | select (
| | | table("sys"."second_decade") [ "second_decade"."stamp" as "splitted"."stamp" ] COUNT 
| | ) [ "splitted"."stamp" > timestamp(7) "2010-03-01 00:00:00.000000" ]
| ) [ tinyint "1" ],
| project (
| | select (
| | | table("sys"."third_decade") [ "third_decade"."stamp" as "splitted"."stamp" ] COUNT 
| | ) [ "splitted"."stamp" > timestamp(7) "2010-03-01 00:00:00.000000" ]
| ) [ tinyint "1" ]
) [ "%5"."%5" NOT NULL ]

query T nosort
plan select 1 from splitted where stamp <= TIMESTAMP '2009-01-01 00:00:00'
----
project (
| select (
| | table("sys"."first_decade") [ "first_decade"."stamp" as "splitted"."stamp" ] COUNT 
| ) [ "splitted"."stamp" <= timestamp(7) "2009-01-01 00:00:00.000000" ]
) [ tinyint "1" ]

query T nosort
plan select 1 from splitted where stamp >= TIMESTAMP '2010-01-01 00:00:00' AND stamp < TIMESTAMP '2019-01-01 00:00:00'
----
project (
| select (
| | table("sys"."second_decade") [ "second_decade"."stamp" as "splitted"."stamp" ] COUNT 
| ) [ timestamp(7) "2010-01-01 00:00:00.000000" <= "splitted"."stamp" < timestamp(7) "2019-01-01 00:00:00.000000" BETWEEN  ]
) [ tinyint "1" ]

query T nosort
plan select 1 from splitted where stamp <= TIMESTAMP '2020-10-01 00:00:00'
----
union (
| union (
| | project (
| | | select (
| | | | table("sys"."first_decade") [ "first_decade"."stamp" as "splitted"."stamp" ] COUNT 
| | | ) [ "splitted"."stamp" <= timestamp(7) "2020-10-01 00:00:00.000000" ]
| | ) [ tinyint "1" ],
| | project (
| | | select (
| | | | table("sys"."second_decade") [ "second_decade"."stamp" as "splitted"."stamp" ] COUNT 
| | | ) [ "splitted"."stamp" <= timestamp(7) "2020-10-01 00:00:00.000000" ]
| | ) [ tinyint "1" ]
| ) [ "%11"."%11" NOT NULL ],
| project (
| | select (
| | | table("sys"."third_decade") [ "third_decade"."stamp" as "splitted"."stamp" ] COUNT 
| | ) [ "splitted"."stamp" <= timestamp(7) "2020-10-01 00:00:00.000000" ]
| ) [ tinyint "1" ]
) [ "%10"."%10" NOT NULL ]

query T nosort
plan select 1 from splitted where stamp < TIMESTAMP '2000-01-01 00:00:00'
----
project (
| select (
| |  [ boolean "true" ]
| ) [ boolean "false" ]
) [ tinyint "1" ]

query T nosort
plan select 1 from splitted where stamp <= TIMESTAMP '2000-01-01 00:00:00'
----
project (
| select (
| | table("sys"."first_decade") [ "first_decade"."stamp" as "splitted"."stamp" ] COUNT 
| ) [ "splitted"."stamp" <= timestamp(7) "2000-01-01 00:00:00.000000" ]
) [ tinyint "1" ]

query T nosort
plan select 1 from splitted where stamp is null
----
project (
| select (
| | table("sys"."third_decade") [ "third_decade"."stamp" as "splitted"."stamp" ] COUNT 
| ) [ "splitted"."stamp" * = timestamp(7) "NULL" ]
) [ tinyint "1" ]

query T nosort
plan select 1 from splitted where stamp is null and stamp < TIMESTAMP '2008-01-01 00:00:00'
----
project (
| select (
| |  [ boolean "true" ]
| ) [ boolean "false" ]
) [ tinyint "1" ]

query T nosort
plan select 1 from splitted where stamp > TIMESTAMP '2020-01-01 00:00:00' and stamp <= TIMESTAMP '2020-01-01 00:00:00'
----
project (
| select (
| | table("sys"."third_decade") [ "third_decade"."stamp" as "splitted"."stamp" ] COUNT 
| ) [ timestamp(7) "2020-01-01 00:00:00.000000" < "splitted"."stamp" <= timestamp(7) "2020-01-01 00:00:00.000000" BETWEEN  ]
) [ tinyint "1" ]

query T nosort
plan select 1 from splitted where stamp >= TIMESTAMP '2000-01-01 00:00:00' and stamp < TIMESTAMP '2020-01-01 00:00:00'
----
union (
| project (
| | select (
| | | table("sys"."first_decade") [ "first_decade"."stamp" as "splitted"."stamp" ] COUNT 
| | ) [ timestamp(7) "2000-01-01 00:00:00.000000" <= "splitted"."stamp" < timestamp(7) "2020-01-01 00:00:00.000000" BETWEEN  ]
| ) [ tinyint "1" ],
| project (
| | select (
| | | table("sys"."second_decade") [ "second_decade"."stamp" as "splitted"."stamp" ] COUNT 
| | ) [ timestamp(7) "2000-01-01 00:00:00.000000" <= "splitted"."stamp" < timestamp(7) "2020-01-01 00:00:00.000000" BETWEEN  ]
| ) [ tinyint "1" ]
) [ "%5"."%5" NOT NULL ]

query T nosort
plan select 1 from splitted where stamp > TIMESTAMP '2010-01-01 00:00:00' and stamp < TIMESTAMP '2020-01-01 00:00:00'
----
project (
| select (
| | table("sys"."second_decade") [ "second_decade"."stamp" as "splitted"."stamp" ] COUNT 
| ) [ timestamp(7) "2010-01-01 00:00:00.000000" < "splitted"."stamp" < timestamp(7) "2020-01-01 00:00:00.000000" BETWEEN  ]
) [ tinyint "1" ]

query T nosort
plan select 1 from splitted where stamp >= TIMESTAMP '2010-01-01 00:00:00' and stamp < TIMESTAMP '2020-01-01 00:00:00'
----
project (
| select (
| | table("sys"."second_decade") [ "second_decade"."stamp" as "splitted"."stamp" ] COUNT 
| ) [ timestamp(7) "2010-01-01 00:00:00.000000" <= "splitted"."stamp" < timestamp(7) "2020-01-01 00:00:00.000000" BETWEEN  ]
) [ tinyint "1" ]

query T nosort
plan select 1 from splitted where stamp > TIMESTAMP '2001-01-02 00:00:00' and stamp < TIMESTAMP '2015-01-01 00:00:00'
----
union (
| project (
| | select (
| | | table("sys"."first_decade") [ "first_decade"."stamp" as "splitted"."stamp" ] COUNT 
| | ) [ timestamp(7) "2001-01-02 00:00:00.000000" < "splitted"."stamp" < timestamp(7) "2015-01-01 00:00:00.000000" BETWEEN  ]
| ) [ tinyint "1" ],
| project (
| | select (
| | | table("sys"."second_decade") [ "second_decade"."stamp" as "splitted"."stamp" ] COUNT 
| | ) [ timestamp(7) "2001-01-02 00:00:00.000000" < "splitted"."stamp" < timestamp(7) "2015-01-01 00:00:00.000000" BETWEEN  ]
| ) [ tinyint "1" ]
) [ "%5"."%5" NOT NULL ]

query T nosort
plan select 1 from splitted where stamp > TIMESTAMP '2010-01-01 00:00:00' and stamp < TIMESTAMP '2010-01-01 00:00:00'
----
project (
| select (
| |  [ boolean "true" ]
| ) [ boolean "false" ]
) [ tinyint "1" ]

query T nosort
plan select 1 from splitted where stamp > TIMESTAMP '2009-01-01 00:00:00' and stamp <= TIMESTAMP '2010-01-01 00:00:00'
----
union (
| project (
| | select (
| | | table("sys"."first_decade") [ "first_decade"."stamp" as "splitted"."stamp" ] COUNT 
| | ) [ timestamp(7) "2009-01-01 00:00:00.000000" < "splitted"."stamp" <= timestamp(7) "2010-01-01 00:00:00.000000" BETWEEN  ]
| ) [ tinyint "1" ],
| project (
| | select (
| | | table("sys"."second_decade") [ "second_decade"."stamp" as "splitted"."stamp" ] COUNT 
| | ) [ timestamp(7) "2009-01-01 00:00:00.000000" < "splitted"."stamp" <= timestamp(7) "2010-01-01 00:00:00.000000" BETWEEN  ]
| ) [ tinyint "1" ]
) [ "%5"."%5" NOT NULL ]

query T nosort
plan select 1 from splitted where stamp > TIMESTAMP '2009-01-01 00:00:00' and stamp <= TIMESTAMP '2020-01-01 00:00:00'
----
union (
| union (
| | project (
| | | select (
| | | | table("sys"."first_decade") [ "first_decade"."stamp" as "splitted"."stamp" ] COUNT 
| | | ) [ timestamp(7) "2009-01-01 00:00:00.000000" < "splitted"."stamp" <= timestamp(7) "2020-01-01 00:00:00.000000" BETWEEN  ]
| | ) [ tinyint "1" ],
| | project (
| | | select (
| | | | table("sys"."second_decade") [ "second_decade"."stamp" as "splitted"."stamp" ] COUNT 
| | | ) [ timestamp(7) "2009-01-01 00:00:00.000000" < "splitted"."stamp" <= timestamp(7) "2020-01-01 00:00:00.000000" BETWEEN  ]
| | ) [ tinyint "1" ]
| ) [ "%11"."%11" NOT NULL ],
| project (
| | select (
| | | table("sys"."third_decade") [ "third_decade"."stamp" as "splitted"."stamp" ] COUNT 
| | ) [ timestamp(7) "2009-01-01 00:00:00.000000" < "splitted"."stamp" <= timestamp(7) "2020-01-01 00:00:00.000000" BETWEEN  ]
| ) [ tinyint "1" ]
) [ "%10"."%10" NOT NULL ]

statement ok
CREATE TABLE fourth_decade (stamp TIMESTAMP, val INT)

statement ok
ALTER TABLE splitted ADD TABLE fourth_decade AS PARTITION FROM RANGE MINVALUE TO TIMESTAMP '2000-01-01 00:00:00'

statement ok rowcount 0
INSERT INTO splitted VALUES (TIMESTAMP '1999-01-01 00:00:00', 7)

query T nosort
plan select 1 from splitted where stamp >= TIMESTAMP '2000-01-01 00:00:00' and stamp <= TIMESTAMP '2001-01-01 00:00:00'
----
project (
| select (
| | table("sys"."first_decade") [ "first_decade"."stamp" as "splitted"."stamp" ] COUNT 
| ) [ timestamp(7) "2000-01-01 00:00:00.000000" <= "splitted"."stamp" <= timestamp(7) "2001-01-01 00:00:00.000000" BETWEEN  ]
) [ tinyint "1" ]

query T nosort
plan select 1 from splitted where stamp > TIMESTAMP '1999-01-01 00:00:00' and stamp <= TIMESTAMP '2001-01-01 00:00:00'
----
union (
| project (
| | select (
| | | table("sys"."first_decade") [ "first_decade"."stamp" as "splitted"."stamp" ] COUNT 
| | ) [ timestamp(7) "1999-01-01 00:00:00.000000" < "splitted"."stamp" <= timestamp(7) "2001-01-01 00:00:00.000000" BETWEEN  ]
| ) [ tinyint "1" ],
| project (
| | select (
| | | table("sys"."fourth_decade") [ "fourth_decade"."stamp" as "splitted"."stamp" ] COUNT 
| | ) [ timestamp(7) "1999-01-01 00:00:00.000000" < "splitted"."stamp" <= timestamp(7) "2001-01-01 00:00:00.000000" BETWEEN  ]
| ) [ tinyint "1" ]
) [ "%5"."%5" NOT NULL ]

query T nosort
plan select 1 from splitted where stamp = TIMESTAMP '2010-01-01 00:00:00'
----
project (
| select (
| | table("sys"."second_decade") [ "second_decade"."stamp" as "splitted"."stamp" ] COUNT 
| ) [ "splitted"."stamp" = timestamp(7) "2010-01-01 00:00:00.000000" ]
) [ tinyint "1" ]

query T nosort
plan select 1 from splitted where stamp = TIMESTAMP '2000-01-01 00:00:00'
----
project (
| select (
| | table("sys"."first_decade") [ "first_decade"."stamp" as "splitted"."stamp" ] COUNT 
| ) [ "splitted"."stamp" = timestamp(7) "2000-01-01 00:00:00.000000" ]
) [ tinyint "1" ]

statement ok
ALTER TABLE splitted DROP TABLE second_decade

statement ok
ALTER TABLE splitted DROP TABLE third_decade

statement ok
ALTER TABLE splitted DROP TABLE fourth_decade

query T nosort
plan select 1 from splitted where stamp = TIMESTAMP '2010-01-01 00:00:00'
----
project (
| select (
| |  [ boolean "true" ]
| ) [ boolean "false" ]
) [ tinyint "1" ]

query I rowsort
select 1 from splitted where stamp = TIMESTAMP '2010-01-01 00:00:00'
----

statement ok
CREATE MERGE TABLE splitted2 (stamp INT, val INT) PARTITION BY VALUES ON (stamp)

statement ok
CREATE TABLE first_decade2 (stamp INT, val INT)

statement ok
CREATE TABLE second_decade2 (stamp INT, val INT)

statement ok
CREATE TABLE third_decade2 (stamp INT, val INT)

statement ok
ALTER TABLE splitted2 ADD TABLE first_decade2 AS PARTITION IN (1,2)

statement ok
ALTER TABLE splitted2 ADD TABLE second_decade2 AS PARTITION IN (3,4) WITH NULL VALUES

statement ok
ALTER TABLE splitted2 ADD TABLE third_decade2 AS PARTITION IN (5,6,7)

statement ok rowcount 6
INSERT INTO splitted2 VALUES (1, 1), (2, 2), (3, 3), (4, 4), (5, 5), (6, 6)

query T nosort
plan select 1 from splitted2 where stamp = 5
----
project (
| select (
| | table("sys"."third_decade2") [ "third_decade2"."stamp" as "splitted2"."stamp" ] COUNT 
| ) [ "splitted2"."stamp" = int "5" ]
) [ tinyint "1" ]

query T nosort
plan select 1 from splitted2 where val = 1
----
union (
| union (
| | project (
| | | select (
| | | | table("sys"."first_decade2") [ "first_decade2"."val" as "splitted2"."val" ] COUNT 
| | | ) [ "splitted2"."val" = int "1" ]
| | ) [ tinyint "1" ],
| | project (
| | | select (
| | | | table("sys"."second_decade2") [ "second_decade2"."val" as "splitted2"."val" ] COUNT 
| | | ) [ "splitted2"."val" = int "1" ]
| | ) [ tinyint "1" ]
| ) [ "%11"."%11" NOT NULL ],
| project (
| | select (
| | | table("sys"."third_decade2") [ "third_decade2"."val" as "splitted2"."val" ] COUNT 
| | ) [ "splitted2"."val" = int "1" ]
| ) [ tinyint "1" ]
) [ "%10"."%10" NOT NULL ]

query T nosort
plan select 1 from splitted2 where stamp is null
----
project (
| select (
| | table("sys"."second_decade2") [ "second_decade2"."stamp" as "splitted2"."stamp" ] COUNT 
| ) [ "splitted2"."stamp" * = int "NULL" ]
) [ tinyint "1" ]

query T nosort
plan select 1 from splitted2 where stamp is null and stamp in (3,4,5)
----
project (
| select (
| |  [ boolean "true" ]
| ) [ boolean "false" ]
) [ tinyint "1" ]

query T nosort
plan select 1 from splitted2 where stamp is null and stamp in (5,6)
----
project (
| select (
| |  [ boolean "true" ]
| ) [ boolean "false" ]
) [ tinyint "1" ]

query T nosort
plan select 1 from splitted2 where stamp = 10
----
project (
| select (
| |  [ boolean "true" ]
| ) [ boolean "false" ]
) [ tinyint "1" ]

query I rowsort
select 1 from splitted2 where stamp = 10
----

query T nosort
plan select 1 from splitted2 where stamp in (2,1)
----
project (
| select (
| | table("sys"."first_decade2") [ "first_decade2"."stamp" as "splitted2"."stamp" ] COUNT 
| ) [ "splitted2"."stamp" in (int "2" as "%2"."%2", int "1" as "%3"."%3") ]
) [ tinyint "1" ]

query T nosort
plan select 1 from splitted2 where stamp in (4)
----
project (
| select (
| | table("sys"."second_decade2") [ "second_decade2"."stamp" as "splitted2"."stamp" ] COUNT 
| ) [ "splitted2"."stamp" = int "4" ]
) [ tinyint "1" ]

query T nosort
plan select 1 from splitted2 where stamp in (5,6) and stamp in (6,7)
----
project (
| select (
| | table("sys"."third_decade2") [ "third_decade2"."stamp" as "splitted2"."stamp" ] COUNT 
| ) [ "splitted2"."stamp" in (int "5" as "%2"."%2", int "6" as "%3"."%3"), "splitted2"."stamp" in (int "6" as "%5"."%5", int "7" as "%6"."%6") ]
) [ tinyint "1" ]

query T nosort
plan select 1 from splitted2 where stamp in (5,6) and stamp > 100
----
project (
| select (
| | table("sys"."third_decade2") [ "third_decade2"."stamp" as "splitted2"."stamp" ] COUNT 
| ) [ "splitted2"."stamp" > int "100", "splitted2"."stamp" in (int "5" as "%2"."%2", int "6" as "%3"."%3") ]
) [ tinyint "1" ]

query T nosort
plan select 1 from splitted2 where stamp in (1,2,3)
----
project (
| select (
| |  [ boolean "true" ]
| ) [ boolean "false" ]
) [ tinyint "1" ]

query T nosort
plan select 1 from splitted2 where stamp in (8,9)
----
project (
| select (
| |  [ boolean "true" ]
| ) [ boolean "false" ]
) [ tinyint "1" ]

query I rowsort
select 1 from splitted2 where stamp in (8,9)
----

statement ok
CREATE MERGE TABLE table1 (a int, b int) PARTITION BY RANGE ON (a)

statement ok
CREATE TABLE another1 (a int, b int)

statement ok
CREATE TABLE another2 (a int, b int)

statement ok
ALTER TABLE table1 ADD TABLE another1 AS PARTITION FROM 10 TO 10

statement ok
ALTER TABLE table1 ADD TABLE another2 AS PARTITION FROM 11 TO 11

query T nosort
plan select 1 from table1 where a = 10
----
project (
| select (
| | table("sys"."another1") [ "another1"."a" as "table1"."a" ] COUNT 
| ) [ "table1"."a" = int "10" ]
) [ tinyint "1" ]

query T nosort
plan select 1 from table1 where a = 11
----
project (
| select (
| | table("sys"."another2") [ "another2"."a" as "table1"."a" ] COUNT 
| ) [ "table1"."a" = int "11" ]
) [ tinyint "1" ]

query T nosort
plan select 1 from table1 where a = 10 or a = 11
----
union (
| project (
| | select (
| | | table("sys"."another1") [ "another1"."a" as "table1"."a" ] COUNT 
| | ) [ "table1"."a" in (int "10", int "11") ]
| ) [ tinyint "1" ],
| project (
| | select (
| | | table("sys"."another2") [ "another2"."a" as "table1"."a" ] COUNT 
| | ) [ "table1"."a" in (int "10", int "11") ]
| ) [ tinyint "1" ]
) [ "%5"."%5" NOT NULL ]

query T nosort
plan select 1 from table1 where a >= 10
----
union (
| project (
| | select (
| | | table("sys"."another1") [ "another1"."a" as "table1"."a" ] COUNT 
| | ) [ "table1"."a" >= int "10" ]
| ) [ tinyint "1" ],
| project (
| | select (
| | | table("sys"."another2") [ "another2"."a" as "table1"."a" ] COUNT 
| | ) [ "table1"."a" >= int "10" ]
| ) [ tinyint "1" ]
) [ "%5"."%5" NOT NULL ]

query T nosort
plan select 1 from table1 where a > 10
----
project (
| select (
| | table("sys"."another2") [ "another2"."a" as "table1"."a" ] COUNT 
| ) [ "table1"."a" > int "10" ]
) [ tinyint "1" ]

query T nosort
plan select 1 from table1 where a <= 10
----
project (
| select (
| | table("sys"."another1") [ "another1"."a" as "table1"."a" ] COUNT 
| ) [ "table1"."a" <= int "10" ]
) [ tinyint "1" ]

query T nosort
plan select 1 from table1 where a between 10 and 10
----
project (
| select (
| | table("sys"."another1") [ "another1"."a" as "table1"."a" ] COUNT 
| ) [ int "10" <= "table1"."a" <= int "10" BETWEEN  ]
) [ tinyint "1" ]

query T nosort
plan select 1 from table1 where a = 10 or b = 11
----
union (
| project (
| | select (
| | | table("sys"."another1") [ "another1"."a" as "table1"."a", "another1"."b" as "table1"."b" ] COUNT 
| | ) [ ("table1"."a" = int "10") or ("table1"."b" = int "11") ]
| ) [ tinyint "1" ],
| project (
| | select (
| | | table("sys"."another2") [ "another2"."a" as "table1"."a", "another2"."b" as "table1"."b" ] COUNT 
| | ) [ ("table1"."a" = int "10") or ("table1"."b" = int "11") ]
| ) [ tinyint "1" ]
) [ "%5"."%5" NOT NULL ]

query T nosort
plan select 1 from table1 where a not between 10 and 11
----
project (
| select (
| |  [ boolean "true" ]
| ) [ boolean "false" ]
) [ tinyint "1" ]

query T nosort
plan select 1 from table1 where a not between 10 and 10
----
project (
| select (
| | table("sys"."another2") [ "another2"."a" as "table1"."a" ] COUNT 
| ) [ int "10" ! <= "table1"."a" ! <= int "10" BETWEEN  ]
) [ tinyint "1" ]

statement ok
ROLLBACK

