statement ok
CREATE MERGE TABLE testvaluespartitions (a int, b varchar(32)) PARTITION BY VALUES ON (a)

statement ok
CREATE TABLE sublimits1 (a int, b varchar(32))

statement ok
CREATE TABLE sublimits2 (a int, b varchar(32))

statement ok
CREATE TABLE sublimits3 (a int, b varchar(32))

statement ok
ALTER TABLE testvaluespartitions ADD TABLE sublimits1 AS PARTITION IN ('1', '2', '3')

statement ok rowcount 1
INSERT INTO testvaluespartitions VALUES (1, 'first')

statement error
INSERT INTO testvaluespartitions VALUES (1000, 'ups')

statement ok
ALTER TABLE testvaluespartitions ADD TABLE sublimits2 AS PARTITION IN ('4', '5', '6') WITH NULL VALUES

statement error
ALTER TABLE testvaluespartitions ADD TABLE sublimits3 AS PARTITION FOR NULL VALUES

statement error
ALTER TABLE testvaluespartitions ADD TABLE sublimits3 AS PARTITION IN (NULL)

statement error
ALTER TABLE testvaluespartitions ADD TABLE sublimits3 AS PARTITION IN ('1')

statement ok
ALTER TABLE testvaluespartitions ADD TABLE sublimits3 AS PARTITION IN ('7', '8', '9')

statement ok rowcount 3
INSERT INTO testvaluespartitions VALUES (1, 'a'), (5, 'b'), (7, 'c')

statement ok rowcount 3
INSERT INTO testvaluespartitions VALUES (7, 'another'), (9, 'to'), (9, 'pass')

statement ok rowcount 1
INSERT INTO testvaluespartitions VALUES (3, 'mmm')

statement ok rowcount 2
INSERT INTO testvaluespartitions VALUES ('5', 'test'), (NULL, 'test')

statement error
INSERT INTO testvaluespartitions VALUES (100, 'I am going to no partition')

statement ok rowcount 1
INSERT INTO sublimits1 VALUES (1, 'another')

statement ok rowcount 1
INSERT INTO sublimits2 VALUES (NULL, 'successful')

statement ok rowcount 1
INSERT INTO sublimits3 VALUES (8, 'attempt')

statement error
INSERT INTO sublimits3 VALUES (1, 'fail')

statement error
INSERT INTO sublimits1 VALUES (NULL, 'again')

query IT rowsort
SELECT a,b FROM testvaluespartitions
----
1
a
1
another
1
first
3
mmm
5
b
5
test
7
another
7
c
8
attempt
9
pass
9
to
NULL
successful
NULL
test

query IT rowsort
SELECT a,b FROM sublimits1
----
1
a
1
another
1
first
3
mmm

query IT rowsort
SELECT a,b FROM sublimits2
----
5
b
5
test
NULL
successful
NULL
test

query IT rowsort
SELECT a,b FROM sublimits3
----
7
another
7
c
8
attempt
9
pass
9
to

statement ok
ALTER TABLE testvaluespartitions DROP TABLE sublimits1

statement ok
ALTER TABLE testvaluespartitions DROP TABLE sublimits2

statement ok
ALTER TABLE testvaluespartitions DROP TABLE sublimits3

statement ok
DROP TABLE testvaluespartitions

statement ok
DROP TABLE sublimits1

statement ok
DROP TABLE sublimits2

statement ok
DROP TABLE sublimits3

