statement ok
CREATE MERGE TABLE testme (a int, b varchar(32)) PARTITION BY RANGE USING (sys.md5(a))

statement ok
CREATE TABLE subtable1 (a int, b varchar(32))

statement ok
CREATE TABLE subtable2 (a int, b varchar(32))

query IT rowsort
SELECT column_id, expression FROM table_partitions
----
NULL
"sys"."md5"("a")

statement ok
ALTER TABLE testme ADD TABLE subtable1 AS PARTITION FROM '00000000000000000000000000000000' TO '7fffffffffffffffffffffffffffffff'

statement ok
ALTER TABLE testme ADD TABLE subtable2 AS PARTITION FROM '80000000000000000000000000000000' TO 'ffffffffffffffffffffffffffffffff'

statement ok rowcount 4
INSERT INTO testme VALUES (1, 'first'), (2000, 'second'), (3, 'third'), (4000, 'fourth')

query IT rowsort
SELECT a, b FROM testme
----
1
first
2000
second
3
third
4000
fourth

query IT rowsort
SELECT a, b FROM subtable1
----
2000
second
4000
fourth

query IT rowsort
SELECT a, b FROM subtable2
----
1
first
3
third

statement ok
ALTER TABLE testme DROP TABLE subtable1

statement ok
ALTER TABLE testme DROP TABLE subtable2

statement ok
DROP TABLE subtable1

statement ok
DROP TABLE subtable2

statement ok
DROP TABLE testme

query IT rowsort
SELECT column_id, expression FROM table_partitions
----

statement error
CREATE MERGE TABLE testme (a int, b varchar(32)) PARTITION BY RANGE USING (iamdummy(a))

statement ok
CREATE FUNCTION iamdummy(a int) RETURNS INT BEGIN RETURN a + 1; END

statement ok
CREATE MERGE TABLE testme (a int, b varchar(32)) PARTITION BY RANGE USING (sys.iamdummy(a))

statement ok
CREATE TABLE subtable1 (a int, b varchar(32))

statement ok
CREATE TABLE subtable2 (a int, b varchar(32))

statement ok
CREATE TABLE subtable3 (a int, b varchar(32))

statement ok
ALTER TABLE testme ADD TABLE subtable1 AS PARTITION FROM 11 TO 20

statement ok
ALTER TABLE testme ADD TABLE subtable2 AS PARTITION FROM 1 TO 10

statement error
ALTER TABLE testme ADD TABLE subtable3 AS PARTITION FROM 'abc' TO 'cde'

statement ok rowcount 4
INSERT INTO testme VALUES (1, 'first'), (10, 'second'), (2, 'third'), (15, 'fourth')

statement error
INSERT INTO testme VALUES (12, 'this'), (6, 'not'), (50, 'ok')

statement ok rowcount 1
INSERT INTO subtable1 VALUES (12, 'sixth')

statement error
INSERT INTO subtable1 VALUES (2, 'seventh')

query IT rowsort
SELECT a, b FROM testme
----
1
first
10
second
12
sixth
15
fourth
2
third

query IT rowsort
SELECT a, b FROM subtable1
----
10
second
12
sixth
15
fourth

query IT rowsort
SELECT a, b FROM subtable2
----
1
first
2
third

statement ok
ALTER TABLE testme DROP TABLE subtable1

statement ok
ALTER TABLE testme DROP TABLE subtable2

statement ok
DROP TABLE subtable1

statement ok
DROP TABLE subtable2

statement ok
DROP TABLE subtable3

statement ok
DROP TABLE testme

statement ok
DROP FUNCTION iamdummy

statement ok
CREATE FUNCTION iamdummy(a int, b int, c int) RETURNS INT BEGIN RETURN a + b + c; END

statement ok
CREATE MERGE TABLE testme(d int, e int, f int) PARTITION BY RANGE USING (sys.iamdummy(d, e, f))

query IT rowsort
SELECT column_id, expression FROM table_partitions
----
NULL
"sys"."iamdummy"("d","e","f")

statement ok
DROP TABLE testme

statement ok
DROP FUNCTION iamdummy

statement ok
CREATE FUNCTION iamdummy(a int) RETURNS INT BEGIN RETURN SELECT a UNION ALL SELECT a; END

statement ok
CREATE MERGE TABLE testme(a int) PARTITION BY RANGE USING (sys.iamdummy(a))

statement ok
CREATE TABLE subtable1 (a int)

statement ok
ALTER TABLE testme ADD TABLE subtable1 AS PARTITION FROM RANGE MINVALUE TO RANGE MAXVALUE

statement error
INSERT INTO testme VALUES (1)

statement ok
ALTER TABLE testme DROP TABLE subtable1

statement ok
DROP TABLE testme

statement ok
DROP TABLE subtable1

statement ok
DROP FUNCTION iamdummy

statement error
CREATE MERGE TABLE testme(a int) PARTITION BY RANGE USING (SUM(a))

statement error
CREATE MERGE TABLE testme(a int) PARTITION BY RANGE USING (AVG(a) OVER ())

