statement ok
CREATE MERGE TABLE testnestedpartitions (a int, b varchar(32)) PARTITION BY VALUES ON (a)

statement ok
CREATE MERGE TABLE subnested1 (a int, b varchar(32)) PARTITION BY RANGE ON (a)

statement ok
CREATE MERGE TABLE subnested2 (a int, b varchar(32)) PARTITION BY RANGE ON (a)

statement ok
CREATE TABLE subt1 (a int, b varchar(32))

statement ok
CREATE TABLE subt2 (a int, b varchar(32))

statement ok
CREATE TABLE subt3 (a int, b varchar(32))

statement ok
CREATE TABLE subt4 (a int, b varchar(32))

statement error
INSERT INTO testnestedpartitions VALUES (1, 'ups')

statement error
ALTER TABLE testnestedpartitions ADD TABLE subnested1 AS PARTITION IN ('1', '2', '3')

statement ok
ALTER TABLE subnested1 ADD TABLE subt1 AS PARTITION FROM '-1' TO '2'

statement ok
ALTER TABLE testnestedpartitions ADD TABLE subnested1 AS PARTITION IN ('1', '2', '3')

statement error
INSERT INTO subnested1 VALUES (-1, 'ups')

statement ok rowcount 1
INSERT INTO subnested1 VALUES (1, 'ok')

statement ok rowcount 1
INSERT INTO testnestedpartitions VALUES (1, 'ok')

statement error
INSERT INTO testnestedpartitions VALUES (3, 'ups')

statement ok
ALTER TABLE subnested1 DROP TABLE subt1

statement ok
ALTER TABLE subnested1 ADD TABLE subt1 AS PARTITION FROM '0' TO '100'

statement ok rowcount 1
INSERT INTO testnestedpartitions VALUES (1, 'ok')

query IT rowsort
SELECT a, b FROM testnestedpartitions
----
1
ok
1
ok
1
ok

query IT rowsort
SELECT a, b FROM subnested1
----
1
ok
1
ok
1
ok

query IT rowsort
SELECT a, b FROM subt1
----
1
ok
1
ok
1
ok

statement error
ALTER TABLE testnestedpartitions ADD TABLE subnested2 AS PARTITION IN ('3', '4', '5')

statement ok
ALTER TABLE subnested2 ADD TABLE subt2 AS PARTITION FROM '5' TO '99'

statement error
ALTER TABLE testnestedpartitions ADD TABLE subnested2 AS PARTITION IN ('3', '4', '5')

statement ok
ALTER TABLE testnestedpartitions ADD TABLE subnested2 AS PARTITION IN ('4', '5', '6') WITH NULL VALUES

statement ok rowcount 2
INSERT INTO testnestedpartitions VALUES (2, 'going'), (5, 'through')

statement error
INSERT INTO testnestedpartitions VALUES (4, 'not'), (2, 'going'), (5, 'through')

query IT rowsort
SELECT a, b FROM testnestedpartitions
----
1
ok
1
ok
1
ok
2
going
5
through

query IT rowsort
SELECT a, b FROM subnested1
----
1
ok
1
ok
1
ok
2
going

query IT rowsort
SELECT a, b FROM subnested2
----
5
through

query IT rowsort
SELECT a, b FROM subt1
----
1
ok
1
ok
1
ok
2
going

query IT rowsort
SELECT a, b FROM subt2
----
5
through

statement error
ALTER TABLE subnested1 ADD TABLE subt3 AS PARTITION FROM '1' TO '200'

statement ok
ALTER TABLE subnested1 ADD TABLE subt3 AS PARTITION FROM '101' TO '200'

statement ok
ALTER TABLE subnested2 ADD TABLE subt4 AS PARTITION FROM '100' TO '200' WITH NULL VALUES

statement ok rowcount 5
TRUNCATE testnestedpartitions

query I rowsort
SELECT count(*) FROM testnestedpartitions
----
0

query I rowsort
SELECT count(*) FROM subnested1
----
0

query I rowsort
SELECT count(*) FROM subnested2
----
0

query I rowsort
SELECT count(*) FROM subt1
----
0

query I rowsort
SELECT count(*) FROM subt2
----
0

statement ok rowcount 4
INSERT INTO testnestedpartitions VALUES (1, 'another'), (1, 'test'), (5, 'to'), (5, 'go')

statement ok rowcount 2
TRUNCATE subnested1

query I rowsort
SELECT count(*) FROM testnestedpartitions
----
2

query I rowsort
SELECT count(*) FROM subnested1
----
0

query I rowsort
SELECT count(*) FROM subnested2
----
2

query I rowsort
SELECT count(*) FROM subt1
----
0

query I rowsort
SELECT count(*) FROM subt2
----
2

query I rowsort
SELECT count(*) FROM subt3
----
0

query I rowsort
SELECT count(*) FROM subt4
----
0

statement ok
ALTER TABLE subnested1 DROP TABLE subt1

statement ok
ALTER TABLE subnested1 DROP TABLE subt3

statement ok
ALTER TABLE subnested2 DROP TABLE subt2

statement ok
ALTER TABLE subnested2 DROP TABLE subt4

statement ok
ALTER TABLE testnestedpartitions DROP TABLE subnested1

statement ok
ALTER TABLE testnestedpartitions DROP TABLE subnested2

statement ok
DROP TABLE testnestedpartitions

statement ok
DROP TABLE subnested1

statement ok
DROP TABLE subnested2

statement ok
DROP TABLE subt1

statement ok
DROP TABLE subt2

statement ok
DROP TABLE subt3

statement ok
DROP TABLE subt4

