statement ok
CREATE MERGE TABLE table1 (a int) PARTITION BY RANGE ON (a)

statement ok
CREATE TABLE another1 (a int)

statement ok
CREATE TABLE another2 (a int)

statement ok
CREATE TABLE another3 (a int)

statement ok
ALTER TABLE table1 ADD TABLE another1 AS PARTITION FROM 10 TO 10

statement ok rowcount 1
insert into table1 values (10)

statement error
insert into table1 values (11)

statement error
insert into another1 values (11)

statement ok rowcount 1
insert into another1 values (10)

statement error
ALTER TABLE table1 ADD TABLE another2 AS PARTITION FROM 10 TO 11

statement ok
ALTER TABLE table1 ADD TABLE another2 AS PARTITION FROM 11 TO 11

statement error
ALTER TABLE table1 ADD TABLE another3 AS PARTITION FROM 11 TO 12

statement error
ALTER TABLE table1 ADD TABLE another3 AS PARTITION FROM 10 TO RANGE MAXVALUE

statement error
ALTER TABLE table1 ADD TABLE another3 AS PARTITION FROM 11 TO RANGE MAXVALUE

statement ok rowcount 1
insert into table1 values (11)

statement ok rowcount 1
insert into table1 values (10)

statement error
insert into another2 values (10)

statement ok rowcount 1
insert into another2 values (11)

query I rowsort
SELECT * FROM table1
----
10
10
10
11
11

query I rowsort
SELECT * FROM another1
----
10
10
10

query I rowsort
SELECT * FROM another2
----
11
11

statement ok
ALTER TABLE table1 DROP TABLE another1

statement ok
ALTER TABLE table1 DROP TABLE another2

statement ok
DROP TABLE another1

statement ok
DROP TABLE another2

statement ok
DROP TABLE another3

statement ok
DROP TABLE table1

