statement ok
CREATE MERGE TABLE listparts (b varchar(32)) PARTITION BY RANGE ON (b)

statement ok
CREATE TABLE subtable1 (b varchar(32))

statement ok
ALTER TABLE listparts ADD TABLE subtable1 AS PARTITION FROM RANGE MINVALUE TO 'something'

statement error
ALTER TABLE listparts ADD TABLE subtable1 AS PARTITION FROM 'else' TO RANGE MAXVALUE

statement error
ALTER TABLE listparts ADD TABLE subtable1 AS PARTITION FROM RANGE MINVALUE TO RANGE MAXVALUE

query TT rowsort
SELECT minimum, maximum FROM range_partitions
----
NULL
something

statement error
ALTER TABLE listparts ADD TABLE subtable1 AS PARTITION FROM 'hello' TO 'world'

query TT rowsort
SELECT minimum, maximum FROM range_partitions
----
NULL
something

statement ok
ALTER TABLE listparts DROP TABLE subtable1

statement ok
ALTER TABLE listparts ADD TABLE subtable1 AS PARTITION FROM '"hello"' TO '"world"'

query TT rowsort
SELECT minimum, maximum FROM range_partitions
----
"hello"
"world"

statement ok
ALTER TABLE listparts DROP TABLE subtable1

statement error
ALTER TABLE listparts ADD TABLE subtable1 AS PARTITION FROM 'hello"' TO '"world'

query TT rowsort
SELECT minimum, maximum FROM range_partitions
----

statement error
ALTER TABLE listparts DROP TABLE subtable1

statement ok rowcount 1
INSERT INTO subtable1 VALUES ('wrong')

statement error
ALTER TABLE listparts ADD TABLE subtable1 AS PARTITION FROM '"hello' TO 'world"'

query TT rowsort
SELECT minimum, maximum FROM range_partitions
----

statement ok
DROP TABLE listparts

statement ok
DROP TABLE subtable1

statement ok
CREATE MERGE TABLE testtimestamps (b timestamp) PARTITION BY RANGE ON (b)

statement ok
CREATE TABLE subtime (b timestamp)

statement error
ALTER TABLE testtimestamps ADD TABLE subtime AS PARTITION FROM timestamp '2002-01-01 00:00' TO timestamp '2001-01-01 00:00'

statement ok
ALTER TABLE testtimestamps ADD TABLE subtime AS PARTITION FROM RANGE MINVALUE TO RANGE MAXVALUE

statement ok
ALTER TABLE testtimestamps DROP TABLE subtime

statement ok rowcount 1
INSERT INTO subtime VALUES (timestamp '2018-02-01 00:00')

statement ok
ALTER TABLE testtimestamps ADD TABLE subtime AS PARTITION FROM timestamp '2018-01-01 00:00' TO timestamp '2019-01-01 00:00'

statement ok
ALTER TABLE testtimestamps DROP TABLE subtime

statement ok rowcount 1
DELETE FROM subtime

statement ok rowcount 1
INSERT INTO subtime VALUES (timestamp '2050-01-01 00:00')

statement error
ALTER TABLE testtimestamps ADD TABLE subtime AS PARTITION FROM timestamp '2048-01-01 00:00' TO timestamp '2049-01-01 00:00'

statement ok
DROP TABLE testtimestamps

statement ok
DROP TABLE subtime

statement ok
CREATE MERGE TABLE testrangelimits (a int) PARTITION BY RANGE ON (a)

statement ok
CREATE TABLE sublimits (a int)

statement ok
ALTER TABLE testrangelimits ADD TABLE sublimits AS PARTITION FROM RANGE MINVALUE TO RANGE MAXVALUE

statement ok
ALTER TABLE testrangelimits DROP TABLE sublimits

statement ok rowcount 1
INSERT INTO sublimits VALUES (-1)

statement ok
ALTER TABLE testrangelimits ADD TABLE sublimits AS PARTITION FROM RANGE MINVALUE TO 0

statement ok
ALTER TABLE testrangelimits DROP TABLE sublimits

statement ok rowcount 1
INSERT INTO sublimits VALUES (0)

statement error
ALTER TABLE testrangelimits ADD TABLE sublimits AS PARTITION FROM RANGE MINVALUE TO 0

statement ok
DROP TABLE testrangelimits

statement ok
DROP TABLE sublimits

