statement ok
CREATE MERGE TABLE testme (a int, b varchar(32)) PARTITION BY VALUES ON (a)

statement ok
CREATE TABLE subt1 (a int, b varchar(32))

statement ok
CREATE TABLE subt2 (a int, b varchar(32))

statement ok
ALTER TABLE testme ADD TABLE subt2 AS PARTITION IN ('11', '12', '13')

statement error
ALTER TABLE testme SET TABLE subt1 AS PARTITION IN ('21', '22', '23')

statement ok
ALTER TABLE testme ADD TABLE subt1 AS PARTITION IN ('21', '22', '23')

query T rowsort
SELECT value FROM value_partitions
----
11
12
13
21
22
23

statement ok rowcount 1
INSERT INTO testme VALUES (23, 'iam')

statement ok rowcount 1
INSERT INTO subt1 VALUES (23, 'ok')

query IT rowsort
SELECT a, b FROM testme
----
23
iam
23
ok

query IT rowsort
SELECT a, b FROM subt1
----
23
iam
23
ok

query IT rowsort
SELECT a, b FROM subt2
----

statement error
ALTER TABLE testme SET TABLE subt1 AS PARTITION IN ('44', '45', '46')

statement ok rowcount 2
DELETE FROM testme

statement ok
ALTER TABLE testme SET TABLE subt1 AS PARTITION IN ('31', '32', '33')

query T rowsort
SELECT value FROM value_partitions
----
11
12
13
31
32
33

statement error
INSERT INTO testme VALUES (1, 'wrong')

statement error
INSERT INTO subt1 VALUES (1, 'insert')

statement ok rowcount 3
INSERT INTO testme VALUES (31, 'still'), (11, 'going'), (12, 'elsewhere')

statement ok rowcount 1
INSERT INTO subt1 VALUES (32, 'ok')

statement ok
START TRANSACTION

statement ok
ALTER TABLE testme SET TABLE subt1 AS PARTITION IN ('31', '32', '33', '51', '52', '53')

query T rowsort
SELECT value FROM value_partitions
----
11
12
13
31
32
33
51
52
53

statement ok rowcount 1
INSERT INTO testme VALUES (52, 'third')

statement error
INSERT INTO subt1 VALUES (60, 'wrong')

statement ok
ROLLBACK

query T rowsort
SELECT value FROM value_partitions
----
11
12
13
31
32
33

statement error
INSERT INTO testme VALUES (51, 'wrong')

statement error
INSERT INTO subt1 VALUES (53, 'again')

statement ok rowcount 1
INSERT INTO testme VALUES (33, 'alright')

statement ok rowcount 1
INSERT INTO subt1 VALUES (32, 'done')

query IT rowsort
SELECT a, b FROM testme
----
11
going
12
elsewhere
31
still
32
done
32
ok
33
alright

query IT rowsort
SELECT a, b FROM subt1
----
31
still
32
done
32
ok
33
alright

query IT rowsort
SELECT a, b FROM subt2
----
11
going
12
elsewhere

statement ok
ALTER TABLE testme DROP TABLE subt1

statement ok
ALTER TABLE testme DROP TABLE subt2

statement ok
DROP TABLE subt1

statement ok
DROP TABLE subt2

statement ok
DROP TABLE testme

